Gene,Status,Expressed_Allele,Sample,Group,Maternal,Paternal,Total_Count,AER,Observed_Expression,log2_total_count
Adam23,Imprinted,Paternal,WT_M1,WT Male,8669,10516,19185,-0.09627313004951785,Not Imprinted,14.227766341646404
Adam23,Imprinted,Paternal,WT_M2,WT Male,12231,15193,27424,-0.10800758459743291,Not Imprinted,14.743204000177917
Adam23,Imprinted,Paternal,WT_M3,WT Male,5308,6462,11770,-0.09804587935429057,Not Imprinted,13.522949268639264
Adam23,Imprinted,Paternal,WT_F1,WT Female,7596,9544,17140,-0.11365227537922987,Not Imprinted,14.065163657783812
Adam23,Imprinted,Paternal,WT_F2,WT Female,6855,8540,15395,-0.10945112049366677,Not Imprinted,13.91026795581084
Adam23,Imprinted,Paternal,WT_F3,WT Female,8078,9448,17526,-0.07816957662900834,Not Imprinted,14.097291458618448
Adam23,Imprinted,Paternal,HT_F1,HT Female,9853,13244,23097,-0.14681560375806382,Not Imprinted,14.49548031712162
Adam23,Imprinted,Paternal,HT_F2,HT Female,5361,7861,13222,-0.18907880804719407,Not Imprinted,13.690761908445975
Adam23,Imprinted,Paternal,HT_F3,HT Female,8059,10198,18257,-0.11716054116229392,Not Imprinted,14.156241119235752
Adam23,Imprinted,Paternal,KO_M1,KO Male,3192,4003,7195,-0.11271716469770673,Not Imprinted,12.812979471251483
Adam23,Imprinted,Paternal,KO_M2,KO Male,6158,8163,14321,-0.14000418965156064,Not Imprinted,13.805945351802933
Adam23,Imprinted,Paternal,KO_M3,KO Male,6046,8694,14740,-0.1796472184531886,Not Imprinted,13.847546776852514
Ampd3,Imprinted,Maternal,WT_M1,WT Male,738,581,1319,0.11902956785443518,Not Imprinted,10.366322214245816
Ampd3,Imprinted,Maternal,WT_M2,WT Male,1199,940,2139,0.12108461898083217,Not Imprinted,11.06339508128851
Ampd3,Imprinted,Maternal,WT_M3,WT Male,409,509,918,-0.10893246187363835,Not Imprinted,9.843921051289035
Ampd3,Imprinted,Maternal,WT_F1,WT Female,528,685,1213,-0.12943116240725475,Not Imprinted,10.245552706255681
Ampd3,Imprinted,Maternal,WT_F2,WT Female,587,621,1208,-0.028145695364238412,Not Imprinted,10.239598529249124
Ampd3,Imprinted,Maternal,WT_F3,WT Female,712,959,1671,-0.1478156792339916,Not Imprinted,10.707359132080883
Ampd3,Imprinted,Maternal,HT_F1,HT Female,1478,1381,2859,0.033927946834557535,Not Imprinted,11.481799431665753
Ampd3,Imprinted,Maternal,HT_F2,HT Female,637,903,1540,-0.17272727272727273,Not Imprinted,10.589651146514786
Ampd3,Imprinted,Maternal,HT_F3,HT Female,415,726,1141,-0.27256792287467135,Not Imprinted,10.157346935362844
Ampd3,Imprinted,Maternal,KO_M1,KO Male,474,516,990,-0.04242424242424243,Not Imprinted,9.952741247186488
Ampd3,Imprinted,Maternal,KO_M2,KO Male,929,741,1670,0.1125748502994012,Not Imprinted,10.706496018061188
Ampd3,Imprinted,Maternal,KO_M3,KO Male,795,772,1567,0.014677728142948309,Not Imprinted,10.614709844115207
Ano1,Imprinted,Maternal,WT_M1,WT Male,52,110,162,-0.35802469135802467,Not Imprinted,7.348728154231077
Ano1,Imprinted,Maternal,WT_M2,WT Male,198,167,365,0.08493150684931507,Not Imprinted,8.515699838284043
Ano1,Imprinted,Maternal,WT_M3,WT Male,121,0,121,1,Maternal,6.930737337562887
Ano1,Imprinted,Maternal,WT_F1,WT Female,74,139,213,-0.3051643192488263,Not Imprinted,7.741466986401147
Ano1,Imprinted,Maternal,WT_F2,WT Female,59,117,176,-0.32954545454545453,Not Imprinted,7.467605550082998
Ano1,Imprinted,Maternal,WT_F3,WT Female,84,162,246,-0.3170731707317073,Not Imprinted,7.948367231584678
Ano1,Imprinted,Maternal,HT_F1,HT Female,156,205,361,-0.13573407202216067,Not Imprinted,8.499845887083206
Ano1,Imprinted,Maternal,HT_F2,HT Female,81,80,161,0.006211180124223602,Not Imprinted,7.339850002884624
Ano1,Imprinted,Maternal,HT_F3,HT Female,90,127,217,-0.17050691244239632,Not Imprinted,7.768184324776926
Ano1,Imprinted,Maternal,KO_M1,KO Male,27,93,120,-0.55,Not Imprinted,6.918863237274595
Ano1,Imprinted,Maternal,KO_M2,KO Male,65,116,181,-0.281767955801105,Not Imprinted,7.507794640198696
Ano1,Imprinted,Maternal,KO_M3,KO Male,43,92,135,-0.362962962962963,Not Imprinted,7.087462841250339
Aqp1,Imprinted,Maternal,WT_M1,WT Male,1222,1030,2252,0.0852575488454707,Not Imprinted,11.137631598235428
Aqp1,Imprinted,Maternal,WT_M2,WT Male,1127,1113,2240,0.00625,Not Imprinted,11.129926933510394
Aqp1,Imprinted,Maternal,WT_M3,WT Male,751,757,1508,-0.003978779840848806,Not Imprinted,10.559377090526683
Aqp1,Imprinted,Maternal,WT_F1,WT Female,1995,1675,3670,0.08719346049046321,Not Imprinted,11.841957399099547
Aqp1,Imprinted,Maternal,WT_F2,WT Female,66,0,66,1,Maternal,6.066089190457772
Aqp1,Imprinted,Maternal,WT_F3,WT Female,1351,1181,2532,0.06714060031595577,Not Imprinted,11.306631361712501
Aqp1,Imprinted,Maternal,HT_F1,HT Female,1472,1141,2613,0.12667432070417145,Not Imprinted,11.352043425795433
Aqp1,Imprinted,Maternal,HT_F2,HT Female,234,297,531,-0.11864406779661017,Not Imprinted,9.055282435501189
Aqp1,Imprinted,Maternal,HT_F3,HT Female,55,55,110,0,Not Imprinted,6.794415866350106
Aqp1,Imprinted,Maternal,KO_M1,KO Male,539,369,908,0.18722466960352424,Not Imprinted,9.828136484194108
Aqp1,Imprinted,Maternal,KO_M2,KO Male,34,0,34,1,Maternal,5.129283016944966
Aqp1,Imprinted,Maternal,KO_M3,KO Male,53,0,53,1,Maternal,5.754887502163468
Asb4,Imprinted,Maternal,WT_M1,WT Male,7,0,7,1,Maternal,3
Asb4,Imprinted,Maternal,WT_M2,WT Male,24,0,24,1,Maternal,4.643856189774724
Asb4,Imprinted,Maternal,WT_M3,WT Male,3,0,3,1,Maternal,2
Asb4,Imprinted,Maternal,WT_F1,WT Female,43,0,43,1,Maternal,5.459431618637297
Asb4,Imprinted,Maternal,WT_F2,WT Female,30,0,30,1,Maternal,4.954196310386875
Asb4,Imprinted,Maternal,WT_F3,WT Female,42,0,42,1,Maternal,5.426264754702098
Asb4,Imprinted,Maternal,HT_F1,HT Female,72,0,72,1,Maternal,6.189824558880018
Asb4,Imprinted,Maternal,HT_F2,HT Female,11,0,11,1,Maternal,3.584962500721156
Asb4,Imprinted,Maternal,HT_F3,HT Female,14,0,14,1,Maternal,3.9068905956085187
Asb4,Imprinted,Maternal,KO_M1,KO Male,7,0,7,1,Maternal,3
Asb4,Imprinted,Maternal,KO_M2,KO Male,22,0,22,1,Maternal,4.523561956057013
Asb4,Imprinted,Maternal,KO_M3,KO Male,8,0,8,1,Maternal,3.169925001442312
Ascl2,Imprinted,Maternal,WT_M1,WT Male,3,0,3,1,Maternal,2
Ascl2,Imprinted,Maternal,WT_M2,WT Male,10,0,10,1,Maternal,3.4594316186372973
Ascl2,Imprinted,Maternal,WT_M3,WT Male,1,0,1,1,Maternal,1
Ascl2,Imprinted,Maternal,WT_F1,WT Female,5,0,5,1,Maternal,2.584962500721156
Ascl2,Imprinted,Maternal,WT_F2,WT Female,5,0,5,1,Maternal,2.584962500721156
Ascl2,Imprinted,Maternal,WT_F3,WT Female,9,0,9,1,Maternal,3.321928094887362
Ascl2,Imprinted,Maternal,HT_F1,HT Female,13,0,13,1,Maternal,3.807354922057604
Ascl2,Imprinted,Maternal,HT_F2,HT Female,3,0,3,1,Maternal,2
Ascl2,Imprinted,Maternal,HT_F3,HT Female,7,0,7,1,Maternal,3
Ascl2,Imprinted,Maternal,KO_M1,KO Male,5,0,5,1,Maternal,2.584962500721156
Ascl2,Imprinted,Maternal,KO_M2,KO Male,1,0,1,1,Maternal,1
Ascl2,Imprinted,Maternal,KO_M3,KO Male,9,0,9,1,Maternal,3.321928094887362
Axl,Imprinted,Maternal,WT_M1,WT Male,1774,1459,3233,0.09743272502319827,Not Imprinted,11.659103963473662
Axl,Imprinted,Maternal,WT_M2,WT Male,2430,2350,4780,0.016736401673640166,Not Imprinted,12.223096690347695
Axl,Imprinted,Maternal,WT_M3,WT Male,1202,898,2100,0.14476190476190476,Not Imprinted,11.036860446673046
Axl,Imprinted,Maternal,WT_F1,WT Female,1618,1224,2842,0.1386347642505278,Not Imprinted,11.473198383677527
Axl,Imprinted,Maternal,WT_F2,WT Female,1590,1150,2740,0.16058394160583941,Not Imprinted,11.420486612825774
Axl,Imprinted,Maternal,WT_F3,WT Female,1687,1592,3279,0.028972247636474536,Not Imprinted,11.679480099505446
Axl,Imprinted,Maternal,HT_F1,HT Female,2579,2407,4986,0.03449659045326915,Not Imprinted,12.283956487665113
Axl,Imprinted,Maternal,HT_F2,HT Female,1692,1444,3136,0.07908163265306123,Not Imprinted,11.615169813843602
Axl,Imprinted,Maternal,HT_F3,HT Female,1702,1398,3100,0.09806451612903226,Not Imprinted,11.598517810612622
Axl,Imprinted,Maternal,KO_M1,KO Male,1483,1254,2737,0.08366824990865912,Not Imprinted,11.4189067312579
Axl,Imprinted,Maternal,KO_M2,KO Male,1682,1575,3257,0.032852318084126496,Not Imprinted,11.669770888525518
Axl,Imprinted,Maternal,KO_M3,KO Male,1824,1568,3392,0.07547169811320754,Not Imprinted,11.728345714710978
Begain,Imprinted - Isoform Dependent,Paternal,WT_M1,WT Male,2335,2965,5300,-0.11886792452830189,Not Imprinted,12.372048825272772
Begain,Imprinted - Isoform Dependent,Paternal,WT_M2,WT Male,1939,6415,8354,-0.5357912377304286,Not Imprinted,13.02842411294855
Begain,Imprinted - Isoform Dependent,Paternal,WT_M3,WT Male,1797,2500,4297,-0.1636025133814289,Not Imprinted,12.069449767427784
Begain,Imprinted - Isoform Dependent,Paternal,WT_F1,WT Female,959,3746,4705,-0.5923485653560042,Not Imprinted,12.200285605224298
Begain,Imprinted - Isoform Dependent,Paternal,WT_F2,WT Female,2284,2781,5065,-0.09812438302073051,Not Imprinted,12.306631361712501
Begain,Imprinted - Isoform Dependent,Paternal,WT_F3,WT Female,1243,4611,5854,-0.5753331055688418,Not Imprinted,12.515453455388577
Begain,Imprinted - Isoform Dependent,Paternal,HT_F1,HT Female,3035,5586,8621,-0.29590534740749336,Not Imprinted,13.073806847178492
Begain,Imprinted - Isoform Dependent,Paternal,HT_F2,HT Female,2028,3297,5325,-0.23830985915492958,Not Imprinted,12.378836713210614
Begain,Imprinted - Isoform Dependent,Paternal,HT_F3,HT Female,654,3604,4258,-0.6928135274776891,Not Imprinted,12.056299014550337
Begain,Imprinted - Isoform Dependent,Paternal,KO_M1,KO Male,1141,4298,5439,-0.5804375804375804,Not Imprinted,12.409390936137703
Begain,Imprinted - Isoform Dependent,Paternal,KO_M2,KO Male,1098,3888,4986,-0.5595667870036101,Not Imprinted,12.283956487665113
Begain,Imprinted - Isoform Dependent,Paternal,KO_M3,KO Male,820,4559,5379,-0.6951106153560141,Not Imprinted,12.393390457443987
Blcap,Imprinted - Isoform Dependent,Maternal,WT_M1,WT Male,2726,2341,5067,0.07598184329978291,Not Imprinted,12.30720080914081
Blcap,Imprinted - Isoform Dependent,Maternal,WT_M2,WT Male,5070,3431,8501,0.19280084695918126,Not Imprinted,13.053586543639176
Blcap,Imprinted - Isoform Dependent,Maternal,WT_M3,WT Male,2440,1490,3930,0.24173027989821882,Not Imprinted,11.940680648424093
Blcap,Imprinted - Isoform Dependent,Maternal,WT_F1,WT Female,3595,2325,5920,0.21452702702702703,Not Imprinted,12.531625138422624
Blcap,Imprinted - Isoform Dependent,Maternal,WT_F2,WT Female,3357,1839,5196,0.2921478060046189,Not Imprinted,12.343463343667903
Blcap,Imprinted - Isoform Dependent,Maternal,WT_F3,WT Female,4480,2345,6825,0.3128205128205128,Not Imprinted,12.736824699098866
Blcap,Imprinted - Isoform Dependent,Maternal,HT_F1,HT Female,7593,3493,11086,0.36983582897348005,Not Imprinted,13.43658142308045
Blcap,Imprinted - Isoform Dependent,Maternal,HT_F2,HT Female,3918,2085,6003,0.3053473263368316,Not Imprinted,12.55170826162069
Blcap,Imprinted - Isoform Dependent,Maternal,HT_F3,HT Female,2389,1945,4334,0.10244577757268113,Not Imprinted,12.081816278109198
Blcap,Imprinted - Isoform Dependent,Maternal,KO_M1,KO Male,2474,1193,3667,0.34933187892009815,Not Imprinted,11.840777923595054
Blcap,Imprinted - Isoform Dependent,Maternal,KO_M2,KO Male,3671,1989,5660,0.29717314487632507,Not Imprinted,12.466841208321602
Blcap,Imprinted - Isoform Dependent,Maternal,KO_M3,KO Male,3372,2078,5450,0.23743119266055046,Not Imprinted,12.412305204955272
Calcr,Imprinted,Maternal,WT_M1,WT Male,13,0,13,1,Maternal,3.807354922057604
Calcr,Imprinted,Maternal,WT_M2,WT Male,9,0,9,1,Maternal,3.321928094887362
Calcr,Imprinted,Maternal,WT_M3,WT Male,0,0,0,NA,No Expression,0
Calcr,Imprinted,Maternal,WT_F1,WT Female,18,0,18,1,Maternal,4.247927513443585
Calcr,Imprinted,Maternal,WT_F2,WT Female,3,0,3,1,Maternal,2
Calcr,Imprinted,Maternal,WT_F3,WT Female,37,0,37,1,Maternal,5.247927513443585
Calcr,Imprinted,Maternal,HT_F1,HT Female,469,0,469,1,Maternal,8.876516946565
Calcr,Imprinted,Maternal,HT_F2,HT Female,1,0,1,1,Maternal,1
Calcr,Imprinted,Maternal,HT_F3,HT Female,1,0,1,1,Maternal,1
Calcr,Imprinted,Maternal,KO_M1,KO Male,47,0,47,1,Maternal,5.584962500721156
Calcr,Imprinted,Maternal,KO_M2,KO Male,14,0,14,1,Maternal,3.9068905956085187
Calcr,Imprinted,Maternal,KO_M3,KO Male,3,0,3,1,Maternal,2
Ccdc40,Imprinted,Paternal,WT_M1,WT Male,78,91,169,-0.07692307692307693,Not Imprinted,7.409390936137702
Ccdc40,Imprinted,Paternal,WT_M2,WT Male,139,125,264,0.05303030303030303,Not Imprinted,8.049848549450562
Ccdc40,Imprinted,Paternal,WT_M3,WT Male,59,49,108,0.09259259259259259,Not Imprinted,6.768184324776926
Ccdc40,Imprinted,Paternal,WT_F1,WT Female,208,168,376,0.10638297872340426,Not Imprinted,8.558420713268664
Ccdc40,Imprinted,Paternal,WT_F2,WT Female,96,38,134,0.43283582089552236,Not Imprinted,7.076815597050831
Ccdc40,Imprinted,Paternal,WT_F3,WT Female,82,110,192,-0.14583333333333334,Not Imprinted,7.592457037268081
Ccdc40,Imprinted,Paternal,HT_F1,HT Female,274,193,467,0.1734475374732334,Not Imprinted,8.870364719583405
Ccdc40,Imprinted,Paternal,HT_F2,HT Female,145,104,249,0.1646586345381526,Not Imprinted,7.965784284662087
Ccdc40,Imprinted,Paternal,HT_F3,HT Female,85,0,85,1,Maternal,6.426264754702098
Ccdc40,Imprinted,Paternal,KO_M1,KO Male,73,76,149,-0.020134228187919462,Not Imprinted,7.22881869049588
Ccdc40,Imprinted,Paternal,KO_M2,KO Male,82,49,131,0.25190839694656486,Not Imprinted,7.044394119358453
Ccdc40,Imprinted,Paternal,KO_M3,KO Male,75,16,91,0.6483516483516484,Not Imprinted,6.523561956057013
Cd81,Imprinted,Maternal,WT_M1,WT Male,7968,6011,13979,0.13999570784748552,Not Imprinted,13.7710767402628
Cd81,Imprinted,Maternal,WT_M2,WT Male,12089,10045,22134,0.09234661606578115,Not Imprinted,14.434041752985229
Cd81,Imprinted,Maternal,WT_M3,WT Male,7087,3646,10733,0.3206000186341191,Not Imprinted,13.389900172773064
Cd81,Imprinted,Maternal,WT_F1,WT Female,10977,5399,16376,0.34062042012701516,Not Imprinted,13.999383482467573
Cd81,Imprinted,Maternal,WT_F2,WT Female,7469,6067,13536,0.10357565011820331,Not Imprinted,13.724620431263602
Cd81,Imprinted,Maternal,WT_F3,WT Female,10554,6805,17359,0.21596866178927357,Not Imprinted,14.083479327331842
Cd81,Imprinted,Maternal,HT_F1,HT Female,13805,10021,23826,0.15881809787626963,Not Imprinted,14.540309696265187
Cd81,Imprinted,Maternal,HT_F2,HT Female,9248,5255,14503,0.2753223471005999,Not Imprinted,13.824163209744158
Cd81,Imprinted,Maternal,HT_F3,HT Female,8018,5411,13429,0.19413210216695212,Not Imprinted,13.713171684314805
Cd81,Imprinted,Maternal,KO_M1,KO Male,6426,4152,10578,0.2149744753261486,Not Imprinted,13.368915639966843
Cd81,Imprinted,Maternal,KO_M2,KO Male,9850,4927,14777,0.3331528727075861,Not Imprinted,13.851163413220117
Cd81,Imprinted,Maternal,KO_M3,KO Male,7998,6927,14925,0.07175879396984924,Not Imprinted,13.865539970785697
Cdh15,Imprinted,Paternal,WT_M1,WT Male,46,0,46,1,Maternal,5.554588851677638
Cdh15,Imprinted,Paternal,WT_M2,WT Male,4,97,101,-0.9207920792079208,Paternal,6.672425341971495
Cdh15,Imprinted,Paternal,WT_M3,WT Male,2,39,41,-0.9024390243902439,Paternal,5.392317422778761
Cdh15,Imprinted,Paternal,WT_F1,WT Female,2,68,70,-0.9428571428571428,Paternal,6.149747119504682
Cdh15,Imprinted,Paternal,WT_F2,WT Female,0,61,61,-1,Paternal,5.954196310386875
Cdh15,Imprinted,Paternal,WT_F3,WT Female,3,92,95,-0.9368421052631579,Paternal,6.584962500721156
Cdh15,Imprinted,Paternal,HT_F1,HT Female,8,226,234,-0.9316239316239316,Paternal,7.876516946564999
Cdh15,Imprinted,Paternal,HT_F2,HT Female,31,0,31,1,Maternal,5
Cdh15,Imprinted,Paternal,HT_F3,HT Female,2,83,85,-0.9529411764705882,Paternal,6.426264754702098
Cdh15,Imprinted,Paternal,KO_M1,KO Male,32,0,32,1,Maternal,5.044394119358453
Cdh15,Imprinted,Paternal,KO_M2,KO Male,1,150,151,-0.9867549668874173,Paternal,7.247927513443585
Cdh15,Imprinted,Paternal,KO_M3,KO Male,0,158,158,-1,Paternal,7.312882955284356
Cdkn1c,Imprinted,Maternal,WT_M1,WT Male,493,10,503,0.9602385685884692,Maternal,8.977279923499916
Cdkn1c,Imprinted,Maternal,WT_M2,WT Male,688,57,745,0.8469798657718121,Maternal,9.543031820255237
Cdkn1c,Imprinted,Maternal,WT_M3,WT Male,416,30,446,0.8654708520179372,Maternal,8.804131021183318
Cdkn1c,Imprinted,Maternal,WT_F1,WT Female,1194,25,1219,0.9589827727645611,Maternal,10.252665432450248
Cdkn1c,Imprinted,Maternal,WT_F2,WT Female,133,20,153,0.738562091503268,Maternal,7.266786540694901
Cdkn1c,Imprinted,Maternal,WT_F3,WT Female,654,22,676,0.9349112426035503,Maternal,9.403012023574997
Cdkn1c,Imprinted,Maternal,HT_F1,HT Female,1342,11,1353,0.983739837398374,Maternal,10.403012023574997
Cdkn1c,Imprinted,Maternal,HT_F2,HT Female,265,12,277,0.9133574007220217,Maternal,8.118941072723507
Cdkn1c,Imprinted,Maternal,HT_F3,HT Female,235,32,267,0.7602996254681648,Maternal,8.066089190457772
Cdkn1c,Imprinted,Maternal,KO_M1,KO Male,502,39,541,0.8558225508317929,Maternal,9.08214904135387
Cdkn1c,Imprinted,Maternal,KO_M2,KO Male,158,18,176,0.7954545454545454,Maternal,7.467605550082998
Cdkn1c,Imprinted,Maternal,KO_M3,KO Male,187,7,194,0.9278350515463918,Maternal,7.60733031374961
Chrac1,Imprinted,Maternal,WT_M1,WT Male,139,125,264,0.05303030303030303,Not Imprinted,8.049848549450562
Chrac1,Imprinted,Maternal,WT_M2,WT Male,229,226,455,0.006593406593406593,Not Imprinted,8.832890014164741
Chrac1,Imprinted,Maternal,WT_M3,WT Male,124,71,195,0.2717948717948718,Not Imprinted,7.614709844115208
Chrac1,Imprinted,Maternal,WT_F1,WT Female,165,193,358,-0.0782122905027933,Not Imprinted,8.487840033823051
Chrac1,Imprinted,Maternal,WT_F2,WT Female,143,96,239,0.19665271966527198,Not Imprinted,7.906890595608519
Chrac1,Imprinted,Maternal,WT_F3,WT Female,203,159,362,0.12154696132596685,Not Imprinted,8.50382573799575
Chrac1,Imprinted,Maternal,HT_F1,HT Female,261,275,536,-0.026119402985074626,Not Imprinted,9.068778277985412
Chrac1,Imprinted,Maternal,HT_F2,HT Female,147,164,311,-0.05466237942122187,Not Imprinted,8.285402218862249
Chrac1,Imprinted,Maternal,HT_F3,HT Female,123,122,245,0.004081632653061225,Not Imprinted,7.94251450533924
Chrac1,Imprinted,Maternal,KO_M1,KO Male,116,111,227,0.022026431718061675,Not Imprinted,7.832890014164741
Chrac1,Imprinted,Maternal,KO_M2,KO Male,165,143,308,0.07142857142857142,Not Imprinted,8.271463027904375
Chrac1,Imprinted,Maternal,KO_M3,KO Male,95,166,261,-0.2720306513409962,Not Imprinted,8.03342300153745
Commd1,Imprinted,Maternal,WT_M1,WT Male,656,0,656,1,Maternal,9.35974956032233
Commd1,Imprinted,Maternal,WT_M2,WT Male,613,307,920,0.33260869565217394,Not Imprinted,9.847057346091336
Commd1,Imprinted,Maternal,WT_M3,WT Male,468,0,468,1,Maternal,8.873444112515376
Commd1,Imprinted,Maternal,WT_F1,WT Female,738,0,738,1,Maternal,9.52943055414615
Commd1,Imprinted,Maternal,WT_F2,WT Female,603,0,603,1,Maternal,9.238404739325079
Commd1,Imprinted,Maternal,WT_F3,WT Female,789,0,789,1,Maternal,9.625708843064466
Commd1,Imprinted,Maternal,HT_F1,HT Female,755,252,1007,0.49950347567030784,Not Imprinted,9.977279923499916
Commd1,Imprinted,Maternal,HT_F2,HT Female,611,0,611,1,Maternal,9.257387842692651
Commd1,Imprinted,Maternal,HT_F3,HT Female,579,34,613,0.8890701468189234,Maternal,9.262094845370179
Commd1,Imprinted,Maternal,KO_M1,KO Male,493,0,493,1,Maternal,8.948367231584678
Commd1,Imprinted,Maternal,KO_M2,KO Male,585,0,585,1,Maternal,9.194756854422248
Commd1,Imprinted,Maternal,KO_M3,KO Male,679,0,679,1,Maternal,9.409390936137703
Copg2,Imprinted,Maternal,WT_M1,WT Male,4338,4003,8341,0.040163049994005516,Not Imprinted,13.026177596889225
Copg2,Imprinted,Maternal,WT_M2,WT Male,7674,5166,12840,0.19532710280373833,Not Imprinted,13.648469937061385
Copg2,Imprinted,Maternal,WT_M3,WT Male,2338,3052,5390,-0.13246753246753246,Not Imprinted,12.396337194231098
Copg2,Imprinted,Maternal,WT_F1,WT Female,4881,2828,7709,0.2663121027370606,Not Imprinted,12.912515144802397
Copg2,Imprinted,Maternal,WT_F2,WT Female,2625,4111,6736,-0.2206057007125891,Not Imprinted,12.71789058398728
Copg2,Imprinted,Maternal,WT_F3,WT Female,5058,3639,8697,0.16315971024491205,Not Imprinted,13.086467993464069
Copg2,Imprinted,Maternal,HT_F1,HT Female,5343,5898,11241,-0.04937283159861222,Not Imprinted,13.456611099574918
Copg2,Imprinted,Maternal,HT_F2,HT Female,4906,1862,6768,0.44976359338061467,Not Imprinted,12.724727001534445
Copg2,Imprinted,Maternal,HT_F3,HT Female,4597,3122,7719,0.19108692835859567,Not Imprinted,12.914385132155443
Copg2,Imprinted,Maternal,KO_M1,KO Male,2243,1365,3608,0.2433481152993348,Not Imprinted,11.817383427897232
Copg2,Imprinted,Maternal,KO_M2,KO Male,3992,3060,7052,0.13216108905275098,Not Imprinted,12.784021324374178
Copg2,Imprinted,Maternal,KO_M3,KO Male,4702,2866,7568,0.24260042283298097,Not Imprinted,12.885886991697456
Dact2,Imprinted,Maternal,WT_M1,WT Male,662,725,1387,-0.04542177361211247,Not Imprinted,10.43879185257826
Dact2,Imprinted,Maternal,WT_M2,WT Male,471,1437,1908,-0.5062893081761006,Not Imprinted,10.898601387403938
Dact2,Imprinted,Maternal,WT_M3,WT Male,203,629,832,-0.5120192307692307,Not Imprinted,9.702172685365548
Dact2,Imprinted,Maternal,WT_F1,WT Female,680,808,1488,-0.08602150537634409,Not Imprinted,10.5401280385821
Dact2,Imprinted,Maternal,WT_F2,WT Female,635,628,1263,0.0055423594615993665,Not Imprinted,10.303780748177102
Dact2,Imprinted,Maternal,WT_F3,WT Female,833,735,1568,0.0625,Not Imprinted,10.615629636968098
Dact2,Imprinted,Maternal,HT_F1,HT Female,1391,1251,2642,0.05299015897047691,Not Imprinted,11.36796070964157
Dact2,Imprinted,Maternal,HT_F2,HT Female,318,1002,1320,-0.5181818181818182,Not Imprinted,10.367414751246828
Dact2,Imprinted,Maternal,HT_F3,HT Female,832,841,1673,-0.005379557680812911,Not Imprinted,10.709083812550343
Dact2,Imprinted,Maternal,KO_M1,KO Male,863,799,1662,0.03850782190132371,Not Imprinted,10.699572453287269
Dact2,Imprinted,Maternal,KO_M2,KO Male,737,772,1509,-0.023194168323392977,Not Imprinted,10.560332834212442
Dact2,Imprinted,Maternal,KO_M3,KO Male,333,1123,1456,-0.5425824175824175,Not Imprinted,10.508785162064513
Dcn,Imprinted,Maternal,WT_M1,WT Male,225,223,448,0.004464285714285714,Not Imprinted,8.810571634741146
Dcn,Imprinted,Maternal,WT_M2,WT Male,1050,598,1648,0.27427184466019416,Not Imprinted,10.687375683437468
Dcn,Imprinted,Maternal,WT_M3,WT Male,234,179,413,0.13317191283292978,Not Imprinted,8.693486957499326
Dcn,Imprinted,Maternal,WT_F1,WT Female,862,547,1409,0.22356281050390348,Not Imprinted,10.461479447286155
Dcn,Imprinted,Maternal,WT_F2,WT Female,300,169,469,0.279317697228145,Not Imprinted,8.876516946565
Dcn,Imprinted,Maternal,WT_F3,WT Female,1951,1232,3183,0.22588752748978952,Not Imprinted,11.63662462054365
Dcn,Imprinted,Maternal,HT_F1,HT Female,2539,1672,4211,0.2058893374495369,Not Imprinted,12.040289721025717
Dcn,Imprinted,Maternal,HT_F2,HT Female,4294,2315,6609,0.29944015736117413,Not Imprinted,12.690434556395054
Dcn,Imprinted,Maternal,HT_F3,HT Female,168,155,323,0.04024767801857585,Not Imprinted,8.339850002884624
Dcn,Imprinted,Maternal,KO_M1,KO Male,318,228,546,0.16483516483516483,Not Imprinted,9.095397022792557
Dcn,Imprinted,Maternal,KO_M2,KO Male,1509,963,2472,0.220873786407767,Not Imprinted,11.272046524389937
Dcn,Imprinted,Maternal,KO_M3,KO Male,1160,688,1848,0.2554112554112554,Not Imprinted,10.852529509404196
Ddc,Imprinted,Paternal,WT_M1,WT Male,105,173,278,-0.2446043165467626,Not Imprinted,8.124121311829187
Ddc,Imprinted,Paternal,WT_M2,WT Male,107,384,491,-0.5641547861507128,Not Imprinted,8.94251450533924
Ddc,Imprinted,Paternal,WT_M3,WT Male,161,0,161,1,Maternal,7.339850002884624
Ddc,Imprinted,Paternal,WT_F1,WT Female,150,408,558,-0.46236559139784944,Not Imprinted,9.12670447284319
Ddc,Imprinted,Paternal,WT_F2,WT Female,59,172,231,-0.48917748917748916,Not Imprinted,7.857980995127572
Ddc,Imprinted,Paternal,WT_F3,WT Female,180,354,534,-0.3258426966292135,Not Imprinted,9.06339508128851
Ddc,Imprinted,Paternal,HT_F1,HT Female,462,392,854,0.08196721311475409,Not Imprinted,9.73978060977326
Ddc,Imprinted,Paternal,HT_F2,HT Female,40,312,352,-0.7727272727272727,Paternal,8.46352437327118
Ddc,Imprinted,Paternal,HT_F3,HT Female,56,167,223,-0.4977578475336323,Not Imprinted,7.807354922057604
Ddc,Imprinted,Paternal,KO_M1,KO Male,113,245,358,-0.3687150837988827,Not Imprinted,8.487840033823051
Ddc,Imprinted,Paternal,KO_M2,KO Male,174,303,477,-0.27044025157232704,Not Imprinted,8.900866807980748
Ddc,Imprinted,Paternal,KO_M3,KO Male,179,252,431,-0.16937354988399073,Not Imprinted,8.754887502163468
Dhcr7,Imprinted,Maternal,WT_M1,WT Male,1218,1364,2582,-0.056545313710302095,Not Imprinted,11.334831928118
Dhcr7,Imprinted,Maternal,WT_M2,WT Male,1605,2249,3854,-0.16709911779968864,Not Imprinted,11.912515144802397
Dhcr7,Imprinted,Maternal,WT_M3,WT Male,806,958,1764,-0.08616780045351474,Not Imprinted,10.785452468158542
Dhcr7,Imprinted,Maternal,WT_F1,WT Female,1237,1531,2768,-0.10621387283236994,Not Imprinted,11.43514933836693
Dhcr7,Imprinted,Maternal,WT_F2,WT Female,1006,1218,2224,-0.09532374100719425,Not Imprinted,11.119589620741122
Dhcr7,Imprinted,Maternal,WT_F3,WT Female,1142,1474,2616,-0.12691131498470948,Not Imprinted,11.353698209048035
Dhcr7,Imprinted,Maternal,HT_F1,HT Female,1706,2213,3919,-0.1293697371778515,Not Imprinted,11.936637939002571
Dhcr7,Imprinted,Maternal,HT_F2,HT Female,772,1040,1812,-0.1479028697571744,Not Imprinted,10.824163209744158
Dhcr7,Imprinted,Maternal,HT_F3,HT Female,1067,949,2016,0.05853174603174603,Not Imprinted,10.977995368612962
Dhcr7,Imprinted,Maternal,KO_M1,KO Male,674,760,1434,-0.0599721059972106,Not Imprinted,10.486835021563051
Dhcr7,Imprinted,Maternal,KO_M2,KO Male,1299,1226,2525,0.028910891089108912,Not Imprinted,11.302638923787553
Dhcr7,Imprinted,Maternal,KO_M3,KO Male,916,1145,2061,-0.1111111111111111,Not Imprinted,11.00982861736811
Dio3,Imprinted,Paternal,WT_M1,WT Male,29,0,29,1,Maternal,4.906890595608519
Dio3,Imprinted,Paternal,WT_M2,WT Male,170,0,170,1,Maternal,7.417852514885898
Dio3,Imprinted,Paternal,WT_M3,WT Male,35,0,35,1,Maternal,5.169925001442312
Dio3,Imprinted,Paternal,WT_F1,WT Female,115,49,164,0.4024390243902439,Not Imprinted,7.366322214245816
Dio3,Imprinted,Paternal,WT_F2,WT Female,37,0,37,1,Maternal,5.247927513443585
Dio3,Imprinted,Paternal,WT_F3,WT Female,160,195,355,-0.09859154929577464,Not Imprinted,8.475733430966399
Dio3,Imprinted,Paternal,HT_F1,HT Female,199,416,615,-0.35284552845528455,Not Imprinted,9.266786540694902
Dio3,Imprinted,Paternal,HT_F2,HT Female,308,382,690,-0.1072463768115942,Not Imprinted,9.432541900388259
Dio3,Imprinted,Paternal,HT_F3,HT Female,7,0,7,1,Maternal,3
Dio3,Imprinted,Paternal,KO_M1,KO Male,75,64,139,0.07913669064748201,Not Imprinted,7.129283016944966
Dio3,Imprinted,Paternal,KO_M2,KO Male,140,116,256,0.09375,Not Imprinted,8.005624549193879
Dio3,Imprinted,Paternal,KO_M3,KO Male,109,109,218,0,Not Imprinted,7.774787059601174
Dlk1,Imprinted,Paternal,WT_M1,WT Male,0,132,132,-1,Paternal,7.05528243550119
Dlk1,Imprinted,Paternal,WT_M2,WT Male,0,364,364,-1,Paternal,8.51175265376738
Dlk1,Imprinted,Paternal,WT_M3,WT Male,0,172,172,-1,Paternal,7.434628227636725
Dlk1,Imprinted,Paternal,WT_F1,WT Female,0,461,461,-1,Paternal,8.851749041416058
Dlk1,Imprinted,Paternal,WT_F2,WT Female,128,0,128,1,Maternal,7.011227255423254
Dlk1,Imprinted,Paternal,WT_F3,WT Female,0,393,393,-1,Paternal,8.622051819456376
Dlk1,Imprinted,Paternal,HT_F1,HT Female,16,2392,2408,-0.9867109634551495,Paternal,11.23421867823847
Dlk1,Imprinted,Paternal,HT_F2,HT Female,8,545,553,-0.9710669077757685,Paternal,9.113742166049189
Dlk1,Imprinted,Paternal,HT_F3,HT Female,39,0,39,1,Maternal,5.321928094887363
Dlk1,Imprinted,Paternal,KO_M1,KO Male,0,786,786,-1,Paternal,9.620219825507487
Dlk1,Imprinted,Paternal,KO_M2,KO Male,0,645,645,-1,Paternal,9.335390354693924
Dlk1,Imprinted,Paternal,KO_M3,KO Male,0,375,375,-1,Paternal,8.554588851677638
Fkbp6,Imprinted,Paternal,WT_M1,WT Male,0,0,0,NA,No Expression,0
Fkbp6,Imprinted,Paternal,WT_M2,WT Male,5,0,5,1,Maternal,2.584962500721156
Fkbp6,Imprinted,Paternal,WT_M3,WT Male,8,0,8,1,Maternal,3.169925001442312
Fkbp6,Imprinted,Paternal,WT_F1,WT Female,1,0,1,1,Maternal,1
Fkbp6,Imprinted,Paternal,WT_F2,WT Female,0,0,0,NA,No Expression,0
Fkbp6,Imprinted,Paternal,WT_F3,WT Female,2,0,2,1,Maternal,1.584962500721156
Fkbp6,Imprinted,Paternal,HT_F1,HT Female,6,0,6,1,Maternal,2.807354922057604
Fkbp6,Imprinted,Paternal,HT_F2,HT Female,0,0,0,NA,No Expression,0
Fkbp6,Imprinted,Paternal,HT_F3,HT Female,1,0,1,1,Maternal,1
Fkbp6,Imprinted,Paternal,KO_M1,KO Male,0,0,0,NA,No Expression,0
Fkbp6,Imprinted,Paternal,KO_M2,KO Male,13,0,13,1,Maternal,3.807354922057604
Fkbp6,Imprinted,Paternal,KO_M3,KO Male,4,0,4,1,Maternal,2.321928094887362
Fthl17a,Imprinted,Paternal,WT_M1,WT Male,0,0,0,NA,No Expression,0
Fthl17a,Imprinted,Paternal,WT_M2,WT Male,0,0,0,NA,No Expression,0
Fthl17a,Imprinted,Paternal,WT_M3,WT Male,0,0,0,NA,No Expression,0
Fthl17a,Imprinted,Paternal,WT_F1,WT Female,0,0,0,NA,No Expression,0
Fthl17a,Imprinted,Paternal,WT_F2,WT Female,0,0,0,NA,No Expression,0
Fthl17a,Imprinted,Paternal,WT_F3,WT Female,0,0,0,NA,No Expression,0
Fthl17a,Imprinted,Paternal,HT_F1,HT Female,0,0,0,NA,No Expression,0
Fthl17a,Imprinted,Paternal,HT_F2,HT Female,0,0,0,NA,No Expression,0
Fthl17a,Imprinted,Paternal,HT_F3,HT Female,0,0,0,NA,No Expression,0
Fthl17a,Imprinted,Paternal,KO_M1,KO Male,0,0,0,NA,No Expression,0
Fthl17a,Imprinted,Paternal,KO_M2,KO Male,1,0,1,1,Maternal,1
Fthl17a,Imprinted,Paternal,KO_M3,KO Male,0,0,0,NA,No Expression,0
Fthl17b,Imprinted,Paternal,WT_M1,WT Male,0,0,0,NA,No Expression,0
Fthl17b,Imprinted,Paternal,WT_M2,WT Male,0,0,0,NA,No Expression,0
Fthl17b,Imprinted,Paternal,WT_M3,WT Male,0,0,0,NA,No Expression,0
Fthl17b,Imprinted,Paternal,WT_F1,WT Female,0,0,0,NA,No Expression,0
Fthl17b,Imprinted,Paternal,WT_F2,WT Female,0,0,0,NA,No Expression,0
Fthl17b,Imprinted,Paternal,WT_F3,WT Female,1,0,1,1,Maternal,1
Fthl17b,Imprinted,Paternal,HT_F1,HT Female,0,0,0,NA,No Expression,0
Fthl17b,Imprinted,Paternal,HT_F2,HT Female,0,0,0,NA,No Expression,0
Fthl17b,Imprinted,Paternal,HT_F3,HT Female,0,0,0,NA,No Expression,0
Fthl17b,Imprinted,Paternal,KO_M1,KO Male,0,0,0,NA,No Expression,0
Fthl17b,Imprinted,Paternal,KO_M2,KO Male,0,0,0,NA,No Expression,0
Fthl17b,Imprinted,Paternal,KO_M3,KO Male,0,0,0,NA,No Expression,0
Fthl17c,Imprinted,Paternal,WT_M1,WT Male,0,0,0,NA,No Expression,0
Fthl17c,Imprinted,Paternal,WT_M2,WT Male,0,0,0,NA,No Expression,0
Fthl17c,Imprinted,Paternal,WT_M3,WT Male,0,0,0,NA,No Expression,0
Fthl17c,Imprinted,Paternal,WT_F1,WT Female,0,0,0,NA,No Expression,0
Fthl17c,Imprinted,Paternal,WT_F2,WT Female,0,0,0,NA,No Expression,0
Fthl17c,Imprinted,Paternal,WT_F3,WT Female,0,0,0,NA,No Expression,0
Fthl17c,Imprinted,Paternal,HT_F1,HT Female,0,0,0,NA,No Expression,0
Fthl17c,Imprinted,Paternal,HT_F2,HT Female,0,0,0,NA,No Expression,0
Fthl17c,Imprinted,Paternal,HT_F3,HT Female,0,0,0,NA,No Expression,0
Fthl17c,Imprinted,Paternal,KO_M1,KO Male,0,0,0,NA,No Expression,0
Fthl17c,Imprinted,Paternal,KO_M2,KO Male,0,0,0,NA,No Expression,0
Fthl17c,Imprinted,Paternal,KO_M3,KO Male,0,0,0,NA,No Expression,0
Fthl17d,Imprinted,Paternal,WT_M1,WT Male,0,0,0,NA,No Expression,0
Fthl17d,Imprinted,Paternal,WT_M2,WT Male,0,0,0,NA,No Expression,0
Fthl17d,Imprinted,Paternal,WT_M3,WT Male,0,0,0,NA,No Expression,0
Fthl17d,Imprinted,Paternal,WT_F1,WT Female,0,0,0,NA,No Expression,0
Fthl17d,Imprinted,Paternal,WT_F2,WT Female,0,0,0,NA,No Expression,0
Fthl17d,Imprinted,Paternal,WT_F3,WT Female,0,0,0,NA,No Expression,0
Fthl17d,Imprinted,Paternal,HT_F1,HT Female,0,0,0,NA,No Expression,0
Fthl17d,Imprinted,Paternal,HT_F2,HT Female,0,0,0,NA,No Expression,0
Fthl17d,Imprinted,Paternal,HT_F3,HT Female,0,0,0,NA,No Expression,0
Fthl17d,Imprinted,Paternal,KO_M1,KO Male,0,0,0,NA,No Expression,0
Fthl17d,Imprinted,Paternal,KO_M2,KO Male,0,0,0,NA,No Expression,0
Fthl17d,Imprinted,Paternal,KO_M3,KO Male,0,0,0,NA,No Expression,0
Fthl17e,Imprinted,Paternal,WT_M1,WT Male,0,0,0,NA,No Expression,0
Fthl17e,Imprinted,Paternal,WT_M2,WT Male,0,0,0,NA,No Expression,0
Fthl17e,Imprinted,Paternal,WT_M3,WT Male,0,0,0,NA,No Expression,0
Fthl17e,Imprinted,Paternal,WT_F1,WT Female,0,0,0,NA,No Expression,0
Fthl17e,Imprinted,Paternal,WT_F2,WT Female,0,0,0,NA,No Expression,0
Fthl17e,Imprinted,Paternal,WT_F3,WT Female,0,0,0,NA,No Expression,0
Fthl17e,Imprinted,Paternal,HT_F1,HT Female,0,0,0,NA,No Expression,0
Fthl17e,Imprinted,Paternal,HT_F2,HT Female,0,0,0,NA,No Expression,0
Fthl17e,Imprinted,Paternal,HT_F3,HT Female,0,0,0,NA,No Expression,0
Fthl17e,Imprinted,Paternal,KO_M1,KO Male,0,0,0,NA,No Expression,0
Fthl17e,Imprinted,Paternal,KO_M2,KO Male,0,0,0,NA,No Expression,0
Fthl17e,Imprinted,Paternal,KO_M3,KO Male,0,0,0,NA,No Expression,0
Fthl17f,Imprinted,Paternal,WT_M1,WT Male,0,0,0,NA,No Expression,0
Fthl17f,Imprinted,Paternal,WT_M2,WT Male,0,0,0,NA,No Expression,0
Fthl17f,Imprinted,Paternal,WT_M3,WT Male,0,0,0,NA,No Expression,0
Fthl17f,Imprinted,Paternal,WT_F1,WT Female,0,0,0,NA,No Expression,0
Fthl17f,Imprinted,Paternal,WT_F2,WT Female,0,0,0,NA,No Expression,0
Fthl17f,Imprinted,Paternal,WT_F3,WT Female,0,0,0,NA,No Expression,0
Fthl17f,Imprinted,Paternal,HT_F1,HT Female,0,0,0,NA,No Expression,0
Fthl17f,Imprinted,Paternal,HT_F2,HT Female,0,0,0,NA,No Expression,0
Fthl17f,Imprinted,Paternal,HT_F3,HT Female,3,0,3,1,Maternal,2
Fthl17f,Imprinted,Paternal,KO_M1,KO Male,0,0,0,NA,No Expression,0
Fthl17f,Imprinted,Paternal,KO_M2,KO Male,0,0,0,NA,No Expression,0
Fthl17f,Imprinted,Paternal,KO_M3,KO Male,0,0,0,NA,No Expression,0
Ftx,Imprinted,Paternal,WT_M1,WT Male,1383,42,1425,0.9410526315789474,Maternal,10.477758266443889
Ftx,Imprinted,Paternal,WT_M2,WT Male,1631,46,1677,0.9451401311866429,Maternal,10.712527000439824
Ftx,Imprinted,Paternal,WT_M3,WT Male,1248,40,1288,0.937888198757764,Maternal,10.332036548361652
Ftx,Imprinted,Paternal,WT_F1,WT Female,963,619,1582,0.21744627054361568,Not Imprinted,10.62844554013718
Ftx,Imprinted,Paternal,WT_F2,WT Female,941,722,1663,0.13168971737823212,Not Imprinted,10.700439718141093
Ftx,Imprinted,Paternal,WT_F3,WT Female,870,902,1772,-0.01805869074492099,Not Imprinted,10.79197682089869
Ftx,Imprinted,Paternal,HT_F1,HT Female,2042,1601,3643,0.12105407631073291,Not Imprinted,11.831307243802051
Ftx,Imprinted,Paternal,HT_F2,HT Female,686,930,1616,-0.15099009900990099,Not Imprinted,10.659103963473662
Ftx,Imprinted,Paternal,HT_F3,HT Female,848,340,1188,0.4276094276094276,Not Imprinted,10.215532999745657
Ftx,Imprinted,Paternal,KO_M1,KO Male,903,28,931,0.9398496240601504,Maternal,9.86418614465428
Ftx,Imprinted,Paternal,KO_M2,KO Male,1500,42,1542,0.9455252918287937,Maternal,10.591522346570734
Ftx,Imprinted,Paternal,KO_M3,KO Male,1431,42,1473,0.9429735234215886,Maternal,10.52552080909507
Gab1,Imprinted,Paternal,WT_M1,WT Male,1289,2068,3357,-0.23205242776288354,Not Imprinted,11.71338651493703
Gab1,Imprinted,Paternal,WT_M2,WT Male,1772,2278,4050,-0.12493827160493827,Not Imprinted,11.984062369686436
Gab1,Imprinted,Paternal,WT_M3,WT Male,823,842,1665,-0.011411411411411412,Not Imprinted,10.702172685365548
Gab1,Imprinted,Paternal,WT_F1,WT Female,1964,2015,3979,-0.012817290776577029,Not Imprinted,11.958552715431011
Gab1,Imprinted,Paternal,WT_F2,WT Female,1258,1421,2679,-0.06084359835759612,Not Imprinted,11.388017285345136
Gab1,Imprinted,Paternal,WT_F3,WT Female,1061,1730,2791,-0.23969903260480116,Not Imprinted,11.447083226209653
Gab1,Imprinted,Paternal,HT_F1,HT Female,2107,2250,4357,-0.03282074822125316,Not Imprinted,12.089450481115907
Gab1,Imprinted,Paternal,HT_F2,HT Female,1065,1071,2136,-0.0028089887640449437,Not Imprinted,11.061371192659811
Gab1,Imprinted,Paternal,HT_F3,HT Female,1166,1162,2328,0.001718213058419244,Not Imprinted,11.185494924210866
Gab1,Imprinted,Paternal,KO_M1,KO Male,1084,957,2041,0.06222439980401764,Not Imprinted,10.995767150877802
Gab1,Imprinted,Paternal,KO_M2,KO Male,1113,1388,2501,-0.10995601759296282,Not Imprinted,11.28886607416582
Gab1,Imprinted,Paternal,KO_M3,KO Male,1165,1091,2256,0.03280141843971631,Not Imprinted,11.140190703191836
Galnt6,Imprinted,Paternal,WT_M1,WT Male,208,656,864,-0.5185185185185185,Not Imprinted,9.756556322524087
Galnt6,Imprinted,Paternal,WT_M2,WT Male,266,686,952,-0.4411764705882353,Not Imprinted,9.896332403909941
Galnt6,Imprinted,Paternal,WT_M3,WT Male,281,216,497,0.13078470824949698,Not Imprinted,8.960001932068081
Galnt6,Imprinted,Paternal,WT_F1,WT Female,1044,548,1592,0.31155778894472363,Not Imprinted,10.63753055152531
Galnt6,Imprinted,Paternal,WT_F2,WT Female,468,329,797,0.17440401505646172,Not Imprinted,9.640244936222345
Galnt6,Imprinted,Paternal,WT_F3,WT Female,202,495,697,-0.42037302725968434,Not Imprinted,9.447083226209653
Galnt6,Imprinted,Paternal,HT_F1,HT Female,602,547,1149,0.047867711053089644,Not Imprinted,10.167418145831737
Galnt6,Imprinted,Paternal,HT_F2,HT Female,275,147,422,0.3033175355450237,Not Imprinted,8.72451385311995
Galnt6,Imprinted,Paternal,HT_F3,HT Female,132,473,605,-0.5636363636363636,Not Imprinted,9.243173983472952
Galnt6,Imprinted,Paternal,KO_M1,KO Male,117,335,452,-0.4823008849557522,Not Imprinted,8.823367240046235
Galnt6,Imprinted,Paternal,KO_M2,KO Male,421,312,733,0.14870395634379263,Not Imprinted,9.519636252843213
Galnt6,Imprinted,Paternal,KO_M3,KO Male,364,346,710,0.02535211267605634,Not Imprinted,9.473705749619416
Gatm,Imprinted,Maternal,WT_M1,WT Male,2863,3476,6339,-0.09670294999211232,Not Imprinted,12.63026712502677
Gatm,Imprinted,Maternal,WT_M2,WT Male,4299,4110,8409,0.022475918658580094,Not Imprinted,13.037890085142507
Gatm,Imprinted,Maternal,WT_M3,WT Male,1569,1912,3481,-0.09853490376328641,Not Imprinted,11.7657004876511
Gatm,Imprinted,Maternal,WT_F1,WT Female,3630,4131,7761,-0.06455353691534596,Not Imprinted,12.922212717785449
Gatm,Imprinted,Maternal,WT_F2,WT Female,2519,3284,5803,-0.13182836463897984,Not Imprinted,12.502831804066744
Gatm,Imprinted,Maternal,WT_F3,WT Female,3260,2811,6071,0.0739581617525943,Not Imprinted,12.567956075415466
Gatm,Imprinted,Maternal,HT_F1,HT Female,4289,3767,8056,0.06479642502482622,Not Imprinted,12.976027040189834
Gatm,Imprinted,Maternal,HT_F2,HT Female,1895,2050,3945,-0.03929024081115336,Not Imprinted,11.946175240723559
Gatm,Imprinted,Maternal,HT_F3,HT Female,2365,2833,5198,-0.09003462870334744,Not Imprinted,12.344018439881326
Gatm,Imprinted,Maternal,KO_M1,KO Male,1311,2021,3332,-0.21308523409363744,Not Imprinted,11.702605602110248
Gatm,Imprinted,Maternal,KO_M2,KO Male,2288,2525,4813,-0.049241637232495326,Not Imprinted,12.233020426474496
Gatm,Imprinted,Maternal,KO_M3,KO Male,2217,2612,4829,-0.08179747359701801,Not Imprinted,12.237807473723135
Gm35612,Imprinted,Maternal,WT_M1,WT Male,34,0,34,1,Maternal,5.129283016944966
Gm35612,Imprinted,Maternal,WT_M2,WT Male,61,0,61,1,Maternal,5.954196310386875
Gm35612,Imprinted,Maternal,WT_M3,WT Male,23,0,23,1,Maternal,4.584962500721156
Gm35612,Imprinted,Maternal,WT_F1,WT Female,20,0,20,1,Maternal,4.392317422778761
Gm35612,Imprinted,Maternal,WT_F2,WT Female,22,1,23,0.9130434782608695,Maternal,4.584962500721156
Gm35612,Imprinted,Maternal,WT_F3,WT Female,30,0,30,1,Maternal,4.954196310386875
Gm35612,Imprinted,Maternal,HT_F1,HT Female,51,0,51,1,Maternal,5.700439718141092
Gm35612,Imprinted,Maternal,HT_F2,HT Female,9,0,9,1,Maternal,3.321928094887362
Gm35612,Imprinted,Maternal,HT_F3,HT Female,20,0,20,1,Maternal,4.392317422778761
Gm35612,Imprinted,Maternal,KO_M1,KO Male,82,0,82,1,Maternal,6.3750394313469245
Gm35612,Imprinted,Maternal,KO_M2,KO Male,44,0,44,1,Maternal,5.491853096329675
Gm35612,Imprinted,Maternal,KO_M3,KO Male,65,0,65,1,Maternal,6.044394119358453
Gnai3,Predicted,Maternal,WT_M1,WT Male,1931,1479,3410,0.13255131964809383,Not Imprinted,11.735979039613404
Gnai3,Predicted,Maternal,WT_M2,WT Male,2279,1949,4228,0.07805108798486282,Not Imprinted,12.046100845028802
Gnai3,Predicted,Maternal,WT_M3,WT Male,1165,844,2009,0.15978098556495768,Not Imprinted,10.972979786066292
Gnai3,Predicted,Maternal,WT_F1,WT Female,1823,1522,3345,0.08998505231689088,Not Imprinted,11.708221730038353
Gnai3,Predicted,Maternal,WT_F2,WT Female,1388,1221,2609,0.06400919892679187,Not Imprinted,11.349834091457247
Gnai3,Predicted,Maternal,WT_F3,WT Female,1772,1563,3335,0.06266866566716642,Not Imprinted,11.703903573444663
Gnai3,Predicted,Maternal,HT_F1,HT Female,2590,2180,4770,0.0859538784067086,Not Imprinted,12.220075970984304
Gnai3,Predicted,Maternal,HT_F2,HT Female,1532,1033,2565,0.19454191033138402,Not Imprinted,11.325305455089682
Gnai3,Predicted,Maternal,HT_F3,HT Female,1430,1359,2789,0.02545715310147006,Not Imprinted,11.44604940671655
Gnai3,Predicted,Maternal,KO_M1,KO Male,1138,588,1726,0.3186558516801854,Not Imprinted,10.754052367528924
Gnai3,Predicted,Maternal,KO_M2,KO Male,1471,1144,2615,0.12504780114722752,Not Imprinted,11.353146825498083
Gnai3,Predicted,Maternal,KO_M3,KO Male,1653,1096,2749,0.20261913423062933,Not Imprinted,11.425215903299383
Gnas,Imprinted - Isoform Dependent,Maternal,WT_M1,WT Male,22487,33302,55789,-0.19385541952714694,Not Imprinted,15.767718930935438
Gnas,Imprinted - Isoform Dependent,Maternal,WT_M2,WT Male,35998,49972,85970,-0.16254507386297545,Not Imprinted,16.391562467133024
Gnas,Imprinted - Isoform Dependent,Maternal,WT_M3,WT Male,16021,32399,48420,-0.3382486575795126,Not Imprinted,15.56334525401524
Gnas,Imprinted - Isoform Dependent,Maternal,WT_F1,WT Female,28859,34570,63429,-0.09003767992558609,Not Imprinted,15.952877721720233
Gnas,Imprinted - Isoform Dependent,Maternal,WT_F2,WT Female,21886,33045,54931,-0.20314576468660683,Not Imprinted,15.745359198941893
Gnas,Imprinted - Isoform Dependent,Maternal,WT_F3,WT Female,24000,44022,68022,-0.29434594689953253,Not Imprinted,16.053735013788106
Gnas,Imprinted - Isoform Dependent,Maternal,HT_F1,HT Female,35499,51965,87464,-0.18826031281441508,Not Imprinted,16.41641820303167
Gnas,Imprinted - Isoform Dependent,Maternal,HT_F2,HT Female,22387,32394,54781,-0.18267282451945016,Not Imprinted,15.741414316958398
Gnas,Imprinted - Isoform Dependent,Maternal,HT_F3,HT Female,22914,29572,52486,-0.12685287505239493,Not Imprinted,15.679672519319315
Gnas,Imprinted - Isoform Dependent,Maternal,KO_M1,KO Male,18142,26667,44809,-0.19025195831194627,Not Imprinted,15.451533106039868
Gnas,Imprinted - Isoform Dependent,Maternal,KO_M2,KO Male,26242,33932,60174,-0.12779605809818195,Not Imprinted,15.876876616249222
Gnas,Imprinted - Isoform Dependent,Maternal,KO_M3,KO Male,20874,37962,58836,-0.29043442790128493,Not Imprinted,15.844436067415787
Grb10,Imprinted - Isoform Dependent,Maternal,WT_M1,WT Male,474,1478,1952,-0.514344262295082,Not Imprinted,10.93147623388679
Grb10,Imprinted - Isoform Dependent,Maternal,WT_M2,WT Male,410,3177,3587,-0.7713967103429049,Paternal,11.80896417491926
Grb10,Imprinted - Isoform Dependent,Maternal,WT_M3,WT Male,255,1314,1569,-0.6749521988527725,Not Imprinted,10.61654884377899
Grb10,Imprinted - Isoform Dependent,Maternal,WT_F1,WT Female,485,1978,2463,-0.606171335769387,Not Imprinted,11.266786540694902
Grb10,Imprinted - Isoform Dependent,Maternal,WT_F2,WT Female,77,1498,1575,-0.9022222222222223,Paternal,10.622051819456376
Grb10,Imprinted - Isoform Dependent,Maternal,WT_F3,WT Female,635,2163,2798,-0.5461043602573267,Not Imprinted,11.450695771572915
Grb10,Imprinted - Isoform Dependent,Maternal,HT_F1,HT Female,579,7166,7745,-0.8504841833440929,Paternal,12.919235786028347
Grb10,Imprinted - Isoform Dependent,Maternal,HT_F2,HT Female,153,2571,2724,-0.8876651982378855,Paternal,11.41204051455165
Grb10,Imprinted - Isoform Dependent,Maternal,HT_F3,HT Female,107,1618,1725,-0.8759420289855072,Paternal,10.753216749178955
Grb10,Imprinted - Isoform Dependent,Maternal,KO_M1,KO Male,228,1919,2147,-0.7876106194690266,Paternal,11.068778277985412
Grb10,Imprinted - Isoform Dependent,Maternal,KO_M2,KO Male,165,2988,3153,-0.8953377735490009,Paternal,11.62296694479051
Grb10,Imprinted - Isoform Dependent,Maternal,KO_M3,KO Male,256,2184,2440,-0.7901639344262295,Paternal,11.253256579781153
H13,Imprinted,Maternal,WT_M1,WT Male,2002,1436,3438,0.16463059918557302,Not Imprinted,11.74777340052679
H13,Imprinted,Maternal,WT_M2,WT Male,2,5328,5330,-0.999249530956848,Paternal,12.380190466749834
H13,Imprinted,Maternal,WT_M3,WT Male,1521,1262,2783,0.09306503772906935,Not Imprinted,11.442943495848729
H13,Imprinted,Maternal,WT_F1,WT Female,1762,2113,3875,-0.09058064516129032,Not Imprinted,11.92035285541508
H13,Imprinted,Maternal,WT_F2,WT Female,0,3343,3343,-1,Paternal,11.707359132080883
H13,Imprinted,Maternal,WT_F3,WT Female,2409,2092,4501,0.0704287936014219,Not Imprinted,12.136350341454156
H13,Imprinted,Maternal,HT_F1,HT Female,4586,3431,8017,0.14406885368591743,Not Imprinted,12.96902670215077
H13,Imprinted,Maternal,HT_F2,HT Female,2042,1815,3857,0.05885403163080114,Not Imprinted,11.913637428049103
H13,Imprinted,Maternal,HT_F3,HT Female,3,2667,2670,-0.9977528089887641,Paternal,11.38316426063511
H13,Imprinted,Maternal,KO_M1,KO Male,1366,1068,2434,0.12243221035332785,Not Imprinted,11.249706056969705
H13,Imprinted,Maternal,KO_M2,KO Male,3,3344,3347,-0.9982073498655513,Paternal,11.709083812550343
H13,Imprinted,Maternal,KO_M3,KO Male,1755,1590,3345,0.04932735426008968,Not Imprinted,11.708221730038353
H19,Imprinted,Maternal,WT_M1,WT Male,6,0,6,1,Maternal,2.807354922057604
H19,Imprinted,Maternal,WT_M2,WT Male,3,0,3,1,Maternal,2
H19,Imprinted,Maternal,WT_M3,WT Male,7,0,7,1,Maternal,3
H19,Imprinted,Maternal,WT_F1,WT Female,16,0,16,1,Maternal,4.087462841250339
H19,Imprinted,Maternal,WT_F2,WT Female,6,0,6,1,Maternal,2.807354922057604
H19,Imprinted,Maternal,WT_F3,WT Female,4,0,4,1,Maternal,2.321928094887362
H19,Imprinted,Maternal,HT_F1,HT Female,2,0,2,1,Maternal,1.584962500721156
H19,Imprinted,Maternal,HT_F2,HT Female,1,0,1,1,Maternal,1
H19,Imprinted,Maternal,HT_F3,HT Female,11,0,11,1,Maternal,3.584962500721156
H19,Imprinted,Maternal,KO_M1,KO Male,1,0,1,1,Maternal,1
H19,Imprinted,Maternal,KO_M2,KO Male,1,0,1,1,Maternal,1
H19,Imprinted,Maternal,KO_M3,KO Male,2,0,2,1,Maternal,1.584962500721156
Htr2a,Imprinted,Maternal,WT_M1,WT Male,628,551,1179,0.06530958439355386,Not Imprinted,10.204571144249204
Htr2a,Imprinted,Maternal,WT_M2,WT Male,915,491,1406,0.3015647226173542,Not Imprinted,10.458406613236532
Htr2a,Imprinted,Maternal,WT_M3,WT Male,241,269,510,-0.054901960784313725,Not Imprinted,8.997179480937621
Htr2a,Imprinted,Maternal,WT_F1,WT Female,326,448,774,-0.15762273901808785,Not Imprinted,9.5980525001616
Htr2a,Imprinted,Maternal,WT_F2,WT Female,196,424,620,-0.36774193548387096,Not Imprinted,9.278449458220482
Htr2a,Imprinted,Maternal,WT_F3,WT Female,631,538,1169,0.07955517536355859,Not Imprinted,10.192292814470767
Htr2a,Imprinted,Maternal,HT_F1,HT Female,891,755,1646,0.08262454434993925,Not Imprinted,10.685624839726355
Htr2a,Imprinted,Maternal,HT_F2,HT Female,621,253,874,0.42105263157894735,Not Imprinted,9.77313920671969
Htr2a,Imprinted,Maternal,HT_F3,HT Female,580,482,1062,0.09227871939736347,Not Imprinted,10.053925881531105
Htr2a,Imprinted,Maternal,KO_M1,KO Male,479,200,679,0.4108983799705449,Not Imprinted,9.409390936137703
Htr2a,Imprinted,Maternal,KO_M2,KO Male,352,582,934,-0.2462526766595289,Not Imprinted,9.868822554774999
Htr2a,Imprinted,Maternal,KO_M3,KO Male,707,478,1185,0.19324894514767932,Not Imprinted,10.211888294546004
Hymai,Imprinted,Paternal,WT_M1,WT Male,17,0,17,1,Maternal,4.169925001442312
Hymai,Imprinted,Paternal,WT_M2,WT Male,85,0,85,1,Maternal,6.426264754702098
Hymai,Imprinted,Paternal,WT_M3,WT Male,68,0,68,1,Maternal,6.108524456778169
Hymai,Imprinted,Paternal,WT_F1,WT Female,73,0,73,1,Maternal,6.20945336562895
Hymai,Imprinted,Paternal,WT_F2,WT Female,51,0,51,1,Maternal,5.700439718141092
Hymai,Imprinted,Paternal,WT_F3,WT Female,69,0,69,1,Maternal,6.129283016944966
Hymai,Imprinted,Paternal,HT_F1,HT Female,0,136,136,-1,Paternal,7.098032082960526
Hymai,Imprinted,Paternal,HT_F2,HT Female,35,0,35,1,Maternal,5.169925001442312
Hymai,Imprinted,Paternal,HT_F3,HT Female,21,0,21,1,Maternal,4.459431618637297
Hymai,Imprinted,Paternal,KO_M1,KO Male,23,0,23,1,Maternal,4.584962500721156
Hymai,Imprinted,Paternal,KO_M2,KO Male,74,0,74,1,Maternal,6.22881869049588
Hymai,Imprinted,Paternal,KO_M3,KO Male,46,0,46,1,Maternal,5.554588851677638
Igf2,Imprinted,Paternal,WT_M1,WT Male,10533,7219,17752,0.18668319062640829,Not Imprinted,14.115775219344808
Igf2,Imprinted,Paternal,WT_M2,WT Male,9990,6765,16755,0.19247985675917637,Not Imprinted,14.032390168866524
Igf2,Imprinted,Paternal,WT_M3,WT Male,7404,5173,12577,0.17738729426731334,Not Imprinted,13.618614920250803
Igf2,Imprinted,Paternal,WT_F1,WT Female,16793,11951,28744,0.1684525466184247,Not Imprinted,14.811023410300866
Igf2,Imprinted,Paternal,WT_F2,WT Female,1447,584,2031,0.42491383554899065,Not Imprinted,10.988684686772165
Igf2,Imprinted,Paternal,WT_F3,WT Female,9668,6861,16529,0.16982273579768892,Not Imprinted,14.012799104179676
Igf2,Imprinted,Paternal,HT_F1,HT Female,10632,6890,17522,0.2135600958794658,Not Imprinted,14.096962170162607
Igf2,Imprinted,Paternal,HT_F2,HT Female,3733,1737,5470,0.36489945155393055,Not Imprinted,12.41758884038258
Igf2,Imprinted,Paternal,HT_F3,HT Female,1810,636,2446,0.47996729354047424,Not Imprinted,11.25679838607939
Igf2,Imprinted,Paternal,KO_M1,KO Male,4564,3021,7585,0.20342781806196442,Not Imprinted,12.889123656294238
Igf2,Imprinted,Paternal,KO_M2,KO Male,983,199,1182,0.6632825719120136,Not Imprinted,10.208234358339789
Igf2,Imprinted,Paternal,KO_M3,KO Male,925,297,1222,0.513911620294599,Not Imprinted,10.256208688527387
Igf2r,Tissue Dependent,Maternal,WT_M1,WT Male,3595,2240,5835,0.23221936589545844,Not Imprinted,12.510764167917891
Igf2r,Tissue Dependent,Maternal,WT_M2,WT Male,4278,4149,8427,0.015307938768244928,Not Imprinted,13.040974598817305
Igf2r,Tissue Dependent,Maternal,WT_M3,WT Male,1929,1718,3647,0.05785577186728818,Not Imprinted,11.832890014164741
Igf2r,Tissue Dependent,Maternal,WT_F1,WT Female,3753,3067,6820,0.10058651026392962,Not Imprinted,12.735767547266637
Igf2r,Tissue Dependent,Maternal,WT_F2,WT Female,2928,1737,4665,0.25530546623794215,Not Imprinted,12.187970591984199
Igf2r,Tissue Dependent,Maternal,WT_F3,WT Female,4028,2221,6249,0.28916626660265643,Not Imprinted,12.609640474436812
Igf2r,Tissue Dependent,Maternal,HT_F1,HT Female,4313,4927,9240,-0.06645021645021645,Not Imprinted,13.173833263682058
Igf2r,Tissue Dependent,Maternal,HT_F2,HT Female,2590,2092,4682,0.10636480136693721,Not Imprinted,12.193217322699065
Igf2r,Tissue Dependent,Maternal,HT_F3,HT Female,2881,1834,4715,0.22205726405090137,Not Imprinted,12.203348002979762
Igf2r,Tissue Dependent,Maternal,KO_M1,KO Male,1912,1746,3658,0.045379989065062874,Not Imprinted,11.837233700339088
Igf2r,Tissue Dependent,Maternal,KO_M2,KO Male,2739,2103,4842,0.13135068153655513,Not Imprinted,12.241685287601625
Igf2r,Tissue Dependent,Maternal,KO_M3,KO Male,2569,2272,4841,0.06135096054534187,Not Imprinted,12.241387363998937
Impact,Imprinted,Paternal,WT_M1,WT Male,12891,2970,15861,0.6254965008511443,Not Imprinted,13.95328706787812
Impact,Imprinted,Paternal,WT_M2,WT Male,19288,6191,25479,0.5140311629184818,Not Imprinted,14.637077657143664
Impact,Imprinted,Paternal,WT_M3,WT Male,9468,2333,11801,0.6046097788323024,Not Imprinted,13.526743742999686
Impact,Imprinted,Paternal,WT_F1,WT Female,13498,3608,17106,0.5781597100432597,Not Imprinted,14.062299160732607
Impact,Imprinted,Paternal,WT_F2,WT Female,12029,2961,14990,0.6049366244162775,Not Imprinted,13.871809003457043
Impact,Imprinted,Paternal,WT_F3,WT Female,17237,4662,21899,0.5742271336590712,Not Imprinted,14.418643249375899
Impact,Imprinted,Paternal,HT_F1,HT Female,27098,9787,36885,0.46932357326826624,Not Imprinted,15.170785728000713
Impact,Imprinted,Paternal,HT_F2,HT Female,15344,4597,19941,0.5389398726242415,Not Imprinted,14.283522485644026
Impact,Imprinted,Paternal,HT_F3,HT Female,11230,3721,14951,0.5022406527991439,Not Imprinted,13.868050853745158
Impact,Imprinted,Paternal,KO_M1,KO Male,6406,2792,9198,0.3929115025005436,Not Imprinted,13.167261322630226
Impact,Imprinted,Paternal,KO_M2,KO Male,13993,4429,18422,0.519161871675171,Not Imprinted,14.169220388465723
Impact,Imprinted,Paternal,KO_M3,KO Male,14376,5741,20117,0.42923895213003926,Not Imprinted,14.29619926851494
Inpp5f,Imprinted,Paternal,WT_M1,WT Male,5919,5754,11673,0.014135183757388847,Not Imprinted,13.511011352882239
Inpp5f,Imprinted,Paternal,WT_M2,WT Male,6325,10620,16945,-0.25346709943936263,Not Imprinted,14.048657153725893
Inpp5f,Imprinted,Paternal,WT_M3,WT Male,4049,3603,7652,0.058285415577626766,Not Imprinted,12.901809684323629
Inpp5f,Imprinted,Paternal,WT_F1,WT Female,6606,4497,11103,0.18994866252364226,Not Imprinted,13.43879185257826
Inpp5f,Imprinted,Paternal,WT_F2,WT Female,5836,3970,9806,0.1902916581684683,Not Imprinted,13.259596162488423
Inpp5f,Imprinted,Paternal,WT_F3,WT Female,5501,5813,11314,-0.027576453950857345,Not Imprinted,13.465948964154254
Inpp5f,Imprinted,Paternal,HT_F1,HT Female,5696,10849,16545,-0.3114536113629495,Not Imprinted,14.014194866814499
Inpp5f,Imprinted,Paternal,HT_F2,HT Female,3971,5465,9436,-0.15832980076303518,Not Imprinted,13.204112587787996
Inpp5f,Imprinted,Paternal,HT_F3,HT Female,5473,4827,10300,0.06271844660194174,Not Imprinted,13.33049677763869
Inpp5f,Imprinted,Paternal,KO_M1,KO Male,3723,1887,5610,0.32727272727272727,Not Imprinted,12.45404219747008
Inpp5f,Imprinted,Paternal,KO_M2,KO Male,5538,4150,9688,0.14327002477291495,Not Imprinted,13.242132057682372
Inpp5f,Imprinted,Paternal,KO_M3,KO Male,6750,3809,10559,0.2785301638412728,Not Imprinted,13.366322214245816
Ins2,Imprinted,Paternal,WT_M1,WT Male,23,0,23,1,Maternal,4.584962500721156
Ins2,Imprinted,Paternal,WT_M2,WT Male,30,0,30,1,Maternal,4.954196310386875
Ins2,Imprinted,Paternal,WT_M3,WT Male,19,0,19,1,Maternal,4.321928094887363
Ins2,Imprinted,Paternal,WT_F1,WT Female,41,0,41,1,Maternal,5.392317422778761
Ins2,Imprinted,Paternal,WT_F2,WT Female,0,0,0,NA,No Expression,0
Ins2,Imprinted,Paternal,WT_F3,WT Female,15,0,15,1,Maternal,4
Ins2,Imprinted,Paternal,HT_F1,HT Female,39,0,39,1,Maternal,5.321928094887363
Ins2,Imprinted,Paternal,HT_F2,HT Female,10,0,10,1,Maternal,3.4594316186372973
Ins2,Imprinted,Paternal,HT_F3,HT Female,1,0,1,1,Maternal,1
Ins2,Imprinted,Paternal,KO_M1,KO Male,73,0,73,1,Maternal,6.20945336562895
Ins2,Imprinted,Paternal,KO_M2,KO Male,0,0,0,NA,No Expression,0
Ins2,Imprinted,Paternal,KO_M3,KO Male,0,0,0,NA,No Expression,0
Jade1,Imprinted,Paternal,WT_M1,WT Male,811,2097,2908,-0.44222833562585967,Not Imprinted,11.506307581100307
Jade1,Imprinted,Paternal,WT_M2,WT Male,1269,2546,3815,-0.3347313237221494,Not Imprinted,11.897845456005511
Jade1,Imprinted,Paternal,WT_M3,WT Male,505,1114,1619,-0.3761581222977146,Not Imprinted,10.661778097771988
Jade1,Imprinted,Paternal,WT_F1,WT Female,861,1942,2803,-0.3856582233321441,Not Imprinted,11.453270634010623
Jade1,Imprinted,Paternal,WT_F2,WT Female,789,1411,2200,-0.2827272727272727,Not Imprinted,11.103943429891558
Jade1,Imprinted,Paternal,WT_F3,WT Female,975,2035,3010,-0.3521594684385382,Not Imprinted,11.556026992724677
Jade1,Imprinted,Paternal,HT_F1,HT Female,1996,2980,4976,-0.1977491961414791,Not Imprinted,12.28106067167702
Jade1,Imprinted,Paternal,HT_F2,HT Female,818,1630,2448,-0.33169934640522875,Not Imprinted,11.257977058563979
Jade1,Imprinted,Paternal,HT_F3,HT Female,737,1833,2570,-0.4264591439688716,Not Imprinted,11.328113894833656
Jade1,Imprinted,Paternal,KO_M1,KO Male,702,1665,2367,-0.4068441064638783,Not Imprinted,11.20945336562895
Jade1,Imprinted,Paternal,KO_M2,KO Male,838,1552,2390,-0.298744769874477,Not Imprinted,11.223398414711628
Jade1,Imprinted,Paternal,KO_M3,KO Male,842,1815,2657,-0.3662024840045164,Not Imprinted,11.376125389276174
Jpx,Imprinted,Paternal,WT_M1,WT Male,391,0,391,1,Maternal,8.614709844115207
Jpx,Imprinted,Paternal,WT_M2,WT Male,539,0,539,1,Maternal,9.076815597050832
Jpx,Imprinted,Paternal,WT_M3,WT Male,291,0,291,1,Maternal,8.189824558880018
Jpx,Imprinted,Paternal,WT_F1,WT Female,234,128,362,0.292817679558011,Not Imprinted,8.50382573799575
Jpx,Imprinted,Paternal,WT_F2,WT Female,185,77,262,0.4122137404580153,Not Imprinted,8.038918989292302
Jpx,Imprinted,Paternal,WT_F3,WT Female,221,138,359,0.23119777158774374,Not Imprinted,8.491853096329674
Jpx,Imprinted,Paternal,HT_F1,HT Female,382,250,632,0.2088607594936709,Not Imprinted,9.306061689428342
Jpx,Imprinted,Paternal,HT_F2,HT Female,148,101,249,0.18875502008032127,Not Imprinted,7.965784284662087
Jpx,Imprinted,Paternal,HT_F3,HT Female,257,116,373,0.3780160857908847,Not Imprinted,8.546894459887637
Jpx,Imprinted,Paternal,KO_M1,KO Male,293,0,293,1,Maternal,8.199672344836364
Jpx,Imprinted,Paternal,KO_M2,KO Male,383,0,383,1,Maternal,8.584962500721156
Jpx,Imprinted,Paternal,KO_M3,KO Male,406,0,406,1,Maternal,8.668884984266247
Kcnk9,Imprinted,Maternal,WT_M1,WT Male,2953,63,3016,0.9582228116710876,Maternal,11.558898981146703
Kcnk9,Imprinted,Maternal,WT_M2,WT Male,5183,31,5214,0.9881089374760261,Maternal,12.348451537407128
Kcnk9,Imprinted,Maternal,WT_M3,WT Male,2550,53,2603,0.9592777564348828,Maternal,11.346513733165635
Kcnk9,Imprinted,Maternal,WT_F1,WT Female,3281,24,3305,0.9854765506807867,Maternal,11.690871009292314
Kcnk9,Imprinted,Maternal,WT_F2,WT Female,3602,60,3662,0.9672310212998362,Maternal,11.83880998570856
Kcnk9,Imprinted,Maternal,WT_F3,WT Female,4950,50,5000,0.98,Maternal,12.288000889707574
Kcnk9,Imprinted,Maternal,HT_F1,HT Female,11954,127,12081,0.9789752503931793,Maternal,13.56057167123656
Kcnk9,Imprinted,Maternal,HT_F2,HT Female,5942,24,5966,0.9919544083137781,Maternal,12.5427900615549
Kcnk9,Imprinted,Maternal,HT_F3,HT Female,2419,49,2468,0.960291734197731,Maternal,11.269711121142782
Kcnk9,Imprinted,Maternal,KO_M1,KO Male,2889,33,2922,0.9774127310061602,Maternal,11.513234113806053
Kcnk9,Imprinted,Maternal,KO_M2,KO Male,4032,67,4099,0.9673090997804342,Maternal,12.001408194392809
Kcnk9,Imprinted,Maternal,KO_M3,KO Male,4315,56,4371,0.9743765728666209,Maternal,12.094077685671905
Kcnq1,Imprinted,Maternal,WT_M1,WT Male,24,0,24,1,Maternal,4.643856189774724
Kcnq1,Imprinted,Maternal,WT_M2,WT Male,43,0,43,1,Maternal,5.459431618637297
Kcnq1,Imprinted,Maternal,WT_M3,WT Male,17,0,17,1,Maternal,4.169925001442312
Kcnq1,Imprinted,Maternal,WT_F1,WT Female,16,0,16,1,Maternal,4.087462841250339
Kcnq1,Imprinted,Maternal,WT_F2,WT Female,18,0,18,1,Maternal,4.247927513443585
Kcnq1,Imprinted,Maternal,WT_F3,WT Female,33,0,33,1,Maternal,5.087462841250339
Kcnq1,Imprinted,Maternal,HT_F1,HT Female,45,0,45,1,Maternal,5.523561956057013
Kcnq1,Imprinted,Maternal,HT_F2,HT Female,26,0,26,1,Maternal,4.754887502163468
Kcnq1,Imprinted,Maternal,HT_F3,HT Female,26,0,26,1,Maternal,4.754887502163468
Kcnq1,Imprinted,Maternal,KO_M1,KO Male,11,0,11,1,Maternal,3.584962500721156
Kcnq1,Imprinted,Maternal,KO_M2,KO Male,12,0,12,1,Maternal,3.700439718141092
Kcnq1,Imprinted,Maternal,KO_M3,KO Male,25,0,25,1,Maternal,4.700439718141092
Kcnq1ot1,Imprinted,Paternal,WT_M1,WT Male,2,4582,4584,-0.9991273996509599,Paternal,12.162706018482417
Kcnq1ot1,Imprinted,Paternal,WT_M2,WT Male,6,6521,6527,-0.9981614830703233,Paternal,12.672425341971495
Kcnq1ot1,Imprinted,Paternal,WT_M3,WT Male,0,5480,5480,-1,Paternal,12.420223419348645
Kcnq1ot1,Imprinted,Paternal,WT_F1,WT Female,96,4476,4572,-0.958005249343832,Paternal,12.158925203806964
Kcnq1ot1,Imprinted,Paternal,WT_F2,WT Female,2,4526,4528,-0.9991166077738516,Paternal,12.144976824050111
Kcnq1ot1,Imprinted,Paternal,WT_F3,WT Female,84,5396,5480,-0.96934306569343065,Paternal,12.420223419348645
Kcnq1ot1,Imprinted,Paternal,HT_F1,HT Female,64,9806,9870,-0.9870314083080041,Paternal,13.268980531649836
Kcnq1ot1,Imprinted,Paternal,HT_F2,HT Female,5,3563,3568,-0.9971973094170403,Paternal,11.801304186049023
Kcnq1ot1,Imprinted,Paternal,HT_F3,HT Female,0,3573,3573,-1,Paternal,11.80332391904149
Kcnq1ot1,Imprinted,Paternal,KO_M1,KO Male,88,3595,3683,-0.9522128699429813,Paternal,11.847057346091336
Kcnq1ot1,Imprinted,Paternal,KO_M2,KO Male,0,5416,5416,-1,Paternal,12.403278375471052
Kcnq1ot1,Imprinted,Paternal,KO_M3,KO Male,3,3047,3050,-0.9980327868852459,Paternal,11.575066464578656
Klf14,Imprinted,Maternal,WT_M1,WT Male,13,0,13,1,Maternal,3.807354922057604
Klf14,Imprinted,Maternal,WT_M2,WT Male,62,0,62,1,Maternal,5.977279923499917
Klf14,Imprinted,Maternal,WT_M3,WT Male,11,0,11,1,Maternal,3.584962500721156
Klf14,Imprinted,Maternal,WT_F1,WT Female,33,0,33,1,Maternal,5.087462841250339
Klf14,Imprinted,Maternal,WT_F2,WT Female,32,0,32,1,Maternal,5.044394119358453
Klf14,Imprinted,Maternal,WT_F3,WT Female,82,0,82,1,Maternal,6.3750394313469245
Klf14,Imprinted,Maternal,HT_F1,HT Female,70,6,76,0.8421052631578947,Maternal,6.266786540694901
Klf14,Imprinted,Maternal,HT_F2,HT Female,60,0,60,1,Maternal,5.930737337562887
Klf14,Imprinted,Maternal,HT_F3,HT Female,1,0,1,1,Maternal,1
Klf14,Imprinted,Maternal,KO_M1,KO Male,30,0,30,1,Maternal,4.954196310386875
Klf14,Imprinted,Maternal,KO_M2,KO Male,40,0,40,1,Maternal,5.357552004618084
Klf14,Imprinted,Maternal,KO_M3,KO Male,73,0,73,1,Maternal,6.20945336562895
Maged2,Imprinted,Maternal,WT_M1,WT Male,1942,0,1942,1,Maternal,10.924070185585345
Maged2,Imprinted,Maternal,WT_M2,WT Male,3657,0,3657,1,Maternal,11.836839359748716
Maged2,Imprinted,Maternal,WT_M3,WT Male,1600,0,1600,1,Maternal,10.644757592516257
Maged2,Imprinted,Maternal,WT_F1,WT Female,1136,909,2045,0.11100244498777506,Not Imprinted,10.99859042974533
Maged2,Imprinted,Maternal,WT_F2,WT Female,762,964,1726,-0.11703360370799537,Not Imprinted,10.754052367528924
Maged2,Imprinted,Maternal,WT_F3,WT Female,1209,1412,2621,-0.07745135444486836,Not Imprinted,11.356451970221755
Maged2,Imprinted,Maternal,HT_F1,HT Female,2205,1701,3906,0.12903225806451613,Not Imprinted,11.931845540183673
Maged2,Imprinted,Maternal,HT_F2,HT Female,890,1445,2335,-0.23768736616702354,Not Imprinted,11.189824558880018
Maged2,Imprinted,Maternal,HT_F3,HT Female,1115,457,1572,0.41857506361323155,Not Imprinted,10.619302955415687
Maged2,Imprinted,Maternal,KO_M1,KO Male,1642,0,1642,1,Maternal,10.682116764950074
Maged2,Imprinted,Maternal,KO_M2,KO Male,2077,0,2077,1,Maternal,11.020979938904212
Maged2,Imprinted,Maternal,KO_M3,KO Male,2268,0,2268,1,Maternal,11.147840893672337
Magel2,Imprinted,Paternal,WT_M1,WT Male,66,0,66,1,Maternal,6.066089190457772
Magel2,Imprinted,Paternal,WT_M2,WT Male,0,293,293,-1,Paternal,8.199672344836364
Magel2,Imprinted,Paternal,WT_M3,WT Male,136,0,136,1,Maternal,7.098032082960526
Magel2,Imprinted,Paternal,WT_F1,WT Female,202,0,202,1,Maternal,7.6653359171851765
Magel2,Imprinted,Paternal,WT_F2,WT Female,119,0,119,1,Maternal,6.906890595608519
Magel2,Imprinted,Paternal,WT_F3,WT Female,276,0,276,1,Maternal,8.113742166049189
Magel2,Imprinted,Paternal,HT_F1,HT Female,0,1138,1138,-1,Paternal,10.153552031708111
Magel2,Imprinted,Paternal,HT_F2,HT Female,0,154,154,-1,Paternal,7.2761244052742375
Magel2,Imprinted,Paternal,HT_F3,HT Female,69,0,69,1,Maternal,6.129283016944966
Magel2,Imprinted,Paternal,KO_M1,KO Male,141,0,141,1,Maternal,7.149747119504682
Magel2,Imprinted,Paternal,KO_M2,KO Male,0,356,356,-1,Paternal,8.479780264029099
Magel2,Imprinted,Paternal,KO_M3,KO Male,0,217,217,-1,Paternal,7.768184324776926
Magi2,Imprinted,Paternal,WT_M1,WT Male,5695,8192,13887,-0.17980845394973716,Not Imprinted,13.761551232444479
Magi2,Imprinted,Paternal,WT_M2,WT Male,8347,10357,18704,-0.10746364414029085,Not Imprinted,14.191136345438188
Magi2,Imprinted,Paternal,WT_M3,WT Male,3593,4374,7967,-0.09802937115601858,Not Imprinted,12.960001932068081
Magi2,Imprinted,Paternal,WT_F1,WT Female,4885,6736,11621,-0.15928061268393426,Not Imprinted,13.50457073932441
Magi2,Imprinted,Paternal,WT_F2,WT Female,4614,5723,10337,-0.10728451194737351,Not Imprinted,13.335669486946104
Magi2,Imprinted,Paternal,WT_F3,WT Female,5523,6864,12387,-0.10825865827076774,Not Imprinted,13.596655667674662
Magi2,Imprinted,Paternal,HT_F1,HT Female,7579,9832,17411,-0.12940095342025157,Not Imprinted,14.0877943047879
Magi2,Imprinted,Paternal,HT_F2,HT Female,4247,6693,10940,-0.22358318098720292,Not Imprinted,13.41745698505727
Magi2,Imprinted,Paternal,HT_F3,HT Female,5696,7935,13631,-0.1642579414569731,Not Imprinted,13.734709620225837
Magi2,Imprinted,Paternal,KO_M1,KO Male,2708,3838,6546,-0.1726245035135961,Not Imprinted,12.67661826358852
Magi2,Imprinted,Paternal,KO_M2,KO Male,5222,6112,11334,-0.07852479265925534,Not Imprinted,13.468496770628148
Magi2,Imprinted,Paternal,KO_M3,KO Male,4895,6213,11108,-0.11865322290241267,Not Imprinted,13.439441334892786
Mcts2,Imprinted,Paternal,WT_M1,WT Male,172,193,365,-0.057534246575342465,Not Imprinted,8.515699838284043
Mcts2,Imprinted,Paternal,WT_M2,WT Male,0,521,521,-1,Paternal,9.027905996569885
Mcts2,Imprinted,Paternal,WT_M3,WT Male,70,210,280,-0.5,Not Imprinted,8.134426320220927
Mcts2,Imprinted,Paternal,WT_F1,WT Female,120,207,327,-0.26605504587155965,Not Imprinted,8.357552004618084
Mcts2,Imprinted,Paternal,WT_F2,WT Female,0,336,336,-1,Paternal,8.396604781181859
Mcts2,Imprinted,Paternal,WT_F3,WT Female,112,350,462,-0.5151515151515151,Not Imprinted,8.854868383260236
Mcts2,Imprinted,Paternal,HT_F1,HT Female,318,381,699,-0.09012875536480687,Not Imprinted,9.451211111832329
Mcts2,Imprinted,Paternal,HT_F2,HT Female,143,228,371,-0.22911051212938005,Not Imprinted,8.539158811108031
Mcts2,Imprinted,Paternal,HT_F3,HT Female,28,292,320,-0.825,Paternal,8.326429487122303
Mcts2,Imprinted,Paternal,KO_M1,KO Male,50,74,124,-0.1935483870967742,Not Imprinted,6.965784284662087
Mcts2,Imprinted,Paternal,KO_M2,KO Male,0,361,361,-1,Paternal,8.499845887083206
Mcts2,Imprinted,Paternal,KO_M3,KO Male,155,209,364,-0.14835164835164835,Not Imprinted,8.51175265376738
Meg3,Imprinted,Maternal,WT_M1,WT Male,55176,33,55209,0.9988045427375971,Maternal,15.752641980679302
Meg3,Imprinted,Maternal,WT_M2,WT Male,1038,64100,65138,-0.9681292026159846,Paternal,15.991233951507478
Meg3,Imprinted,Maternal,WT_M3,WT Male,81310,755,82065,0.981599951258149,Maternal,16.32449701579066
Meg3,Imprinted,Maternal,WT_F1,WT Female,1065,56227,57292,-0.9628220344899812,Paternal,15.80607126229785
Meg3,Imprinted,Maternal,WT_F2,WT Female,74054,23,74077,0.9993790245285311,Maternal,16.176757527971677
Meg3,Imprinted,Maternal,WT_F3,WT Female,1389,80444,81833,-0.966052814879083,Paternal,16.320412751324174
Meg3,Imprinted,Maternal,HT_F1,HT Female,183126,448,183574,0.9951191345179601,Maternal,17.486010074409595
Meg3,Imprinted,Maternal,HT_F2,HT Female,85760,32,85792,0.9992540096978739,Maternal,16.388572320080016
Meg3,Imprinted,Maternal,HT_F3,HT Female,666,34970,35636,-0.9626220675721181,Paternal,15.121088272321424
Meg3,Imprinted,Maternal,KO_M1,KO Male,1054,45467,46521,-0.9546871305431955,Paternal,15.505625499749636
Meg3,Imprinted,Maternal,KO_M2,KO Male,1280,72227,73507,-0.9651733848477015,Paternal,16.16561364898499
Meg3,Imprinted,Maternal,KO_M3,KO Male,1104,64492,65596,-0.9663394109396914,Paternal,16.001342215976788
Mest,Imprinted,Paternal,WT_M1,WT Male,0,2002,2002,-1,Paternal,10.967946705812707
Mest,Imprinted,Paternal,WT_M2,WT Male,14,4245,4259,-0.9934256867809345,Paternal,12.056637715113201
Mest,Imprinted,Paternal,WT_M3,WT Male,87,1920,2007,-0.9133034379671151,Paternal,10.971543553950772
Mest,Imprinted,Paternal,WT_F1,WT Female,123,3454,3577,-0.9312272854347219,Paternal,11.804937672051908
Mest,Imprinted,Paternal,WT_F2,WT Female,50,2128,2178,-0.9540863177226814,Paternal,11.089450481115907
Mest,Imprinted,Paternal,WT_F3,WT Female,21,3625,3646,-0.988480526604498,Paternal,11.832494484336113
Mest,Imprinted,Paternal,HT_F1,HT Female,63,7834,7897,-0.9840445738888185,Paternal,12.947271652460348
Mest,Imprinted,Paternal,HT_F2,HT Female,6,2898,2904,-0.9958677685950413,Paternal,11.50432244829189
Mest,Imprinted,Paternal,HT_F3,HT Female,43,1487,1530,-0.9437908496732026,Paternal,10.580258567499788
Mest,Imprinted,Paternal,KO_M1,KO Male,105,2278,2383,-0.9118757868233319,Paternal,11.219168520462162
Mest,Imprinted,Paternal,KO_M2,KO Male,5,3343,3348,-0.9970131421744325,Paternal,11.709514660706716
Mest,Imprinted,Paternal,KO_M3,KO Male,0,2220,2220,-1,Paternal,11.116993677546981
Mir184,Imprinted,Paternal,WT_M1,WT Male,0,0,0,NA,No Expression,0
Mir184,Imprinted,Paternal,WT_M2,WT Male,0,0,0,NA,No Expression,0
Mir184,Imprinted,Paternal,WT_M3,WT Male,0,0,0,NA,No Expression,0
Mir184,Imprinted,Paternal,WT_F1,WT Female,0,0,0,NA,No Expression,0
Mir184,Imprinted,Paternal,WT_F2,WT Female,0,0,0,NA,No Expression,0
Mir184,Imprinted,Paternal,WT_F3,WT Female,0,0,0,NA,No Expression,0
Mir184,Imprinted,Paternal,HT_F1,HT Female,0,0,0,NA,No Expression,0
Mir184,Imprinted,Paternal,HT_F2,HT Female,0,0,0,NA,No Expression,0
Mir184,Imprinted,Paternal,HT_F3,HT Female,0,0,0,NA,No Expression,0
Mir184,Imprinted,Paternal,KO_M1,KO Male,0,0,0,NA,No Expression,0
Mir184,Imprinted,Paternal,KO_M2,KO Male,0,0,0,NA,No Expression,0
Mir184,Imprinted,Paternal,KO_M3,KO Male,0,0,0,NA,No Expression,0
Mir296,Imprinted,Paternal,WT_M1,WT Male,0,0,0,NA,No Expression,0
Mir296,Imprinted,Paternal,WT_M2,WT Male,0,0,0,NA,No Expression,0
Mir296,Imprinted,Paternal,WT_M3,WT Male,0,0,0,NA,No Expression,0
Mir296,Imprinted,Paternal,WT_F1,WT Female,0,0,0,NA,No Expression,0
Mir296,Imprinted,Paternal,WT_F2,WT Female,0,0,0,NA,No Expression,0
Mir296,Imprinted,Paternal,WT_F3,WT Female,0,0,0,NA,No Expression,0
Mir296,Imprinted,Paternal,HT_F1,HT Female,0,0,0,NA,No Expression,0
Mir296,Imprinted,Paternal,HT_F2,HT Female,1,0,1,1,Maternal,1
Mir296,Imprinted,Paternal,HT_F3,HT Female,0,0,0,NA,No Expression,0
Mir296,Imprinted,Paternal,KO_M1,KO Male,0,0,0,NA,No Expression,0
Mir296,Imprinted,Paternal,KO_M2,KO Male,0,0,0,NA,No Expression,0
Mir296,Imprinted,Paternal,KO_M3,KO Male,0,0,0,NA,No Expression,0
Mirg,Imprinted,Maternal,WT_M1,WT Male,528,0,528,1,Maternal,9.047123912114026
Mirg,Imprinted,Maternal,WT_M2,WT Male,5,658,663,-0.9849170437405732,Paternal,9.375039431346925
Mirg,Imprinted,Maternal,WT_M3,WT Male,681,4,685,0.9883211678832117,Maternal,9.422064766172813
Mirg,Imprinted,Maternal,WT_F1,WT Female,13,552,565,-0.9539823008849557,Paternal,9.144658242831882
Mirg,Imprinted,Maternal,WT_F2,WT Female,635,0,635,1,Maternal,9.312882955284355
Mirg,Imprinted,Maternal,WT_F3,WT Female,17,711,728,-0.9532967032967034,Paternal,9.509775004326936
Mirg,Imprinted,Maternal,HT_F1,HT Female,2117,4,2121,0.9962281942479962,Maternal,11.051208940914766
Mirg,Imprinted,Maternal,HT_F2,HT Female,889,0,889,1,Maternal,9.79766152585376
Mirg,Imprinted,Maternal,HT_F3,HT Female,6,323,329,-0.9635258358662614,Paternal,8.366322214245816
Mirg,Imprinted,Maternal,KO_M1,KO Male,10,360,370,-0.9459459459459459,Paternal,8.535275376620802
Mirg,Imprinted,Maternal,KO_M2,KO Male,19,796,815,-0.9533742331288344,Paternal,9.672425341971495
Mirg,Imprinted,Maternal,KO_M3,KO Male,16,656,672,-0.9523809523809523,Paternal,9.394462694610317
Mkrn3,Imprinted,Paternal,WT_M1,WT Male,49,0,49,1,Maternal,5.643856189774724
Mkrn3,Imprinted,Paternal,WT_M2,WT Male,67,0,67,1,Maternal,6.087462841250339
Mkrn3,Imprinted,Paternal,WT_M3,WT Male,26,0,26,1,Maternal,4.754887502163468
Mkrn3,Imprinted,Paternal,WT_F1,WT Female,40,0,40,1,Maternal,5.357552004618084
Mkrn3,Imprinted,Paternal,WT_F2,WT Female,48,0,48,1,Maternal,5.614709844115208
Mkrn3,Imprinted,Paternal,WT_F3,WT Female,44,0,44,1,Maternal,5.491853096329675
Mkrn3,Imprinted,Paternal,HT_F1,HT Female,60,0,60,1,Maternal,5.930737337562887
Mkrn3,Imprinted,Paternal,HT_F2,HT Female,29,0,29,1,Maternal,4.906890595608519
Mkrn3,Imprinted,Paternal,HT_F3,HT Female,25,0,25,1,Maternal,4.700439718141092
Mkrn3,Imprinted,Paternal,KO_M1,KO Male,28,0,28,1,Maternal,4.857980995127572
Mkrn3,Imprinted,Paternal,KO_M2,KO Male,42,0,42,1,Maternal,5.426264754702098
Mkrn3,Imprinted,Paternal,KO_M3,KO Male,48,0,48,1,Maternal,5.614709844115208
Nap1l4,Imprinted,Maternal,WT_M1,WT Male,2307,2390,4697,-0.017670853736427506,Not Imprinted,12.197830998012197
Nap1l4,Imprinted,Maternal,WT_M2,WT Male,4564,2936,7500,0.21706666666666666,Not Imprinted,12.872867226786575
Nap1l4,Imprinted,Maternal,WT_M3,WT Male,1949,1358,3307,0.1787118234048987,Not Imprinted,11.691743519171276
Nap1l4,Imprinted,Maternal,WT_F1,WT Female,2751,2519,5270,0.04402277039848197,Not Imprinted,12.363860976729532
Nap1l4,Imprinted,Maternal,WT_F2,WT Female,2072,2149,4221,-0.01824212271973466,Not Imprinted,12.043710863347156
Nap1l4,Imprinted,Maternal,WT_F3,WT Female,2995,2665,5660,0.05830388692579505,Not Imprinted,12.466841208321602
Nap1l4,Imprinted,Maternal,HT_F1,HT Female,4577,3736,8313,0.10116684710694093,Not Imprinted,13.021327032624372
Nap1l4,Imprinted,Maternal,HT_F2,HT Female,2601,2212,4813,0.08082277166008726,Not Imprinted,12.233020426474496
Nap1l4,Imprinted,Maternal,HT_F3,HT Female,2824,1651,4475,0.26212290502793295,Not Imprinted,12.127994320976393
Nap1l4,Imprinted,Maternal,KO_M1,KO Male,2139,1363,3502,0.22158766419189035,Not Imprinted,11.774375272802063
Nap1l4,Imprinted,Maternal,KO_M2,KO Male,2621,2018,4639,0.1299849105410649,Not Imprinted,12.179909090014934
Nap1l4,Imprinted,Maternal,KO_M3,KO Male,2809,2090,4899,0.14676464584609103,Not Imprinted,12.258566033889933
Nap1l5,Imprinted,Paternal,WT_M1,WT Male,0,8795,8795,-1,Paternal,13.102631888854969
Nap1l5,Imprinted,Paternal,WT_M2,WT Male,29,13566,13595,-0.9957337256344244,Paternal,13.730894646541671
Nap1l5,Imprinted,Paternal,WT_M3,WT Male,0,6127,6127,-1,Paternal,12.581200581924957
Nap1l5,Imprinted,Paternal,WT_F1,WT Female,0,8846,8846,-1,Paternal,13.110972607782893
Nap1l5,Imprinted,Paternal,WT_F2,WT Female,0,8677,8677,-1,Paternal,13.083146870816742
Nap1l5,Imprinted,Paternal,WT_F3,WT Female,0,11658,11658,-1,Paternal,13.509156432503849
Nap1l5,Imprinted,Paternal,HT_F1,HT Female,0,21148,21148,-1,Paternal,14.36830182875055
Nap1l5,Imprinted,Paternal,HT_F2,HT Female,0,11520,11520,-1,Paternal,13.49197832483901
Nap1l5,Imprinted,Paternal,HT_F3,HT Female,0,7591,7591,-1,Paternal,12.89026427702111
Nap1l5,Imprinted,Paternal,KO_M1,KO Male,0,7687,7687,-1,Paternal,12.90839262077375
Nap1l5,Imprinted,Paternal,KO_M2,KO Male,45,10773,10818,-0.9916805324459235,Paternal,13.401279536596528
Nap1l5,Imprinted,Paternal,KO_M3,KO Male,0,11713,11713,-1,Paternal,13.515946179109518
Nctc1,Imprinted,Paternal,WT_M1,WT Male,0,0,0,NA,No Expression,0
Nctc1,Imprinted,Paternal,WT_M2,WT Male,0,0,0,NA,No Expression,0
Nctc1,Imprinted,Paternal,WT_M3,WT Male,0,0,0,NA,No Expression,0
Nctc1,Imprinted,Paternal,WT_F1,WT Female,0,0,0,NA,No Expression,0
Nctc1,Imprinted,Paternal,WT_F2,WT Female,0,0,0,NA,No Expression,0
Nctc1,Imprinted,Paternal,WT_F3,WT Female,0,0,0,NA,No Expression,0
Nctc1,Imprinted,Paternal,HT_F1,HT Female,0,0,0,NA,No Expression,0
Nctc1,Imprinted,Paternal,HT_F2,HT Female,0,0,0,NA,No Expression,0
Nctc1,Imprinted,Paternal,HT_F3,HT Female,0,0,0,NA,No Expression,0
Nctc1,Imprinted,Paternal,KO_M1,KO Male,0,0,0,NA,No Expression,0
Nctc1,Imprinted,Paternal,KO_M2,KO Male,1,0,1,1,Maternal,1
Nctc1,Imprinted,Paternal,KO_M3,KO Male,0,0,0,NA,No Expression,0
Ndn,Imprinted,Paternal,WT_M1,WT Male,0,8497,8497,-1,Paternal,13.052907628313287
Ndn,Imprinted,Paternal,WT_M2,WT Male,0,16676,16676,-1,Paternal,14.025572167469578
Ndn,Imprinted,Paternal,WT_M3,WT Male,0,7159,7159,-1,Paternal,12.805743872151618
Ndn,Imprinted,Paternal,WT_F1,WT Female,0,10594,10594,-1,Paternal,13.371095967259532
Ndn,Imprinted,Paternal,WT_F2,WT Female,0,9156,9156,-1,Paternal,13.160659307217383
Ndn,Imprinted,Paternal,WT_F3,WT Female,0,12834,12834,-1,Paternal,13.647795675462781
Ndn,Imprinted,Paternal,HT_F1,HT Female,13,21885,21898,-0.9988126769567998,Paternal,14.418577371385938
Ndn,Imprinted,Paternal,HT_F2,HT Female,27,10754,10781,-0.9949911882014656,Paternal,13.396337194231098
Ndn,Imprinted,Paternal,HT_F3,HT Female,0,8674,8674,-1,Paternal,13.082648042352986
Ndn,Imprinted,Paternal,KO_M1,KO Male,15,9201,9216,-0.9967447916666666,Paternal,13.170081535380609
Ndn,Imprinted,Paternal,KO_M2,KO Male,0,11767,11767,-1,Paternal,13.522581531254831
Ndn,Imprinted,Paternal,KO_M3,KO Male,27,11722,11749,-0.9954038641586518,Paternal,13.520373136339725
Nlrp2,Imprinted,Maternal,WT_M1,WT Male,0,0,0,NA,No Expression,0
Nlrp2,Imprinted,Maternal,WT_M2,WT Male,0,0,0,NA,No Expression,0
Nlrp2,Imprinted,Maternal,WT_M3,WT Male,0,0,0,NA,No Expression,0
Nlrp2,Imprinted,Maternal,WT_F1,WT Female,0,0,0,NA,No Expression,0
Nlrp2,Imprinted,Maternal,WT_F2,WT Female,0,0,0,NA,No Expression,0
Nlrp2,Imprinted,Maternal,WT_F3,WT Female,0,0,0,NA,No Expression,0
Nlrp2,Imprinted,Maternal,HT_F1,HT Female,0,0,0,NA,No Expression,0
Nlrp2,Imprinted,Maternal,HT_F2,HT Female,0,0,0,NA,No Expression,0
Nlrp2,Imprinted,Maternal,HT_F3,HT Female,0,0,0,NA,No Expression,0
Nlrp2,Imprinted,Maternal,KO_M1,KO Male,0,0,0,NA,No Expression,0
Nlrp2,Imprinted,Maternal,KO_M2,KO Male,0,0,0,NA,No Expression,0
Nlrp2,Imprinted,Maternal,KO_M3,KO Male,0,0,0,NA,No Expression,0
Nnat,Imprinted,Paternal,WT_M1,WT Male,1,10934,10935,-0.999817101051669,Paternal,13.41679752760606
Nnat,Imprinted,Paternal,WT_M2,WT Male,4,20713,20717,-0.9996138437032389,Paternal,14.338597119574542
Nnat,Imprinted,Paternal,WT_M3,WT Male,84,11098,11182,-0.9849758540511536,Paternal,13.449019643270384
Nnat,Imprinted,Paternal,WT_F1,WT Female,1,16267,16268,-0.9998770592574379,Paternal,13.989837955736364
Nnat,Imprinted,Paternal,WT_F2,WT Female,182,15555,15737,-0.9768697972930037,Paternal,13.94196459298614
Nnat,Imprinted,Paternal,WT_F3,WT Female,6,18052,18058,-0.9993354745819027,Paternal,14.140430386710188
Nnat,Imprinted,Paternal,HT_F1,HT Female,8,26815,26823,-0.9994034969988442,Paternal,14.711236767793784
Nnat,Imprinted,Paternal,HT_F2,HT Female,9,18796,18805,-0.9990428077638925,Paternal,14.198905402581904
Nnat,Imprinted,Paternal,HT_F3,HT Female,2,8447,8449,-0.9995265711918571,Paternal,13.044735626056909
Nnat,Imprinted,Paternal,KO_M1,KO Male,0,9786,9786,-1,Paternal,13.25665098428709
Nnat,Imprinted,Paternal,KO_M2,KO Male,0,16606,16606,-1,Paternal,14.019503858266578
Nnat,Imprinted,Paternal,KO_M3,KO Male,1508,15827,17335,-0.8260167291606576,Paternal,14.081483438093674
Pde10a,Imprinted,Maternal,WT_M1,WT Male,2902,5013,7915,-0.26670878079595706,Not Imprinted,12.950555897047511
Pde10a,Imprinted,Maternal,WT_M2,WT Male,4896,6967,11863,-0.17457641406052432,Not Imprinted,13.53430288245463
Pde10a,Imprinted,Maternal,WT_M3,WT Male,2154,2888,5042,-0.14557715192383974,Not Imprinted,12.300066509957324
Pde10a,Imprinted,Maternal,WT_F1,WT Female,2265,4274,6539,-0.30723352194525155,Not Imprinted,12.675074920385445
Pde10a,Imprinted,Maternal,WT_F2,WT Female,2179,3512,5691,-0.23422948515199438,Not Imprinted,12.474719946526482
Pde10a,Imprinted,Maternal,WT_F3,WT Female,2927,4732,7659,-0.2356704530617574,Not Imprinted,12.903128676812319
Pde10a,Imprinted,Maternal,HT_F1,HT Female,4897,6839,11736,-0.16547375596455352,Not Imprinted,13.518776079461722
Pde10a,Imprinted,Maternal,HT_F2,HT Female,2360,4334,6694,-0.294890947116821,Not Imprinted,12.708868340211673
Pde10a,Imprinted,Maternal,HT_F3,HT Female,3085,5555,8640,-0.28587962962962965,Not Imprinted,13.076982565981158
Pde10a,Imprinted,Maternal,KO_M1,KO Male,1280,2916,4196,-0.38989513822688276,Not Imprinted,12.03514274788591
Pde10a,Imprinted,Maternal,KO_M2,KO Male,2778,4439,7217,-0.23015103228488293,Not Imprinted,12.817383427897232
Pde10a,Imprinted,Maternal,KO_M3,KO Male,3075,4318,7393,-0.16813201677262274,Not Imprinted,12.852139328187244
Peg10,Imprinted,Paternal,WT_M1,WT Male,0,1393,1393,-1,Paternal,10.445014845868423
Peg10,Imprinted,Paternal,WT_M2,WT Male,70,3437,3507,-0.9600798403193613,Paternal,11.776433032444734
Peg10,Imprinted,Paternal,WT_M3,WT Male,0,775,775,-1,Paternal,9.599912842187127
Peg10,Imprinted,Paternal,WT_F1,WT Female,0,2904,2904,-1,Paternal,11.50432244829189
Peg10,Imprinted,Paternal,WT_F2,WT Female,0,960,960,-1,Paternal,9.90839262077375
Peg10,Imprinted,Paternal,WT_F3,WT Female,0,3504,3504,-1,Paternal,11.775198728897985
Peg10,Imprinted,Paternal,HT_F1,HT Female,1585,10884,12469,-0.7457695083807844,Paternal,13.606173844717032
Peg10,Imprinted,Paternal,HT_F2,HT Female,0,1426,1426,-1,Paternal,10.478769619475763
Peg10,Imprinted,Paternal,HT_F3,HT Female,0,1098,1098,-1,Paternal,10.101975670949232
Peg10,Imprinted,Paternal,KO_M1,KO Male,0,2504,2504,-1,Paternal,11.290594888082572
Peg10,Imprinted,Paternal,KO_M2,KO Male,0,5937,5937,-1,Paternal,12.535761377986656
Peg10,Imprinted,Paternal,KO_M3,KO Male,5,3338,3343,-0.9970086748429554,Paternal,11.707359132080883
Peg12,Imprinted,Paternal,WT_M1,WT Male,12,0,12,1,Maternal,3.700439718141092
Peg12,Imprinted,Paternal,WT_M2,WT Male,23,0,23,1,Maternal,4.584962500721156
Peg12,Imprinted,Paternal,WT_M3,WT Male,5,0,5,1,Maternal,2.584962500721156
Peg12,Imprinted,Paternal,WT_F1,WT Female,12,0,12,1,Maternal,3.700439718141092
Peg12,Imprinted,Paternal,WT_F2,WT Female,15,0,15,1,Maternal,4
Peg12,Imprinted,Paternal,WT_F3,WT Female,13,0,13,1,Maternal,3.807354922057604
Peg12,Imprinted,Paternal,HT_F1,HT Female,29,0,29,1,Maternal,4.906890595608519
Peg12,Imprinted,Paternal,HT_F2,HT Female,17,0,17,1,Maternal,4.169925001442312
Peg12,Imprinted,Paternal,HT_F3,HT Female,12,0,12,1,Maternal,3.700439718141092
Peg12,Imprinted,Paternal,KO_M1,KO Male,22,0,22,1,Maternal,4.523561956057013
Peg12,Imprinted,Paternal,KO_M2,KO Male,24,0,24,1,Maternal,4.643856189774724
Peg12,Imprinted,Paternal,KO_M3,KO Male,16,0,16,1,Maternal,4.087462841250339
Peg13,Imprinted,Paternal,WT_M1,WT Male,58,13280,13338,-0.9913030439346229,Paternal,13.70336289396418
Peg13,Imprinted,Paternal,WT_M2,WT Male,53,21263,21316,-0.9950272096078063,Paternal,14.379716797493629
Peg13,Imprinted,Paternal,WT_M3,WT Male,26,9488,9514,-0.9945343704015136,Paternal,13.215987941161384
Peg13,Imprinted,Paternal,WT_F1,WT Female,10,13886,13896,-0.9985607369027059,Paternal,13.762485855861582
Peg13,Imprinted,Paternal,WT_F2,WT Female,8,11443,11451,-0.9986027421185922,Paternal,13.483311954999353
Peg13,Imprinted,Paternal,WT_F3,WT Female,22,15488,15510,-0.9971631205673759,Paternal,13.921004080013352
Peg13,Imprinted,Paternal,HT_F1,HT Female,47,22288,22335,-0.9957913588538169,Paternal,14.447083226209653
Peg13,Imprinted,Paternal,HT_F2,HT Female,6,13146,13152,-0.9990875912408759,Paternal,13.68310427347766
Peg13,Imprinted,Paternal,HT_F3,HT Female,37,13478,13515,-0.9945246022937477,Paternal,13.722380635163802
Peg13,Imprinted,Paternal,KO_M1,KO Male,8,9782,9790,-0.9983656792645557,Paternal,13.257240501116577
Peg13,Imprinted,Paternal,KO_M2,KO Male,9,13556,13565,-0.9986730556579433,Paternal,13.727707777472686
Peg13,Imprinted,Paternal,KO_M3,KO Male,7,14859,14866,-0.9990582537333512,Paternal,13.859825936033682
Peg3,Imprinted,Paternal,WT_M1,WT Male,23,22702,22725,-0.997975797579758,Paternal,14.472056157502356
Peg3,Imprinted,Paternal,WT_M2,WT Male,3,38087,38090,-0.9998424783407719,Paternal,15.217162542906287
Peg3,Imprinted,Paternal,WT_M3,WT Male,2,16541,16543,-0.9997582058876866,Paternal,14.014020470314934
Peg3,Imprinted,Paternal,WT_F1,WT Female,22,25650,25672,-0.9982860704269243,Paternal,14.647964270407664
Peg3,Imprinted,Paternal,WT_F2,WT Female,1,22474,22475,-0.9999110122358176,Paternal,14.456097684964202
Peg3,Imprinted,Paternal,WT_F3,WT Female,20,27475,27495,-0.9985451900345518,Paternal,14.746934136372298
Peg3,Imprinted,Paternal,HT_F1,HT Female,215,50798,51013,-0.9915707760766863,Paternal,15.638605606218723
Peg3,Imprinted,Paternal,HT_F2,HT Female,3,21278,21281,-0.9997180583619191,Paternal,14.377346115656344
Peg3,Imprinted,Paternal,HT_F3,HT Female,3,21807,21810,-0.9997248968363136,Paternal,14.412768296340023
Peg3,Imprinted,Paternal,KO_M1,KO Male,2,16120,16122,-0.9997518918248356,Paternal,13.976832590067636
Peg3,Imprinted,Paternal,KO_M2,KO Male,2,25695,25697,-0.999844339806203,Paternal,14.649368462612198
Peg3,Imprinted,Paternal,KO_M3,KO Male,5,23391,23396,-0.9995725765088049,Paternal,14.514035936597969
Peg3os,Imprinted,Paternal,WT_M1,WT Male,12,0,12,1,Maternal,3.700439718141092
Peg3os,Imprinted,Paternal,WT_M2,WT Male,16,0,16,1,Maternal,4.087462841250339
Peg3os,Imprinted,Paternal,WT_M3,WT Male,2,0,2,1,Maternal,1.584962500721156
Peg3os,Imprinted,Paternal,WT_F1,WT Female,4,0,4,1,Maternal,2.321928094887362
Peg3os,Imprinted,Paternal,WT_F2,WT Female,8,0,8,1,Maternal,3.169925001442312
Peg3os,Imprinted,Paternal,WT_F3,WT Female,1,0,1,1,Maternal,1
Peg3os,Imprinted,Paternal,HT_F1,HT Female,17,0,17,1,Maternal,4.169925001442312
Peg3os,Imprinted,Paternal,HT_F2,HT Female,12,0,12,1,Maternal,3.700439718141092
Peg3os,Imprinted,Paternal,HT_F3,HT Female,9,0,9,1,Maternal,3.321928094887362
Peg3os,Imprinted,Paternal,KO_M1,KO Male,4,0,4,1,Maternal,2.321928094887362
Peg3os,Imprinted,Paternal,KO_M2,KO Male,8,0,8,1,Maternal,3.169925001442312
Peg3os,Imprinted,Paternal,KO_M3,KO Male,5,0,5,1,Maternal,2.584962500721156
Phlda2,Imprinted,Maternal,WT_M1,WT Male,0,0,0,NA,No Expression,0
Phlda2,Imprinted,Maternal,WT_M2,WT Male,0,0,0,NA,No Expression,0
Phlda2,Imprinted,Maternal,WT_M3,WT Male,0,0,0,NA,No Expression,0
Phlda2,Imprinted,Maternal,WT_F1,WT Female,1,0,1,1,Maternal,1
Phlda2,Imprinted,Maternal,WT_F2,WT Female,0,0,0,NA,No Expression,0
Phlda2,Imprinted,Maternal,WT_F3,WT Female,0,0,0,NA,No Expression,0
Phlda2,Imprinted,Maternal,HT_F1,HT Female,0,0,0,NA,No Expression,0
Phlda2,Imprinted,Maternal,HT_F2,HT Female,0,0,0,NA,No Expression,0
Phlda2,Imprinted,Maternal,HT_F3,HT Female,0,0,0,NA,No Expression,0
Phlda2,Imprinted,Maternal,KO_M1,KO Male,4,0,4,1,Maternal,2.321928094887362
Phlda2,Imprinted,Maternal,KO_M2,KO Male,0,0,0,NA,No Expression,0
Phlda2,Imprinted,Maternal,KO_M3,KO Male,0,0,0,NA,No Expression,0
Plagl1,Imprinted,Paternal,WT_M1,WT Male,52,1615,1667,-0.937612477504499,Paternal,10.703903573444663
Plagl1,Imprinted,Paternal,WT_M2,WT Male,238,7928,8166,-0.9417095273083517,Paternal,12.9955905123663
Plagl1,Imprinted,Paternal,WT_M3,WT Male,122,4081,4203,-0.9419462288841304,Paternal,12.037546953962178
Plagl1,Imprinted,Paternal,WT_F1,WT Female,196,6237,6433,-0.9390642002176278,Paternal,12.65150022065274
Plagl1,Imprinted,Paternal,WT_F2,WT Female,188,4748,4936,-0.9238249594813615,Paternal,12.269418929741096
Plagl1,Imprinted,Paternal,WT_F3,WT Female,161,6530,6691,-0.9518756538633986,Paternal,12.708221730038353
Plagl1,Imprinted,Paternal,HT_F1,HT Female,142,9837,9979,-0.9715402344924341,Paternal,13.284824100224624
Plagl1,Imprinted,Paternal,HT_F2,HT Female,146,3372,3518,-0.9169982944855031,Paternal,11.780949798749665
Plagl1,Imprinted,Paternal,HT_F3,HT Female,39,868,907,-0.9140022050716649,Paternal,9.826548487290914
Plagl1,Imprinted,Paternal,KO_M1,KO Male,198,3401,3599,-0.8899694359544318,Paternal,11.813781191217037
Plagl1,Imprinted,Paternal,KO_M2,KO Male,182,7530,7712,-0.9528008298755186,Paternal,12.913076395554812
Plagl1,Imprinted,Paternal,KO_M3,KO Male,177,5136,5313,-0.9333709768492378,Paternal,12.375582512490507
Platr20,Imprinted,Paternal,WT_M1,WT Male,0,0,0,NA,No Expression,0
Platr20,Imprinted,Paternal,WT_M2,WT Male,0,0,0,NA,No Expression,0
Platr20,Imprinted,Paternal,WT_M3,WT Male,0,0,0,NA,No Expression,0
Platr20,Imprinted,Paternal,WT_F1,WT Female,0,0,0,NA,No Expression,0
Platr20,Imprinted,Paternal,WT_F2,WT Female,0,0,0,NA,No Expression,0
Platr20,Imprinted,Paternal,WT_F3,WT Female,0,0,0,NA,No Expression,0
Platr20,Imprinted,Paternal,HT_F1,HT Female,1,0,1,1,Maternal,1
Platr20,Imprinted,Paternal,HT_F2,HT Female,0,0,0,NA,No Expression,0
Platr20,Imprinted,Paternal,HT_F3,HT Female,0,0,0,NA,No Expression,0
Platr20,Imprinted,Paternal,KO_M1,KO Male,0,0,0,NA,No Expression,0
Platr20,Imprinted,Paternal,KO_M2,KO Male,0,0,0,NA,No Expression,0
Platr20,Imprinted,Paternal,KO_M3,KO Male,0,0,0,NA,No Expression,0
Pon2,Imprinted,Maternal,WT_M1,WT Male,1218,578,1796,0.35634743875278396,Not Imprinted,10.811374693509942
Pon2,Imprinted,Maternal,WT_M2,WT Male,587,1956,2543,-0.5383405426661424,Not Imprinted,11.312882955284355
Pon2,Imprinted,Maternal,WT_M3,WT Male,729,417,1146,0.27225130890052357,Not Imprinted,10.163649676015824
Pon2,Imprinted,Maternal,WT_F1,WT Female,1220,684,1904,0.2815126050420168,Not Imprinted,10.895575282380685
Pon2,Imprinted,Maternal,WT_F2,WT Female,794,505,1299,0.2224788298691301,Not Imprinted,10.344295907915816
Pon2,Imprinted,Maternal,WT_F3,WT Female,1273,658,1931,0.3184878301398239,Not Imprinted,10.915879378835774
Pon2,Imprinted,Maternal,HT_F1,HT Female,556,1999,2555,-0.5647749510763209,Not Imprinted,11.319672120946995
Pon2,Imprinted,Maternal,HT_F2,HT Female,297,1410,1707,-0.6520210896309314,Not Imprinted,10.73809225962049
Pon2,Imprinted,Maternal,HT_F3,HT Female,911,549,1460,0.24794520547945206,Not Imprinted,10.512740462803498
Pon2,Imprinted,Maternal,KO_M1,KO Male,182,749,931,-0.6090225563909775,Not Imprinted,9.86418614465428
Pon2,Imprinted,Maternal,KO_M2,KO Male,868,489,1357,0.2792925571112749,Not Imprinted,10.407267764244732
Pon2,Imprinted,Maternal,KO_M3,KO Male,932,545,1477,0.26201760324983076,Not Imprinted,10.52943055414615
Pon3,Imprinted,Maternal,WT_M1,WT Male,678,244,922,0.47071583514099785,Not Imprinted,9.850186837645774
Pon3,Imprinted,Maternal,WT_M2,WT Male,721,363,1084,0.33025830258302585,Not Imprinted,10.083479327331842
Pon3,Imprinted,Maternal,WT_M3,WT Male,440,220,660,0.3333333333333333,Not Imprinted,9.368506461507693
Pon3,Imprinted,Maternal,WT_F1,WT Female,971,520,1491,0.3024815560026828,Not Imprinted,10.543031820255237
Pon3,Imprinted,Maternal,WT_F2,WT Female,139,51,190,0.4631578947368421,Not Imprinted,7.577428828035749
Pon3,Imprinted,Maternal,WT_F3,WT Female,824,321,1145,0.4393013100436681,Not Imprinted,10.162391328756906
Pon3,Imprinted,Maternal,HT_F1,HT Female,778,360,1138,0.36731107205623903,Not Imprinted,10.153552031708111
Pon3,Imprinted,Maternal,HT_F2,HT Female,270,113,383,0.40992167101827676,Not Imprinted,8.584962500721156
Pon3,Imprinted,Maternal,HT_F3,HT Female,169,30,199,0.6984924623115578,Not Imprinted,7.643856189774724
Pon3,Imprinted,Maternal,KO_M1,KO Male,193,130,323,0.19504643962848298,Not Imprinted,8.339850002884624
Pon3,Imprinted,Maternal,KO_M2,KO Male,61,86,147,-0.17006802721088435,Not Imprinted,7.20945336562895
Pon3,Imprinted,Maternal,KO_M3,KO Male,131,33,164,0.5975609756097561,Not Imprinted,7.366322214245816
Ppp1r9a,Imprinted,Maternal,WT_M1,WT Male,13085,15209,28294,-0.07506891920548527,Not Imprinted,14.78825951697013
Ppp1r9a,Imprinted,Maternal,WT_M2,WT Male,22243,21410,43653,0.019082308203330813,Not Imprinted,15.413826233078122
Ppp1r9a,Imprinted,Maternal,WT_M3,WT Male,8355,9134,17489,-0.04454228372119618,Not Imprinted,14.094242668809015
Ppp1r9a,Imprinted,Maternal,WT_F1,WT Female,14149,14222,28371,-0.0025730499453667476,Not Imprinted,14.792180232254807
Ppp1r9a,Imprinted,Maternal,WT_F2,WT Female,11806,12821,24627,-0.04121492670646039,Not Imprinted,14.588011853215088
Ppp1r9a,Imprinted,Maternal,WT_F3,WT Female,15702,16348,32050,-0.02015600624024961,Not Imprinted,14.968081749577067
Ppp1r9a,Imprinted,Maternal,HT_F1,HT Female,23625,20365,43990,0.07410775176176404,Not Imprinted,15.424920776402013
Ppp1r9a,Imprinted,Maternal,HT_F2,HT Female,13537,14225,27762,-0.024782076219292556,Not Imprinted,14.760875849889011
Ppp1r9a,Imprinted,Maternal,HT_F3,HT Female,14613,16208,30821,-0.051750429901690403,Not Imprinted,14.911672859068116
Ppp1r9a,Imprinted,Maternal,KO_M1,KO Male,9363,8798,18161,0.031110621661802763,Not Imprinted,14.14863546054867
Ppp1r9a,Imprinted,Maternal,KO_M2,KO Male,13036,13894,26930,-0.031860378759747496,Not Imprinted,14.716980180434541
Ppp1r9a,Imprinted,Maternal,KO_M3,KO Male,14307,15638,29945,-0.04444815495074303,Not Imprinted,14.870075689222649
Prkn,Imprinted,Maternal,WT_M1,WT Male,121,311,432,-0.4398148148148148,Not Imprinted,8.758223214726724
Prkn,Imprinted,Maternal,WT_M2,WT Male,565,586,1151,-0.018245004344048653,Not Imprinted,10.169925001442312
Prkn,Imprinted,Maternal,WT_M3,WT Male,205,294,499,-0.17835671342685372,Not Imprinted,8.965784284662087
Prkn,Imprinted,Maternal,WT_F1,WT Female,165,333,498,-0.3373493975903614,Not Imprinted,8.96289600533726
Prkn,Imprinted,Maternal,WT_F2,WT Female,104,340,444,-0.5315315315315315,Not Imprinted,8.79766152585376
Prkn,Imprinted,Maternal,WT_F3,WT Female,311,339,650,-0.043076923076923075,Not Imprinted,9.346513733165635
Prkn,Imprinted,Maternal,HT_F1,HT Female,581,357,938,0.23880597014925373,Not Imprinted,9.874981347653774
Prkn,Imprinted,Maternal,HT_F2,HT Female,227,381,608,-0.2532894736842105,Not Imprinted,9.250298417906333
Prkn,Imprinted,Maternal,HT_F3,HT Female,124,336,460,-0.4608695652173913,Not Imprinted,8.848622940429339
Prkn,Imprinted,Maternal,KO_M1,KO Male,162,169,331,-0.021148036253776436,Not Imprinted,8.375039431346925
Prkn,Imprinted,Maternal,KO_M2,KO Male,288,288,576,0,Not Imprinted,9.172427508645482
Prkn,Imprinted,Maternal,KO_M3,KO Male,375,396,771,-0.027237354085603113,Not Imprinted,9.59245703726808
Qpct,Imprinted,Maternal,WT_M1,WT Male,416,271,687,0.21106259097525473,Not Imprinted,9.426264754702098
Qpct,Imprinted,Maternal,WT_M2,WT Male,617,665,1282,-0.0374414976599064,Not Imprinted,10.325305455089682
Qpct,Imprinted,Maternal,WT_M3,WT Male,265,345,610,-0.13114754098360656,Not Imprinted,9.25502856981873
Qpct,Imprinted,Maternal,WT_F1,WT Female,368,445,813,-0.09471094710947109,Not Imprinted,9.668884984266247
Qpct,Imprinted,Maternal,WT_F2,WT Female,329,481,810,-0.18765432098765433,Not Imprinted,9.663558104217273
Qpct,Imprinted,Maternal,WT_F3,WT Female,437,446,883,-0.010192525481313703,Not Imprinted,9.787902559391432
Qpct,Imprinted,Maternal,HT_F1,HT Female,675,811,1486,-0.09152086137281291,Not Imprinted,10.53818893205242
Qpct,Imprinted,Maternal,HT_F2,HT Female,235,357,592,-0.20608108108108109,Not Imprinted,9.211888294546004
Qpct,Imprinted,Maternal,HT_F3,HT Female,365,202,567,0.2874779541446208,Not Imprinted,9.149747119504681
Qpct,Imprinted,Maternal,KO_M1,KO Male,218,291,509,-0.14341846758349705,Not Imprinted,8.994353436858859
Qpct,Imprinted,Maternal,KO_M2,KO Male,462,457,919,0.00544069640914037,Not Imprinted,9.845490050944376
Qpct,Imprinted,Maternal,KO_M3,KO Male,408,346,754,0.08222811671087533,Not Imprinted,9.560332834212442
Rasgrf1,Imprinted,Paternal,WT_M1,WT Male,11646,29190,40836,-0.42962092271525126,Not Imprinted,15.317589265253524
Rasgrf1,Imprinted,Paternal,WT_M2,WT Male,16248,50293,66541,-0.5116394403450504,Not Imprinted,16.02197760835994
Rasgrf1,Imprinted,Paternal,WT_M3,WT Male,7773,22791,30564,-0.49136238712210445,Not Imprinted,14.899592946652207
Rasgrf1,Imprinted,Paternal,WT_F1,WT Female,8782,29317,38099,-0.5389905246856873,Not Imprinted,15.217503377268047
Rasgrf1,Imprinted,Paternal,WT_F2,WT Female,8516,27420,35936,-0.526046304541407,Not Imprinted,15.133182358075361
Rasgrf1,Imprinted,Paternal,WT_F3,WT Female,11635,33858,45493,-0.48849273514606645,Not Imprinted,15.473388666816124
Rasgrf1,Imprinted,Paternal,HT_F1,HT Female,13703,47472,61175,-0.5520065386187168,Not Imprinted,15.900678158743357
Rasgrf1,Imprinted,Paternal,HT_F2,HT Female,10360,28463,38823,-0.4662957525178374,Not Imprinted,15.244661144764198
Rasgrf1,Imprinted,Paternal,HT_F3,HT Female,11818,29445,41263,-0.4271865836221312,Not Imprinted,15.332596057789214
Rasgrf1,Imprinted,Paternal,KO_M1,KO Male,6604,17114,23718,-0.44312336621974874,Not Imprinted,14.533755566269257
Rasgrf1,Imprinted,Paternal,KO_M2,KO Male,13617,33919,47536,-0.4270868394479973,Not Imprinted,15.536763239041623
Rasgrf1,Imprinted,Paternal,KO_M3,KO Male,11107,34009,45116,-0.5076247894316872,Not Imprinted,15.461383520224656
Rian,Imprinted,Maternal,WT_M1,WT Male,24459,40,24499,0.99673456059431,Maternal,14.580494128777294
Rian,Imprinted,Maternal,WT_M2,WT Male,734,28272,29006,-0.9493897814245329,Paternal,14.824113474501857
Rian,Imprinted,Maternal,WT_M3,WT Male,21444,119,21563,0.9889625747808747,Maternal,14.396337194231098
Rian,Imprinted,Maternal,WT_F1,WT Female,892,18806,19698,-0.9094324296882932,Paternal,14.265834774121519
Rian,Imprinted,Maternal,WT_F2,WT Female,24882,23,24905,0.9981529813290504,Maternal,14.604205717324763
Rian,Imprinted,Maternal,WT_F3,WT Female,1192,22409,23601,-0.8989873310452947,Paternal,14.526621496247854
Rian,Imprinted,Maternal,HT_F1,HT Female,59163,67,59230,0.9977376329562722,Maternal,15.854064822982078
Rian,Imprinted,Maternal,HT_F2,HT Female,33840,30,33870,0.9982285208148804,Maternal,15.04776296082332
Rian,Imprinted,Maternal,HT_F3,HT Female,371,16599,16970,-0.9562757807896287,Paternal,14.050783956364931
Rian,Imprinted,Maternal,KO_M1,KO Male,497,11772,12269,-0.9189828021843671,Paternal,13.582847628550267
Rian,Imprinted,Maternal,KO_M2,KO Male,660,22233,22893,-0.9423404534137072,Paternal,14.482681929642867
Rian,Imprinted,Maternal,KO_M3,KO Male,859,22814,23673,-0.9274278714146919,Paternal,14.531015866467587
Rtl1,Imprinted,Paternal,WT_M1,WT Male,13,0,13,1,Maternal,3.807354922057604
Rtl1,Imprinted,Paternal,WT_M2,WT Male,22,0,22,1,Maternal,4.523561956057013
Rtl1,Imprinted,Paternal,WT_M3,WT Male,11,0,11,1,Maternal,3.584962500721156
Rtl1,Imprinted,Paternal,WT_F1,WT Female,15,0,15,1,Maternal,4
Rtl1,Imprinted,Paternal,WT_F2,WT Female,11,0,11,1,Maternal,3.584962500721156
Rtl1,Imprinted,Paternal,WT_F3,WT Female,27,0,27,1,Maternal,4.807354922057604
Rtl1,Imprinted,Paternal,HT_F1,HT Female,0,242,242,-1,Paternal,7.924812503605781
Rtl1,Imprinted,Paternal,HT_F2,HT Female,14,0,14,1,Maternal,3.9068905956085187
Rtl1,Imprinted,Paternal,HT_F3,HT Female,4,0,4,1,Maternal,2.321928094887362
Rtl1,Imprinted,Paternal,KO_M1,KO Male,56,0,56,1,Maternal,5.832890014164741
Rtl1,Imprinted,Paternal,KO_M2,KO Male,20,0,20,1,Maternal,4.392317422778761
Rtl1,Imprinted,Paternal,KO_M3,KO Male,9,0,9,1,Maternal,3.321928094887362
Sall1,Imprinted,Paternal,WT_M1,WT Male,71,1711,1782,-0.920314253647587,Paternal,10.800090987624994
Sall1,Imprinted,Paternal,WT_M2,WT Male,941,1424,2365,-0.20422832980972516,Not Imprinted,11.208234358339789
Sall1,Imprinted,Paternal,WT_M3,WT Male,545,678,1223,-0.10874897792313983,Not Imprinted,10.257387842692651
Sall1,Imprinted,Paternal,WT_F1,WT Female,910,917,1827,-0.0038314176245210726,Not Imprinted,10.83605035505807
Sall1,Imprinted,Paternal,WT_F2,WT Female,827,873,1700,-0.027058823529411764,Not Imprinted,10.732167425663386
Sall1,Imprinted,Paternal,WT_F3,WT Female,54,1815,1869,-0.942215088282504,Paternal,10.868822554774999
Sall1,Imprinted,Paternal,HT_F1,HT Female,1240,1575,2815,-0.11900532859680284,Not Imprinted,11.459431618637296
Sall1,Imprinted,Paternal,HT_F2,HT Female,754,890,1644,-0.0827250608272506,Not Imprinted,10.683871868622603
Sall1,Imprinted,Paternal,HT_F3,HT Female,731,802,1533,-0.046314416177429873,Not Imprinted,10.583082767502933
Sall1,Imprinted,Paternal,KO_M1,KO Male,359,469,828,-0.13285024154589373,Not Imprinted,9.69522829149575
Sall1,Imprinted,Paternal,KO_M2,KO Male,700,908,1608,-0.12935323383084577,Not Imprinted,10.651948610723446
Sall1,Imprinted,Paternal,KO_M3,KO Male,54,1511,1565,-0.9309904153354632,Paternal,10.612868497291041
Sfmbt2,Imprinted,Paternal,WT_M1,WT Male,362,316,678,0.06784660766961652,Not Imprinted,9.407267764244732
Sfmbt2,Imprinted,Paternal,WT_M2,WT Male,268,584,852,-0.37089201877934275,Not Imprinted,9.73640193131829
Sfmbt2,Imprinted,Paternal,WT_M3,WT Male,424,266,690,0.2289855072463768,Not Imprinted,9.432541900388259
Sfmbt2,Imprinted,Paternal,WT_F1,WT Female,256,467,723,-0.2918395573997234,Not Imprinted,9.499845887083206
Sfmbt2,Imprinted,Paternal,WT_F2,WT Female,158,355,513,-0.3840155945419103,Not Imprinted,9.005624549193879
Sfmbt2,Imprinted,Paternal,WT_F3,WT Female,583,411,994,0.17303822937625754,Not Imprinted,9.958552715431011
Sfmbt2,Imprinted,Paternal,HT_F1,HT Female,528,934,1462,-0.2777017783857729,Not Imprinted,10.514714054138487
Sfmbt2,Imprinted,Paternal,HT_F2,HT Female,127,287,414,-0.3864734299516908,Not Imprinted,8.696967526234287
Sfmbt2,Imprinted,Paternal,HT_F3,HT Female,214,457,671,-0.3621460506706408,Not Imprinted,9.39231742277876
Sfmbt2,Imprinted,Paternal,KO_M1,KO Male,326,217,543,0.2007366482504604,Not Imprinted,9.087462841250339
Sfmbt2,Imprinted,Paternal,KO_M2,KO Male,306,425,731,-0.16279069767441862,Not Imprinted,9.515699838284043
Sfmbt2,Imprinted,Paternal,KO_M3,KO Male,395,404,799,-0.011264080100125156,Not Imprinted,9.643856189774725
Sgce,Imprinted,Paternal,WT_M1,WT Male,1,1192,1193,-0.9983235540653814,Paternal,10.221587121264806
Sgce,Imprinted,Paternal,WT_M2,WT Male,0,1885,1885,-1,Paternal,10.881113960675096
Sgce,Imprinted,Paternal,WT_M3,WT Male,0,753,753,-1,Paternal,9.558420713268664
Sgce,Imprinted,Paternal,WT_F1,WT Female,2,1242,1244,-0.9967845659163987,Paternal,10.281930026955443
Sgce,Imprinted,Paternal,WT_F2,WT Female,0,1027,1027,-1,Paternal,10.005624549193879
Sgce,Imprinted,Paternal,WT_F3,WT Female,1,1274,1275,-0.9984313725490196,Paternal,10.31741261376487
Sgce,Imprinted,Paternal,HT_F1,HT Female,1,2097,2098,-0.9990467111534795,Paternal,11.035486451292154
Sgce,Imprinted,Paternal,HT_F2,HT Female,0,1145,1145,-1,Paternal,10.162391328756906
Sgce,Imprinted,Paternal,HT_F3,HT Female,3,1243,1246,-0.9951845906902087,Paternal,10.28424574982967
Sgce,Imprinted,Paternal,KO_M1,KO Male,0,599,599,-1,Paternal,9.228818690495881
Sgce,Imprinted,Paternal,KO_M2,KO Male,0,1166,1166,-1,Paternal,10.188588845707349
Sgce,Imprinted,Paternal,KO_M3,KO Male,3,1087,1090,-0.9944954128440368,Paternal,10.091435386323607
Slc22a18,Imprinted,Maternal,WT_M1,WT Male,19,0,19,1,Maternal,4.321928094887363
Slc22a18,Imprinted,Maternal,WT_M2,WT Male,27,0,27,1,Maternal,4.807354922057604
Slc22a18,Imprinted,Maternal,WT_M3,WT Male,16,0,16,1,Maternal,4.087462841250339
Slc22a18,Imprinted,Maternal,WT_F1,WT Female,32,0,32,1,Maternal,5.044394119358453
Slc22a18,Imprinted,Maternal,WT_F2,WT Female,6,0,6,1,Maternal,2.807354922057604
Slc22a18,Imprinted,Maternal,WT_F3,WT Female,29,0,29,1,Maternal,4.906890595608519
Slc22a18,Imprinted,Maternal,HT_F1,HT Female,42,11,53,0.5849056603773585,Not Imprinted,5.754887502163468
Slc22a18,Imprinted,Maternal,HT_F2,HT Female,12,0,12,1,Maternal,3.700439718141092
Slc22a18,Imprinted,Maternal,HT_F3,HT Female,4,0,4,1,Maternal,2.321928094887362
Slc22a18,Imprinted,Maternal,KO_M1,KO Male,12,0,12,1,Maternal,3.700439718141092
Slc22a18,Imprinted,Maternal,KO_M2,KO Male,3,0,3,1,Maternal,2
Slc22a18,Imprinted,Maternal,KO_M3,KO Male,7,0,7,1,Maternal,3
Slc22a2,Imprinted,Maternal,WT_M1,WT Male,5,0,5,1,Maternal,2.584962500721156
Slc22a2,Imprinted,Maternal,WT_M2,WT Male,8,0,8,1,Maternal,3.169925001442312
Slc22a2,Imprinted,Maternal,WT_M3,WT Male,2,0,2,1,Maternal,1.584962500721156
Slc22a2,Imprinted,Maternal,WT_F1,WT Female,6,0,6,1,Maternal,2.807354922057604
Slc22a2,Imprinted,Maternal,WT_F2,WT Female,1,0,1,1,Maternal,1
Slc22a2,Imprinted,Maternal,WT_F3,WT Female,12,0,12,1,Maternal,3.700439718141092
Slc22a2,Imprinted,Maternal,HT_F1,HT Female,27,0,27,1,Maternal,4.807354922057604
Slc22a2,Imprinted,Maternal,HT_F2,HT Female,2,0,2,1,Maternal,1.584962500721156
Slc22a2,Imprinted,Maternal,HT_F3,HT Female,3,0,3,1,Maternal,2
Slc22a2,Imprinted,Maternal,KO_M1,KO Male,2,0,2,1,Maternal,1.584962500721156
Slc22a2,Imprinted,Maternal,KO_M2,KO Male,3,0,3,1,Maternal,2
Slc22a2,Imprinted,Maternal,KO_M3,KO Male,5,0,5,1,Maternal,2.584962500721156
Slc22a3,Imprinted,Maternal,WT_M1,WT Male,13,0,13,1,Maternal,3.807354922057604
Slc22a3,Imprinted,Maternal,WT_M2,WT Male,19,0,19,1,Maternal,4.321928094887363
Slc22a3,Imprinted,Maternal,WT_M3,WT Male,22,0,22,1,Maternal,4.523561956057013
Slc22a3,Imprinted,Maternal,WT_F1,WT Female,47,0,47,1,Maternal,5.584962500721156
Slc22a3,Imprinted,Maternal,WT_F2,WT Female,7,0,7,1,Maternal,3
Slc22a3,Imprinted,Maternal,WT_F3,WT Female,44,0,44,1,Maternal,5.491853096329675
Slc22a3,Imprinted,Maternal,HT_F1,HT Female,57,24,81,0.4074074074074074,Not Imprinted,6.357552004618084
Slc22a3,Imprinted,Maternal,HT_F2,HT Female,12,0,12,1,Maternal,3.700439718141092
Slc22a3,Imprinted,Maternal,HT_F3,HT Female,26,0,26,1,Maternal,4.754887502163468
Slc22a3,Imprinted,Maternal,KO_M1,KO Male,17,0,17,1,Maternal,4.169925001442312
Slc22a3,Imprinted,Maternal,KO_M2,KO Male,13,0,13,1,Maternal,3.807354922057604
Slc22a3,Imprinted,Maternal,KO_M3,KO Male,18,0,18,1,Maternal,4.247927513443585
Slc38a4,Imprinted,Paternal,WT_M1,WT Male,20,29,49,-0.1836734693877551,Not Imprinted,5.643856189774724
Slc38a4,Imprinted,Paternal,WT_M2,WT Male,51,55,106,-0.03773584905660377,Not Imprinted,6.741466986401147
Slc38a4,Imprinted,Paternal,WT_M3,WT Male,39,0,39,1,Maternal,5.321928094887363
Slc38a4,Imprinted,Paternal,WT_F1,WT Female,18,43,61,-0.4098360655737705,Not Imprinted,5.954196310386875
Slc38a4,Imprinted,Paternal,WT_F2,WT Female,44,0,44,1,Maternal,5.491853096329675
Slc38a4,Imprinted,Paternal,WT_F3,WT Female,34,51,85,-0.2,Not Imprinted,6.426264754702098
Slc38a4,Imprinted,Paternal,HT_F1,HT Female,55,89,144,-0.2361111111111111,Not Imprinted,7.1799090900149345
Slc38a4,Imprinted,Paternal,HT_F2,HT Female,78,19,97,0.6082474226804123,Not Imprinted,6.614709844115208
Slc38a4,Imprinted,Paternal,HT_F3,HT Female,73,0,73,1,Maternal,6.20945336562895
Slc38a4,Imprinted,Paternal,KO_M1,KO Male,17,0,17,1,Maternal,4.169925001442312
Slc38a4,Imprinted,Paternal,KO_M2,KO Male,55,0,55,1,Maternal,5.807354922057604
Slc38a4,Imprinted,Paternal,KO_M3,KO Male,41,18,59,0.3898305084745763,Not Imprinted,5.906890595608519
Smoc1,Imprinted,Paternal,WT_M1,WT Male,365,244,609,0.1986863711001642,Not Imprinted,9.252665432450248
Smoc1,Imprinted,Paternal,WT_M2,WT Male,1068,451,1519,0.40618828176431865,Not Imprinted,10.569855608330949
Smoc1,Imprinted,Paternal,WT_M3,WT Male,430,198,628,0.36942675159235666,Not Imprinted,9.296916206879288
Smoc1,Imprinted,Paternal,WT_F1,WT Female,411,348,759,0.08300395256916997,Not Imprinted,9.569855608330949
Smoc1,Imprinted,Paternal,WT_F2,WT Female,425,237,662,0.283987915407855,Not Imprinted,9.372865060112588
Smoc1,Imprinted,Paternal,WT_F3,WT Female,777,453,1230,0.2634146341463415,Not Imprinted,10.265615046484458
Smoc1,Imprinted,Paternal,HT_F1,HT Female,2247,1777,4024,0.11679920477137178,Not Imprinted,11.974773067889341
Smoc1,Imprinted,Paternal,HT_F2,HT Female,410,238,648,0.2654320987654321,Not Imprinted,9.342074667999139
Smoc1,Imprinted,Paternal,HT_F3,HT Female,266,184,450,0.18222222222222223,Not Imprinted,8.81698362325538
Smoc1,Imprinted,Paternal,KO_M1,KO Male,677,433,1110,0.21981981981981982,Not Imprinted,10.117643101389092
Smoc1,Imprinted,Paternal,KO_M2,KO Male,745,602,1347,0.10616184112843356,Not Imprinted,10.396604781181859
Smoc1,Imprinted,Paternal,KO_M3,KO Male,704,344,1048,0.3435114503816794,Not Imprinted,10.034798962577268
Smoc2,Imprinted,Maternal,WT_M1,WT Male,1382,1546,2928,-0.056010928961748634,Not Imprinted,11.516192477879367
Smoc2,Imprinted,Maternal,WT_M2,WT Male,2210,2055,4265,0.03634232121922626,Not Imprinted,12.058668250340572
Smoc2,Imprinted,Maternal,WT_M3,WT Male,1023,792,1815,0.12727272727272726,Not Imprinted,10.826548487290914
Smoc2,Imprinted,Maternal,WT_F1,WT Female,1818,1605,3423,0.06222611744084137,Not Imprinted,11.741466986401146
Smoc2,Imprinted,Maternal,WT_F2,WT Female,1682,1476,3158,0.06523115896136795,Not Imprinted,11.625252221746873
Smoc2,Imprinted,Maternal,WT_F3,WT Female,1157,899,2056,0.1254863813229572,Not Imprinted,11.006326078524934
Smoc2,Imprinted,Maternal,HT_F1,HT Female,1507,1538,3045,-0.010180623973727421,Not Imprinted,11.572700226487292
Smoc2,Imprinted,Maternal,HT_F2,HT Female,398,392,790,0.007594936708860759,Not Imprinted,9.627533884472792
Smoc2,Imprinted,Maternal,HT_F3,HT Female,1813,1845,3658,-0.008747949699289229,Not Imprinted,11.837233700339088
Smoc2,Imprinted,Maternal,KO_M1,KO Male,805,930,1735,-0.07204610951008646,Not Imprinted,10.761551232444479
Smoc2,Imprinted,Maternal,KO_M2,KO Male,1353,1174,2527,0.07083498219232291,Not Imprinted,11.303780748177102
Smoc2,Imprinted,Maternal,KO_M3,KO Male,1618,1299,2917,0.10935893040795337,Not Imprinted,11.510764167917891
Snrpn,Imprinted,Paternal,WT_M1,WT Male,0,90,90,-1,Paternal,6.507794640198696
Snrpn,Imprinted,Paternal,WT_M2,WT Male,6,181,187,-0.9358288770053476,Paternal,7.554588851677638
Snrpn,Imprinted,Paternal,WT_M3,WT Male,0,117,117,-1,Paternal,6.882643049361842
Snrpn,Imprinted,Paternal,WT_F1,WT Female,0,108,108,-1,Paternal,6.768184324776926
Snrpn,Imprinted,Paternal,WT_F2,WT Female,3,128,131,-0.9541984732824428,Paternal,7.044394119358453
Snrpn,Imprinted,Paternal,WT_F3,WT Female,3,158,161,-0.9627329192546584,Paternal,7.339850002884624
Snrpn,Imprinted,Paternal,HT_F1,HT Female,4,228,232,-0.9655172413793104,Paternal,7.864186144654281
Snrpn,Imprinted,Paternal,HT_F2,HT Female,8,151,159,-0.89937106918239,Paternal,7.321928094887363
Snrpn,Imprinted,Paternal,HT_F3,HT Female,0,92,92,-1,Paternal,6.539158811108031
Snrpn,Imprinted,Paternal,KO_M1,KO Male,2,49,51,-0.9215686274509803,Paternal,5.700439718141092
Snrpn,Imprinted,Paternal,KO_M2,KO Male,6,144,150,-0.92,Paternal,7.2384047393250786
Snrpn,Imprinted,Paternal,KO_M3,KO Male,2,128,130,-0.9692307692307692,Paternal,7.03342300153745
Snurf,Imprinted,Paternal,WT_M1,WT Male,0,0,0,NA,No Expression,0
Snurf,Imprinted,Paternal,WT_M2,WT Male,0,0,0,NA,No Expression,0
Snurf,Imprinted,Paternal,WT_M3,WT Male,0,0,0,NA,No Expression,0
Snurf,Imprinted,Paternal,WT_F1,WT Female,0,0,0,NA,No Expression,0
Snurf,Imprinted,Paternal,WT_F2,WT Female,0,0,0,NA,No Expression,0
Snurf,Imprinted,Paternal,WT_F3,WT Female,0,0,0,NA,No Expression,0
Snurf,Imprinted,Paternal,HT_F1,HT Female,0,0,0,NA,No Expression,0
Snurf,Imprinted,Paternal,HT_F2,HT Female,0,0,0,NA,No Expression,0
Snurf,Imprinted,Paternal,HT_F3,HT Female,0,0,0,NA,No Expression,0
Snurf,Imprinted,Paternal,KO_M1,KO Male,0,0,0,NA,No Expression,0
Snurf,Imprinted,Paternal,KO_M2,KO Male,0,0,0,NA,No Expression,0
Snurf,Imprinted,Paternal,KO_M3,KO Male,0,0,0,NA,No Expression,0
Snx14,Imprinted,Paternal,WT_M1,WT Male,1794,2559,4353,-0.17574086836664368,Not Imprinted,12.088125692188207
Snx14,Imprinted,Paternal,WT_M2,WT Male,2496,4169,6665,-0.2510127531882971,Not Imprinted,12.702605602110248
Snx14,Imprinted,Paternal,WT_M3,WT Male,1336,1761,3097,-0.13722957701000968,Not Imprinted,11.597121428789569
Snx14,Imprinted,Paternal,WT_F1,WT Female,2215,2380,4595,-0.035908596300326445,Not Imprinted,12.166163082646113
Snx14,Imprinted,Paternal,WT_F2,WT Female,1703,2288,3991,-0.1465798045602606,Not Imprinted,11.96289600533726
Snx14,Imprinted,Paternal,WT_F3,WT Female,2691,2269,4960,0.08508064516129032,Not Imprinted,12.276415241892678
Snx14,Imprinted,Paternal,HT_F1,HT Female,3786,3318,7104,0.06587837837837837,Not Imprinted,12.794618934130142
Snx14,Imprinted,Paternal,HT_F2,HT Female,2126,2108,4234,0.004251299008030231,Not Imprinted,12.04814625421956
Snx14,Imprinted,Paternal,HT_F3,HT Female,2003,1907,3910,0.024552429667519183,Not Imprinted,11.933321820732946
Snx14,Imprinted,Paternal,KO_M1,KO Male,1174,976,2150,0.09209302325581395,Not Imprinted,11.070791809423062
Snx14,Imprinted,Paternal,KO_M2,KO Male,1812,2164,3976,-0.08853118712273642,Not Imprinted,11.95746484680521
Snx14,Imprinted,Paternal,KO_M3,KO Male,2025,2279,4304,-0.05901486988847584,Not Imprinted,12.071797522284207
Tfpi2,Imprinted,Maternal,WT_M1,WT Male,5,0,5,1,Maternal,2.584962500721156
Tfpi2,Imprinted,Maternal,WT_M2,WT Male,5,0,5,1,Maternal,2.584962500721156
Tfpi2,Imprinted,Maternal,WT_M3,WT Male,1,0,1,1,Maternal,1
Tfpi2,Imprinted,Maternal,WT_F1,WT Female,3,0,3,1,Maternal,2
Tfpi2,Imprinted,Maternal,WT_F2,WT Female,3,0,3,1,Maternal,2
Tfpi2,Imprinted,Maternal,WT_F3,WT Female,3,0,3,1,Maternal,2
Tfpi2,Imprinted,Maternal,HT_F1,HT Female,1,0,1,1,Maternal,1
Tfpi2,Imprinted,Maternal,HT_F2,HT Female,1,0,1,1,Maternal,1
Tfpi2,Imprinted,Maternal,HT_F3,HT Female,3,0,3,1,Maternal,2
Tfpi2,Imprinted,Maternal,KO_M1,KO Male,0,0,0,NA,No Expression,0
Tfpi2,Imprinted,Maternal,KO_M2,KO Male,3,0,3,1,Maternal,2
Tfpi2,Imprinted,Maternal,KO_M3,KO Male,2,0,2,1,Maternal,1.584962500721156
Th,Imprinted,Maternal,WT_M1,WT Male,21,0,21,1,Maternal,4.459431618637297
Th,Imprinted,Maternal,WT_M2,WT Male,44,0,44,1,Maternal,5.491853096329675
Th,Imprinted,Maternal,WT_M3,WT Male,6,0,6,1,Maternal,2.807354922057604
Th,Imprinted,Maternal,WT_F1,WT Female,71,0,71,1,Maternal,6.169925001442312
Th,Imprinted,Maternal,WT_F2,WT Female,6,0,6,1,Maternal,2.807354922057604
Th,Imprinted,Maternal,WT_F3,WT Female,19,0,19,1,Maternal,4.321928094887363
Th,Imprinted,Maternal,HT_F1,HT Female,40,61,101,-0.2079207920792079,Not Imprinted,6.672425341971495
Th,Imprinted,Maternal,HT_F2,HT Female,8,0,8,1,Maternal,3.169925001442312
Th,Imprinted,Maternal,HT_F3,HT Female,9,0,9,1,Maternal,3.321928094887362
Th,Imprinted,Maternal,KO_M1,KO Male,15,0,15,1,Maternal,4
Th,Imprinted,Maternal,KO_M2,KO Male,22,0,22,1,Maternal,4.523561956057013
Th,Imprinted,Maternal,KO_M3,KO Male,14,0,14,1,Maternal,3.9068905956085187
Thbs2,Imprinted,Maternal,WT_M1,WT Male,455,477,932,-0.023605150214592276,Not Imprinted,9.86573327085176
Thbs2,Imprinted,Maternal,WT_M2,WT Male,513,520,1033,-0.006776379477250726,Not Imprinted,10.014020470314934
Thbs2,Imprinted,Maternal,WT_M3,WT Male,250,322,572,-0.1258741258741259,Not Imprinted,9.162391328756906
Thbs2,Imprinted,Maternal,WT_F1,WT Female,425,605,1030,-0.17475728155339806,Not Imprinted,10.00982861736811
Thbs2,Imprinted,Maternal,WT_F2,WT Female,101,134,235,-0.14042553191489363,Not Imprinted,7.882643049361842
Thbs2,Imprinted,Maternal,WT_F3,WT Female,236,499,735,-0.3578231292517007,Not Imprinted,9.523561956057012
Thbs2,Imprinted,Maternal,HT_F1,HT Female,278,519,797,-0.30238393977415307,Not Imprinted,9.640244936222345
Thbs2,Imprinted,Maternal,HT_F2,HT Female,207,178,385,0.07532467532467532,Not Imprinted,8.59245703726808
Thbs2,Imprinted,Maternal,HT_F3,HT Female,106,172,278,-0.23741007194244604,Not Imprinted,8.124121311829187
Thbs2,Imprinted,Maternal,KO_M1,KO Male,92,261,353,-0.47875354107648727,Not Imprinted,8.467605550082997
Thbs2,Imprinted,Maternal,KO_M2,KO Male,72,127,199,-0.27638190954773867,Not Imprinted,7.643856189774724
Thbs2,Imprinted,Maternal,KO_M3,KO Male,240,123,363,0.32231404958677684,Not Imprinted,8.507794640198696
Tnfrsf22,Imprinted,Maternal,WT_M1,WT Male,90,0,90,1,Maternal,6.507794640198696
Tnfrsf22,Imprinted,Maternal,WT_M2,WT Male,91,48,139,0.30935251798561153,Not Imprinted,7.129283016944966
Tnfrsf22,Imprinted,Maternal,WT_M3,WT Male,57,0,57,1,Maternal,5.857980995127572
Tnfrsf22,Imprinted,Maternal,WT_F1,WT Female,107,0,107,1,Maternal,6.754887502163468
Tnfrsf22,Imprinted,Maternal,WT_F2,WT Female,52,19,71,0.4647887323943662,Not Imprinted,6.169925001442312
Tnfrsf22,Imprinted,Maternal,WT_F3,WT Female,99,0,99,1,Maternal,6.643856189774724
Tnfrsf22,Imprinted,Maternal,HT_F1,HT Female,45,105,150,-0.4,Not Imprinted,7.2384047393250786
Tnfrsf22,Imprinted,Maternal,HT_F2,HT Female,68,0,68,1,Maternal,6.108524456778169
Tnfrsf22,Imprinted,Maternal,HT_F3,HT Female,34,34,68,0,Not Imprinted,6.108524456778169
Tnfrsf22,Imprinted,Maternal,KO_M1,KO Male,31,12,43,0.4418604651162791,Not Imprinted,5.459431618637297
Tnfrsf22,Imprinted,Maternal,KO_M2,KO Male,38,21,59,0.288135593220339,Not Imprinted,5.906890595608519
Tnfrsf22,Imprinted,Maternal,KO_M3,KO Male,52,0,52,1,Maternal,5.727920454563199
Tnfrsf23,Imprinted,Maternal,WT_M1,WT Male,23,0,23,1,Maternal,4.584962500721156
Tnfrsf23,Imprinted,Maternal,WT_M2,WT Male,33,0,33,1,Maternal,5.087462841250339
Tnfrsf23,Imprinted,Maternal,WT_M3,WT Male,14,0,14,1,Maternal,3.9068905956085187
Tnfrsf23,Imprinted,Maternal,WT_F1,WT Female,27,0,27,1,Maternal,4.807354922057604
Tnfrsf23,Imprinted,Maternal,WT_F2,WT Female,30,0,30,1,Maternal,4.954196310386875
Tnfrsf23,Imprinted,Maternal,WT_F3,WT Female,18,0,18,1,Maternal,4.247927513443585
Tnfrsf23,Imprinted,Maternal,HT_F1,HT Female,49,0,49,1,Maternal,5.643856189774724
Tnfrsf23,Imprinted,Maternal,HT_F2,HT Female,17,0,17,1,Maternal,4.169925001442312
Tnfrsf23,Imprinted,Maternal,HT_F3,HT Female,14,0,14,1,Maternal,3.9068905956085187
Tnfrsf23,Imprinted,Maternal,KO_M1,KO Male,6,0,6,1,Maternal,2.807354922057604
Tnfrsf23,Imprinted,Maternal,KO_M2,KO Male,12,0,12,1,Maternal,3.700439718141092
Tnfrsf23,Imprinted,Maternal,KO_M3,KO Male,11,0,11,1,Maternal,3.584962500721156
Tnfrsf26,Imprinted,Maternal,WT_M1,WT Male,1,0,1,1,Maternal,1
Tnfrsf26,Imprinted,Maternal,WT_M2,WT Male,1,0,1,1,Maternal,1
Tnfrsf26,Imprinted,Maternal,WT_M3,WT Male,2,0,2,1,Maternal,1.584962500721156
Tnfrsf26,Imprinted,Maternal,WT_F1,WT Female,2,0,2,1,Maternal,1.584962500721156
Tnfrsf26,Imprinted,Maternal,WT_F2,WT Female,1,0,1,1,Maternal,1
Tnfrsf26,Imprinted,Maternal,WT_F3,WT Female,0,0,0,NA,No Expression,0
Tnfrsf26,Imprinted,Maternal,HT_F1,HT Female,2,0,2,1,Maternal,1.584962500721156
Tnfrsf26,Imprinted,Maternal,HT_F2,HT Female,1,0,1,1,Maternal,1
Tnfrsf26,Imprinted,Maternal,HT_F3,HT Female,0,0,0,NA,No Expression,0
Tnfrsf26,Imprinted,Maternal,KO_M1,KO Male,0,0,0,NA,No Expression,0
Tnfrsf26,Imprinted,Maternal,KO_M2,KO Male,1,0,1,1,Maternal,1
Tnfrsf26,Imprinted,Maternal,KO_M3,KO Male,0,0,0,NA,No Expression,0
Trappc9,Imprinted,Maternal,WT_M1,WT Male,1280,4607,5887,-0.5651435366060812,Not Imprinted,12.523561956057012
Trappc9,Imprinted,Maternal,WT_M2,WT Male,2476,7905,10381,-0.5229746652538291,Not Imprinted,13.34179677239183
Trappc9,Imprinted,Maternal,WT_M3,WT Male,1120,3414,4534,-0.505955006616674,Not Imprinted,12.146886835415884
Trappc9,Imprinted,Maternal,WT_F1,WT Female,1624,4652,6276,-0.4824729126832377,Not Imprinted,12.61585949358308
Trappc9,Imprinted,Maternal,WT_F2,WT Female,1243,4416,5659,-0.5606997702774342,Not Imprinted,12.466586337719244
Trappc9,Imprinted,Maternal,WT_F3,WT Female,1773,5399,7172,-0.5055772448410485,Not Imprinted,12.808360915432784
Trappc9,Imprinted,Maternal,HT_F1,HT Female,2596,7925,10521,-0.5065107879479137,Not Imprinted,13.36112133473479
Trappc9,Imprinted,Maternal,HT_F2,HT Female,1392,4559,5951,-0.5321794656360276,Not Imprinted,12.539158811108031
Trappc9,Imprinted,Maternal,HT_F3,HT Female,978,4488,5466,-0.6421514818880352,Not Imprinted,12.416533660199583
Trappc9,Imprinted,Maternal,KO_M1,KO Male,1012,4144,5156,-0.6074476338246703,Not Imprinted,12.332316330199218
Trappc9,Imprinted,Maternal,KO_M2,KO Male,1521,4800,6321,-0.5187470336971998,Not Imprinted,12.626165319904498
Trappc9,Imprinted,Maternal,KO_M3,KO Male,1554,4929,6483,-0.5205923183711245,Not Imprinted,12.66266837551754
Tsix,Imprinted,Maternal,WT_M1,WT Male,61,0,61,1,Maternal,5.954196310386875
Tsix,Imprinted,Maternal,WT_M2,WT Male,60,0,60,1,Maternal,5.930737337562887
Tsix,Imprinted,Maternal,WT_M3,WT Male,29,0,29,1,Maternal,4.906890595608519
Tsix,Imprinted,Maternal,WT_F1,WT Female,71,0,71,1,Maternal,6.169925001442312
Tsix,Imprinted,Maternal,WT_F2,WT Female,23,0,23,1,Maternal,4.584962500721156
Tsix,Imprinted,Maternal,WT_F3,WT Female,51,0,51,1,Maternal,5.700439718141092
Tsix,Imprinted,Maternal,HT_F1,HT Female,92,0,92,1,Maternal,6.539158811108031
Tsix,Imprinted,Maternal,HT_F2,HT Female,24,0,24,1,Maternal,4.643856189774724
Tsix,Imprinted,Maternal,HT_F3,HT Female,48,0,48,1,Maternal,5.614709844115208
Tsix,Imprinted,Maternal,KO_M1,KO Male,6,0,6,1,Maternal,2.807354922057604
Tsix,Imprinted,Maternal,KO_M2,KO Male,12,0,12,1,Maternal,3.700439718141092
Tsix,Imprinted,Maternal,KO_M3,KO Male,12,0,12,1,Maternal,3.700439718141092
Tssc4,Imprinted,Maternal,WT_M1,WT Male,484,554,1038,-0.0674373795761079,Not Imprinted,10.020979938904212
Tssc4,Imprinted,Maternal,WT_M2,WT Male,840,729,1569,0.07074569789674952,Not Imprinted,10.61654884377899
Tssc4,Imprinted,Maternal,WT_M3,WT Male,552,264,816,0.35294117647058826,Not Imprinted,9.674192268145683
Tssc4,Imprinted,Maternal,WT_F1,WT Female,606,637,1243,-0.0249396621078037,Not Imprinted,10.280770770130603
Tssc4,Imprinted,Maternal,WT_F2,WT Female,573,444,1017,0.12684365781710916,Not Imprinted,9.991521846075695
Tssc4,Imprinted,Maternal,WT_F3,WT Female,631,631,1262,0,Not Imprinted,10.302638923787553
Tssc4,Imprinted,Maternal,HT_F1,HT Female,1001,925,1926,0.03946002076843198,Not Imprinted,10.912140856295721
Tssc4,Imprinted,Maternal,HT_F2,HT Female,513,540,1053,-0.02564102564102564,Not Imprinted,10.041659151637214
Tssc4,Imprinted,Maternal,HT_F3,HT Female,402,562,964,-0.16597510373443983,Not Imprinted,9.914385132155443
Tssc4,Imprinted,Maternal,KO_M1,KO Male,550,649,1199,-0.08256880733944955,Not Imprinted,10.228818690495881
Tssc4,Imprinted,Maternal,KO_M2,KO Male,446,517,963,-0.07372793354101766,Not Imprinted,9.912889336229961
Tssc4,Imprinted,Maternal,KO_M3,KO Male,705,512,1217,0.15858668857847166,Not Imprinted,10.250298417906333
Ube3a,Imprinted,Maternal,WT_M1,WT Male,11469,13921,25390,-0.09657345411579361,Not Imprinted,14.632029594803909
Ube3a,Imprinted,Maternal,WT_M2,WT Male,18968,17101,36069,0.051761900801242065,Not Imprinted,15.138511802674932
Ube3a,Imprinted,Maternal,WT_M3,WT Male,8592,7010,15602,0.1013972567619536,Not Imprinted,13.929535823317357
Ube3a,Imprinted,Maternal,WT_F1,WT Female,11421,12660,24081,-0.05145135168805282,Not Imprinted,14.55566759184072
Ube3a,Imprinted,Maternal,WT_F2,WT Female,11333,10411,21744,0.04240250183958793,Not Imprinted,14.40839608835143
Ube3a,Imprinted,Maternal,WT_F3,WT Female,12598,15266,27864,-0.09575078954923916,Not Imprinted,14.766166532965467
Ube3a,Imprinted,Maternal,HT_F1,HT Female,20929,17122,38051,0.10004993298467846,Not Imprinted,15.215684662824996
Ube3a,Imprinted,Maternal,HT_F2,HT Female,12201,9565,21766,0.12110631259762933,Not Imprinted,14.409854963769897
Ube3a,Imprinted,Maternal,HT_F3,HT Female,12512,11768,24280,0.030642504118616146,Not Imprinted,14.567540218990333
Ube3a,Imprinted,Maternal,KO_M1,KO Male,6356,5072,11428,0.11235561778088904,Not Imprinted,13.480411557541508
Ube3a,Imprinted,Maternal,KO_M2,KO Male,12587,10789,23376,0.07691649555099248,Not Imprinted,14.51280217841709
Ube3a,Imprinted,Maternal,KO_M3,KO Male,13282,11722,25004,0.062390017597184454,Not Imprinted,14.609928984594935
Usp29,Imprinted,Paternal,WT_M1,WT Male,219,3282,3501,-0.8748928877463582,Paternal,11.773963368433558
Usp29,Imprinted,Paternal,WT_M2,WT Male,750,5587,6337,-0.7632949345115986,Paternal,12.629811944382233
Usp29,Imprinted,Paternal,WT_M3,WT Male,150,2243,2393,-0.8746343501880485,Paternal,11.225207436943501
Usp29,Imprinted,Paternal,WT_F1,WT Female,286,4030,4316,-0.8674698795180723,Paternal,12.075813377461454
Usp29,Imprinted,Paternal,WT_F2,WT Female,219,3071,3290,-0.8668693009118541,Paternal,11.68431031112435
Usp29,Imprinted,Paternal,WT_F3,WT Female,480,3962,4442,-0.7838811346240432,Paternal,12.117318426010003
Usp29,Imprinted,Paternal,HT_F1,HT Female,637,11593,12230,-0.8958299264104661,Paternal,13.578254742209703
Usp29,Imprinted,Paternal,HT_F2,HT Female,189,2765,2954,-0.8720379146919431,Paternal,11.528942415064895
Usp29,Imprinted,Paternal,HT_F3,HT Female,270,3519,3789,-0.8574821852731591,Paternal,11.887982133058454
Usp29,Imprinted,Paternal,KO_M1,KO Male,253,2028,2281,-0.7781674704077159,Paternal,11.156083076288681
Usp29,Imprinted,Paternal,KO_M2,KO Male,317,4390,4707,-0.8653069895899724,Paternal,12.200898605038445
Usp29,Imprinted,Paternal,KO_M3,KO Male,250,3745,3995,-0.8748435544430538,Paternal,11.964340867792417
Wt1,Tissue Dependent,Maternal,WT_M1,WT Male,2,0,2,1,Maternal,1.584962500721156
Wt1,Tissue Dependent,Maternal,WT_M2,WT Male,1,0,1,1,Maternal,1
Wt1,Tissue Dependent,Maternal,WT_M3,WT Male,0,0,0,NA,No Expression,0
Wt1,Tissue Dependent,Maternal,WT_F1,WT Female,0,0,0,NA,No Expression,0
Wt1,Tissue Dependent,Maternal,WT_F2,WT Female,1,0,1,1,Maternal,1
Wt1,Tissue Dependent,Maternal,WT_F3,WT Female,1,0,1,1,Maternal,1
Wt1,Tissue Dependent,Maternal,HT_F1,HT Female,1,0,1,1,Maternal,1
Wt1,Tissue Dependent,Maternal,HT_F2,HT Female,3,0,3,1,Maternal,2
Wt1,Tissue Dependent,Maternal,HT_F3,HT Female,1,0,1,1,Maternal,1
Wt1,Tissue Dependent,Maternal,KO_M1,KO Male,0,0,0,NA,No Expression,0
Wt1,Tissue Dependent,Maternal,KO_M2,KO Male,0,0,0,NA,No Expression,0
Wt1,Tissue Dependent,Maternal,KO_M3,KO Male,0,0,0,NA,No Expression,0
Xist,Imprinted,Paternal,WT_M1,WT Male,61,0,61,1,Maternal,5.954196310386875
Xist,Imprinted,Paternal,WT_M2,WT Male,3,0,3,1,Maternal,2
Xist,Imprinted,Paternal,WT_M3,WT Male,4,0,4,1,Maternal,2.321928094887362
Xist,Imprinted,Paternal,WT_F1,WT Female,24001,35366,59367,-0.1914363198409891,Not Imprinted,15.85739789170129
Xist,Imprinted,Paternal,WT_F2,WT Female,20439,24204,44643,-0.0843357301256636,Not Imprinted,15.446178674674245
Xist,Imprinted,Paternal,WT_F3,WT Female,30655,25361,56016,0.09450871179662954,Not Imprinted,15.773577101251474
Xist,Imprinted,Paternal,HT_F1,HT Female,33513,44269,77782,-0.13828392172996323,Not Imprinted,16.24716725846733
Xist,Imprinted,Paternal,HT_F2,HT Female,23390,15095,38485,0.21553852150188385,Not Imprinted,15.232046113570558
Xist,Imprinted,Paternal,HT_F3,HT Female,19681,41816,61497,-0.3599362570531896,Not Imprinted,15.908251872326534
Xist,Imprinted,Paternal,KO_M1,KO Male,1,0,1,1,Maternal,1
Xist,Imprinted,Paternal,KO_M2,KO Male,0,0,0,NA,No Expression,0
Xist,Imprinted,Paternal,KO_M3,KO Male,32,0,32,1,Maternal,5.044394119358453
Xlr3b,Imprinted,Maternal,WT_M1,WT Male,40,0,40,1,Maternal,5.357552004618084
Xlr3b,Imprinted,Maternal,WT_M2,WT Male,236,0,236,1,Maternal,7.888743248898259
Xlr3b,Imprinted,Maternal,WT_M3,WT Male,73,0,73,1,Maternal,6.20945336562895
Xlr3b,Imprinted,Maternal,WT_F1,WT Female,68,8,76,0.7894736842105263,Maternal,6.266786540694901
Xlr3b,Imprinted,Maternal,WT_F2,WT Female,5,0,5,1,Maternal,2.584962500721156
Xlr3b,Imprinted,Maternal,WT_F3,WT Female,114,0,114,1,Maternal,6.845490050944375
Xlr3b,Imprinted,Maternal,HT_F1,HT Female,264,3,267,0.9775280898876404,Maternal,8.066089190457772
Xlr3b,Imprinted,Maternal,HT_F2,HT Female,83,0,83,1,Maternal,6.392317422778761
Xlr3b,Imprinted,Maternal,HT_F3,HT Female,239,0,239,1,Maternal,7.906890595608519
Xlr3b,Imprinted,Maternal,KO_M1,KO Male,62,0,62,1,Maternal,5.977279923499917
Xlr3b,Imprinted,Maternal,KO_M2,KO Male,146,0,146,1,Maternal,7.199672344836364
Xlr3b,Imprinted,Maternal,KO_M3,KO Male,240,0,240,1,Maternal,7.912889336229962
Zdbf2,Imprinted,Paternal,WT_M1,WT Male,2,2393,2395,-0.998329853862213,Paternal,11.226412192788786
Zdbf2,Imprinted,Paternal,WT_M2,WT Male,0,3672,3672,-1,Paternal,11.842743180731658
Zdbf2,Imprinted,Paternal,WT_M3,WT Male,3,1560,1563,-0.9961612284069098,Paternal,10.611024797307353
Zdbf2,Imprinted,Paternal,WT_F1,WT Female,2,2968,2970,-0.9986531986531987,Paternal,11.536732889835415
Zdbf2,Imprinted,Paternal,WT_F2,WT Female,10,2782,2792,-0.9928366762177651,Paternal,11.44759985827995
Zdbf2,Imprinted,Paternal,WT_F3,WT Female,0,3961,3961,-1,Paternal,11.952013164889486
Zdbf2,Imprinted,Paternal,HT_F1,HT Female,12,10884,10896,-0.9977973568281938,Paternal,13.41164338786908
Zdbf2,Imprinted,Paternal,HT_F2,HT Female,0,2779,2779,-1,Paternal,11.44086916761087
Zdbf2,Imprinted,Paternal,HT_F3,HT Female,9,2423,2432,-0.9925986842105263,Paternal,11.24852060493843
Zdbf2,Imprinted,Paternal,KO_M1,KO Male,3,3348,3351,-0.9982094897045658,Paternal,11.710806433699352
Zdbf2,Imprinted,Paternal,KO_M2,KO Male,13,4369,4382,-0.9940666362391603,Paternal,12.097702963524654
Zdbf2,Imprinted,Paternal,KO_M3,KO Male,0,3759,3759,-1,Paternal,11.876516946565
Zfp64,Imprinted,Paternal,WT_M1,WT Male,301,258,559,0.07692307692307693,Not Imprinted,9.129283016944967
Zfp64,Imprinted,Paternal,WT_M2,WT Male,492,466,958,0.027139874739039668,Not Imprinted,9.905387005018131
Zfp64,Imprinted,Paternal,WT_M3,WT Male,257,145,402,0.27860696517412936,Not Imprinted,8.654636028527968
Zfp64,Imprinted,Paternal,WT_F1,WT Female,387,231,618,0.2524271844660194,Not Imprinted,9.273795599214264
Zfp64,Imprinted,Paternal,WT_F2,WT Female,204,266,470,-0.13191489361702127,Not Imprinted,8.879583249612784
Zfp64,Imprinted,Paternal,WT_F3,WT Female,373,251,624,0.1955128205128205,Not Imprinted,9.287712379549449
Zfp64,Imprinted,Paternal,HT_F1,HT Female,592,359,951,0.24500525762355416,Not Imprinted,9.894817763307943
Zfp64,Imprinted,Paternal,HT_F2,HT Female,356,235,591,0.20473773265651438,Not Imprinted,9.20945336562895
Zfp64,Imprinted,Paternal,HT_F3,HT Female,331,243,574,0.15331010452961671,Not Imprinted,9.167418145831737
Zfp64,Imprinted,Paternal,KO_M1,KO Male,184,113,297,0.23905723905723905,Not Imprinted,8.219168520462162
Zfp64,Imprinted,Paternal,KO_M2,KO Male,352,224,576,0.2222222222222222,Not Imprinted,9.172427508645482
Zfp64,Imprinted,Paternal,KO_M3,KO Male,321,244,565,0.13628318584070798,Not Imprinted,9.144658242831882
Zim1,Imprinted,Maternal,WT_M1,WT Male,79,91,170,-0.07058823529411765,Not Imprinted,7.417852514885898
Zim1,Imprinted,Maternal,WT_M2,WT Male,184,159,343,0.0728862973760933,Not Imprinted,8.426264754702098
Zim1,Imprinted,Maternal,WT_M3,WT Male,71,65,136,0.04411764705882353,Not Imprinted,7.098032082960526
Zim1,Imprinted,Maternal,WT_F1,WT Female,145,109,254,0.14173228346456693,Not Imprinted,7.994353436858858
Zim1,Imprinted,Maternal,WT_F2,WT Female,97,145,242,-0.19834710743801653,Not Imprinted,7.924812503605781
Zim1,Imprinted,Maternal,WT_F3,WT Female,174,145,319,0.09090909090909091,Not Imprinted,8.321928094887362
Zim1,Imprinted,Maternal,HT_F1,HT Female,1109,247,1356,0.6356932153392331,Not Imprinted,10.406205005418855
Zim1,Imprinted,Maternal,HT_F2,HT Female,105,69,174,0.20689655172413793,Not Imprinted,7.451211111832329
Zim1,Imprinted,Maternal,HT_F3,HT Female,73,113,186,-0.21505376344086022,Not Imprinted,7.546894459887636
Zim1,Imprinted,Maternal,KO_M1,KO Male,128,41,169,0.514792899408284,Not Imprinted,7.409390936137702
Zim1,Imprinted,Maternal,KO_M2,KO Male,123,98,221,0.11312217194570136,Not Imprinted,7.794415866350106
Zim1,Imprinted,Maternal,KO_M3,KO Male,103,57,160,0.2875,Not Imprinted,7.330916878114617
Zim2,Imprinted,Maternal,WT_M1,WT Male,0,0,0,NA,No Expression,0
Zim2,Imprinted,Maternal,WT_M2,WT Male,2,0,2,1,Maternal,1.584962500721156
Zim2,Imprinted,Maternal,WT_M3,WT Male,1,0,1,1,Maternal,1
Zim2,Imprinted,Maternal,WT_F1,WT Female,7,0,7,1,Maternal,3
Zim2,Imprinted,Maternal,WT_F2,WT Female,0,0,0,NA,No Expression,0
Zim2,Imprinted,Maternal,WT_F3,WT Female,0,0,0,NA,No Expression,0
Zim2,Imprinted,Maternal,HT_F1,HT Female,4,0,4,1,Maternal,2.321928094887362
Zim2,Imprinted,Maternal,HT_F2,HT Female,0,0,0,NA,No Expression,0
Zim2,Imprinted,Maternal,HT_F3,HT Female,2,0,2,1,Maternal,1.584962500721156
Zim2,Imprinted,Maternal,KO_M1,KO Male,2,0,2,1,Maternal,1.584962500721156
Zim2,Imprinted,Maternal,KO_M2,KO Male,2,0,2,1,Maternal,1.584962500721156
Zim2,Imprinted,Maternal,KO_M3,KO Male,2,0,2,1,Maternal,1.584962500721156
Zim3,Imprinted,Maternal,WT_M1,WT Male,3,0,3,1,Maternal,2
Zim3,Imprinted,Maternal,WT_M2,WT Male,7,0,7,1,Maternal,3
Zim3,Imprinted,Maternal,WT_M3,WT Male,2,0,2,1,Maternal,1.584962500721156
Zim3,Imprinted,Maternal,WT_F1,WT Female,7,0,7,1,Maternal,3
Zim3,Imprinted,Maternal,WT_F2,WT Female,6,0,6,1,Maternal,2.807354922057604
Zim3,Imprinted,Maternal,WT_F3,WT Female,2,0,2,1,Maternal,1.584962500721156
Zim3,Imprinted,Maternal,HT_F1,HT Female,26,0,26,1,Maternal,4.754887502163468
Zim3,Imprinted,Maternal,HT_F2,HT Female,5,0,5,1,Maternal,2.584962500721156
Zim3,Imprinted,Maternal,HT_F3,HT Female,9,0,9,1,Maternal,3.321928094887362
Zim3,Imprinted,Maternal,KO_M1,KO Male,4,0,4,1,Maternal,2.321928094887362
Zim3,Imprinted,Maternal,KO_M2,KO Male,4,0,4,1,Maternal,2.321928094887362
Zim3,Imprinted,Maternal,KO_M3,KO Male,6,0,6,1,Maternal,2.807354922057604
