Gene_Allele,Allele_Source,Gene,Status,Expressed_Allele,Sample,RawCount,Group,log2_count
Adam23_129,Maternal,Adam23,Imprinted,Paternal,WT_M1,8669,WT Male,13.081816278109198
Adam23_129,Maternal,Adam23,Imprinted,Paternal,WT_M2,12231,WT Male,13.578372691360805
Adam23_129,Maternal,Adam23,Imprinted,Paternal,WT_M3,5308,WT Male,12.374224426123732
Adam23_129,Maternal,Adam23,Imprinted,Paternal,WT_F1,7596,WT Female,12.89121410590583
Adam23_129,Maternal,Adam23,Imprinted,Paternal,WT_F2,6855,WT Female,12.7431513941125
Adam23_129,Maternal,Adam23,Imprinted,Paternal,WT_F3,8078,WT Female,12.979961015222829
Adam23_129,Maternal,Adam23,Imprinted,Paternal,HT_F1,9853,HT Female,13.266493756312183
Adam23_129,Maternal,Adam23,Imprinted,Paternal,HT_F2,5361,HT Female,12.38855550398256
Adam23_129,Maternal,Adam23,Imprinted,Paternal,HT_F3,8059,HT Female,12.97656412341533
Adam23_129,Maternal,Adam23,Imprinted,Paternal,KO_M1,3192,KO Male,11.640696837570093
Adam23_129,Maternal,Adam23,Imprinted,Paternal,KO_M2,6158,KO Male,12.588480412829758
Adam23_129,Maternal,Adam23,Imprinted,Paternal,KO_M3,6046,KO Male,12.562003863651553
Adam23_JF1,Paternal,Adam23,Imprinted,Paternal,WT_M1,10516,WT Male,13.36043561057107
Adam23_JF1,Paternal,Adam23,Imprinted,Paternal,WT_M2,15193,WT Male,13.89121410590583
Adam23_JF1,Paternal,Adam23,Imprinted,Paternal,WT_M3,6462,WT Male,12.657988276277939
Adam23_JF1,Paternal,Adam23,Imprinted,Paternal,WT_F1,9544,WT Female,13.2205294822913
Adam23_JF1,Paternal,Adam23,Imprinted,Paternal,WT_F2,8540,WT Female,13.060189278463422
Adam23_JF1,Paternal,Adam23,Imprinted,Paternal,WT_F3,9448,WT Female,13.205945939775761
Adam23_JF1,Paternal,Adam23,Imprinted,Paternal,HT_F1,13244,HT Female,13.693160223256985
Adam23_JF1,Paternal,Adam23,Imprinted,Paternal,HT_F2,7861,HT Female,12.940680648424093
Adam23_JF1,Paternal,Adam23,Imprinted,Paternal,HT_F3,10198,HT Female,13.316140084122116
Adam23_JF1,Paternal,Adam23,Imprinted,Paternal,KO_M1,4003,KO Male,11.967226258835993
Adam23_JF1,Paternal,Adam23,Imprinted,Paternal,KO_M2,8163,KO Male,12.995060467032719
Adam23_JF1,Paternal,Adam23,Imprinted,Paternal,KO_M3,8694,KO Male,13.08597031219395
Ampd3_129,Maternal,Ampd3,Imprinted,Maternal,WT_M1,738,WT Male,9.52943055414615
Ampd3_129,Maternal,Ampd3,Imprinted,Maternal,WT_M2,1199,WT Male,10.228818690495881
Ampd3_129,Maternal,Ampd3,Imprinted,Maternal,WT_M3,409,WT Male,8.679480099505446
Ampd3_129,Maternal,Ampd3,Imprinted,Maternal,WT_F1,528,WT Female,9.047123912114026
Ampd3_129,Maternal,Ampd3,Imprinted,Maternal,WT_F2,587,WT Female,9.199672344836364
Ampd3_129,Maternal,Ampd3,Imprinted,Maternal,WT_F3,712,WT Female,9.477758266443889
Ampd3_129,Maternal,Ampd3,Imprinted,Maternal,HT_F1,1478,HT Female,10.530406337099068
Ampd3_129,Maternal,Ampd3,Imprinted,Maternal,HT_F2,637,HT Female,9.31741261376487
Ampd3_129,Maternal,Ampd3,Imprinted,Maternal,HT_F3,415,HT Female,8.700439718141093
Ampd3_129,Maternal,Ampd3,Imprinted,Maternal,KO_M1,474,KO Male,8.89178370321831
Ampd3_129,Maternal,Ampd3,Imprinted,Maternal,KO_M2,929,KO Male,9.861086905995395
Ampd3_129,Maternal,Ampd3,Imprinted,Maternal,KO_M3,795,KO Male,9.63662462054365
Ampd3_JF1,Paternal,Ampd3,Imprinted,Maternal,WT_M1,581,WT Male,9.184875342908283
Ampd3_JF1,Paternal,Ampd3,Imprinted,Maternal,WT_M2,940,WT Male,9.878050912728536
Ampd3_JF1,Paternal,Ampd3,Imprinted,Maternal,WT_M3,509,WT Male,8.994353436858859
Ampd3_JF1,Paternal,Ampd3,Imprinted,Maternal,WT_F1,685,WT Female,9.422064766172813
Ampd3_JF1,Paternal,Ampd3,Imprinted,Maternal,WT_F2,621,WT Female,9.280770770130603
Ampd3_JF1,Paternal,Ampd3,Imprinted,Maternal,WT_F3,959,WT Female,9.906890595608518
Ampd3_JF1,Paternal,Ampd3,Imprinted,Maternal,HT_F1,1381,HT Female,10.432541900388259
Ampd3_JF1,Paternal,Ampd3,Imprinted,Maternal,HT_F2,903,HT Female,9.820178962415188
Ampd3_JF1,Paternal,Ampd3,Imprinted,Maternal,HT_F3,726,HT Female,9.505811553919594
Ampd3_JF1,Paternal,Ampd3,Imprinted,Maternal,KO_M1,516,KO Male,9.014020470314934
Ampd3_JF1,Paternal,Ampd3,Imprinted,Maternal,KO_M2,741,KO Male,9.535275376620802
Ampd3_JF1,Paternal,Ampd3,Imprinted,Maternal,KO_M3,772,KO Male,9.594324603924848
Ano1_129,Maternal,Ano1,Imprinted,Maternal,WT_M1,52,WT Male,5.727920454563199
Ano1_129,Maternal,Ano1,Imprinted,Maternal,WT_M2,198,WT Male,7.636624620543649
Ano1_129,Maternal,Ano1,Imprinted,Maternal,WT_M3,121,WT Male,6.930737337562887
Ano1_129,Maternal,Ano1,Imprinted,Maternal,WT_F1,74,WT Female,6.22881869049588
Ano1_129,Maternal,Ano1,Imprinted,Maternal,WT_F2,59,WT Female,5.906890595608519
Ano1_129,Maternal,Ano1,Imprinted,Maternal,WT_F3,84,WT Female,6.409390936137702
Ano1_129,Maternal,Ano1,Imprinted,Maternal,HT_F1,156,HT Female,7.294620748891627
Ano1_129,Maternal,Ano1,Imprinted,Maternal,HT_F2,81,HT Female,6.357552004618084
Ano1_129,Maternal,Ano1,Imprinted,Maternal,HT_F3,90,HT Female,6.507794640198696
Ano1_129,Maternal,Ano1,Imprinted,Maternal,KO_M1,27,KO Male,4.807354922057604
Ano1_129,Maternal,Ano1,Imprinted,Maternal,KO_M2,65,KO Male,6.044394119358453
Ano1_129,Maternal,Ano1,Imprinted,Maternal,KO_M3,43,KO Male,5.459431618637297
Ano1_JF1,Paternal,Ano1,Imprinted,Maternal,WT_M1,110,WT Male,6.794415866350106
Ano1_JF1,Paternal,Ano1,Imprinted,Maternal,WT_M2,167,WT Male,7.392317422778761
Ano1_JF1,Paternal,Ano1,Imprinted,Maternal,WT_M3,0,WT Male,0
Ano1_JF1,Paternal,Ano1,Imprinted,Maternal,WT_F1,139,WT Female,7.129283016944966
Ano1_JF1,Paternal,Ano1,Imprinted,Maternal,WT_F2,117,WT Female,6.882643049361842
Ano1_JF1,Paternal,Ano1,Imprinted,Maternal,WT_F3,162,WT Female,7.348728154231077
Ano1_JF1,Paternal,Ano1,Imprinted,Maternal,HT_F1,205,HT Female,7.6865005271832185
Ano1_JF1,Paternal,Ano1,Imprinted,Maternal,HT_F2,80,HT Female,6.339850002884624
Ano1_JF1,Paternal,Ano1,Imprinted,Maternal,HT_F3,127,HT Female,7
Ano1_JF1,Paternal,Ano1,Imprinted,Maternal,KO_M1,93,KO Male,6.554588851677638
Ano1_JF1,Paternal,Ano1,Imprinted,Maternal,KO_M2,116,KO Male,6.870364719583405
Ano1_JF1,Paternal,Ano1,Imprinted,Maternal,KO_M3,92,KO Male,6.539158811108031
Aqp1_129,Maternal,Aqp1,Imprinted,Maternal,WT_M1,1222,WT Male,10.256208688527387
Aqp1_129,Maternal,Aqp1,Imprinted,Maternal,WT_M2,1127,WT Male,10.139551352398794
Aqp1_129,Maternal,Aqp1,Imprinted,Maternal,WT_M3,751,WT Male,9.554588851677638
Aqp1_129,Maternal,Aqp1,Imprinted,Maternal,WT_F1,1995,WT Female,10.96289600533726
Aqp1_129,Maternal,Aqp1,Imprinted,Maternal,WT_F2,66,WT Female,6.066089190457772
Aqp1_129,Maternal,Aqp1,Imprinted,Maternal,WT_F3,1351,WT Female,10.400879436282183
Aqp1_129,Maternal,Aqp1,Imprinted,Maternal,HT_F1,1472,HT Female,10.524541715035848
Aqp1_129,Maternal,Aqp1,Imprinted,Maternal,HT_F2,234,HT Female,7.876516946564999
Aqp1_129,Maternal,Aqp1,Imprinted,Maternal,HT_F3,55,HT Female,5.807354922057604
Aqp1_129,Maternal,Aqp1,Imprinted,Maternal,KO_M1,539,KO Male,9.076815597050832
Aqp1_129,Maternal,Aqp1,Imprinted,Maternal,KO_M2,34,KO Male,5.129283016944966
Aqp1_129,Maternal,Aqp1,Imprinted,Maternal,KO_M3,53,KO Male,5.754887502163468
Aqp1_JF1,Paternal,Aqp1,Imprinted,Maternal,WT_M1,1030,WT Male,10.00982861736811
Aqp1_JF1,Paternal,Aqp1,Imprinted,Maternal,WT_M2,1113,WT Male,10.121533517340032
Aqp1_JF1,Paternal,Aqp1,Imprinted,Maternal,WT_M3,757,WT Male,9.566054038171092
Aqp1_JF1,Paternal,Aqp1,Imprinted,Maternal,WT_F1,1675,WT Female,10.710806433699352
Aqp1_JF1,Paternal,Aqp1,Imprinted,Maternal,WT_F2,0,WT Female,0
Aqp1_JF1,Paternal,Aqp1,Imprinted,Maternal,WT_F3,1181,WT Female,10.207014320177532
Aqp1_JF1,Paternal,Aqp1,Imprinted,Maternal,HT_F1,1141,HT Female,10.157346935362844
Aqp1_JF1,Paternal,Aqp1,Imprinted,Maternal,HT_F2,297,HT Female,8.219168520462162
Aqp1_JF1,Paternal,Aqp1,Imprinted,Maternal,HT_F3,55,HT Female,5.807354922057604
Aqp1_JF1,Paternal,Aqp1,Imprinted,Maternal,KO_M1,369,KO Male,8.531381460516313
Aqp1_JF1,Paternal,Aqp1,Imprinted,Maternal,KO_M2,0,KO Male,0
Aqp1_JF1,Paternal,Aqp1,Imprinted,Maternal,KO_M3,0,KO Male,0
Asb4_129,Maternal,Asb4,Imprinted,Maternal,WT_M1,7,WT Male,3
Asb4_129,Maternal,Asb4,Imprinted,Maternal,WT_M2,24,WT Male,4.643856189774724
Asb4_129,Maternal,Asb4,Imprinted,Maternal,WT_M3,3,WT Male,2
Asb4_129,Maternal,Asb4,Imprinted,Maternal,WT_F1,43,WT Female,5.459431618637297
Asb4_129,Maternal,Asb4,Imprinted,Maternal,WT_F2,30,WT Female,4.954196310386875
Asb4_129,Maternal,Asb4,Imprinted,Maternal,WT_F3,42,WT Female,5.426264754702098
Asb4_129,Maternal,Asb4,Imprinted,Maternal,HT_F1,72,HT Female,6.189824558880018
Asb4_129,Maternal,Asb4,Imprinted,Maternal,HT_F2,11,HT Female,3.584962500721156
Asb4_129,Maternal,Asb4,Imprinted,Maternal,HT_F3,14,HT Female,3.9068905956085187
Asb4_129,Maternal,Asb4,Imprinted,Maternal,KO_M1,7,KO Male,3
Asb4_129,Maternal,Asb4,Imprinted,Maternal,KO_M2,22,KO Male,4.523561956057013
Asb4_129,Maternal,Asb4,Imprinted,Maternal,KO_M3,8,KO Male,3.169925001442312
Asb4_JF1,Paternal,Asb4,Imprinted,Maternal,WT_M1,0,WT Male,0
Asb4_JF1,Paternal,Asb4,Imprinted,Maternal,WT_M2,0,WT Male,0
Asb4_JF1,Paternal,Asb4,Imprinted,Maternal,WT_M3,0,WT Male,0
Asb4_JF1,Paternal,Asb4,Imprinted,Maternal,WT_F1,0,WT Female,0
Asb4_JF1,Paternal,Asb4,Imprinted,Maternal,WT_F2,0,WT Female,0
Asb4_JF1,Paternal,Asb4,Imprinted,Maternal,WT_F3,0,WT Female,0
Asb4_JF1,Paternal,Asb4,Imprinted,Maternal,HT_F1,0,HT Female,0
Asb4_JF1,Paternal,Asb4,Imprinted,Maternal,HT_F2,0,HT Female,0
Asb4_JF1,Paternal,Asb4,Imprinted,Maternal,HT_F3,0,HT Female,0
Asb4_JF1,Paternal,Asb4,Imprinted,Maternal,KO_M1,0,KO Male,0
Asb4_JF1,Paternal,Asb4,Imprinted,Maternal,KO_M2,0,KO Male,0
Asb4_JF1,Paternal,Asb4,Imprinted,Maternal,KO_M3,0,KO Male,0
Ascl2_129,Maternal,Ascl2,Imprinted,Maternal,WT_M1,3,WT Male,2
Ascl2_129,Maternal,Ascl2,Imprinted,Maternal,WT_M2,10,WT Male,3.4594316186372973
Ascl2_129,Maternal,Ascl2,Imprinted,Maternal,WT_M3,1,WT Male,1
Ascl2_129,Maternal,Ascl2,Imprinted,Maternal,WT_F1,5,WT Female,2.584962500721156
Ascl2_129,Maternal,Ascl2,Imprinted,Maternal,WT_F2,5,WT Female,2.584962500721156
Ascl2_129,Maternal,Ascl2,Imprinted,Maternal,WT_F3,9,WT Female,3.321928094887362
Ascl2_129,Maternal,Ascl2,Imprinted,Maternal,HT_F1,13,HT Female,3.807354922057604
Ascl2_129,Maternal,Ascl2,Imprinted,Maternal,HT_F2,3,HT Female,2
Ascl2_129,Maternal,Ascl2,Imprinted,Maternal,HT_F3,7,HT Female,3
Ascl2_129,Maternal,Ascl2,Imprinted,Maternal,KO_M1,5,KO Male,2.584962500721156
Ascl2_129,Maternal,Ascl2,Imprinted,Maternal,KO_M2,1,KO Male,1
Ascl2_129,Maternal,Ascl2,Imprinted,Maternal,KO_M3,9,KO Male,3.321928094887362
Ascl2_JF1,Paternal,Ascl2,Imprinted,Maternal,WT_M1,0,WT Male,0
Ascl2_JF1,Paternal,Ascl2,Imprinted,Maternal,WT_M2,0,WT Male,0
Ascl2_JF1,Paternal,Ascl2,Imprinted,Maternal,WT_M3,0,WT Male,0
Ascl2_JF1,Paternal,Ascl2,Imprinted,Maternal,WT_F1,0,WT Female,0
Ascl2_JF1,Paternal,Ascl2,Imprinted,Maternal,WT_F2,0,WT Female,0
Ascl2_JF1,Paternal,Ascl2,Imprinted,Maternal,WT_F3,0,WT Female,0
Ascl2_JF1,Paternal,Ascl2,Imprinted,Maternal,HT_F1,0,HT Female,0
Ascl2_JF1,Paternal,Ascl2,Imprinted,Maternal,HT_F2,0,HT Female,0
Ascl2_JF1,Paternal,Ascl2,Imprinted,Maternal,HT_F3,0,HT Female,0
Ascl2_JF1,Paternal,Ascl2,Imprinted,Maternal,KO_M1,0,KO Male,0
Ascl2_JF1,Paternal,Ascl2,Imprinted,Maternal,KO_M2,0,KO Male,0
Ascl2_JF1,Paternal,Ascl2,Imprinted,Maternal,KO_M3,0,KO Male,0
Axl_129,Maternal,Axl,Imprinted,Maternal,WT_M1,1774,WT Male,10.793603309279407
Axl_129,Maternal,Axl,Imprinted,Maternal,WT_M2,2430,WT Male,11.247334178028728
Axl_129,Maternal,Axl,Imprinted,Maternal,WT_M3,1202,WT Male,10.232420927176076
Axl_129,Maternal,Axl,Imprinted,Maternal,WT_F1,1618,WT Female,10.660887270302567
Axl_129,Maternal,Axl,Imprinted,Maternal,WT_F2,1590,WT Female,10.635718120331047
Axl_129,Maternal,Axl,Imprinted,Maternal,WT_F3,1687,WT Female,10.721099188707186
Axl_129,Maternal,Axl,Imprinted,Maternal,HT_F1,2579,HT Female,11.333155350310616
Axl_129,Maternal,Axl,Imprinted,Maternal,HT_F2,1692,HT Female,10.725366257895642
Axl_129,Maternal,Axl,Imprinted,Maternal,HT_F3,1702,HT Female,10.733862719678543
Axl_129,Maternal,Axl,Imprinted,Maternal,KO_M1,1483,KO Male,10.535275376620802
Axl_129,Maternal,Axl,Imprinted,Maternal,KO_M2,1682,KO Male,10.71681946132995
Axl_129,Maternal,Axl,Imprinted,Maternal,KO_M3,1824,KO Male,10.833680748654741
Axl_JF1,Paternal,Axl,Imprinted,Maternal,WT_M1,1459,WT Male,10.51175265376738
Axl_JF1,Paternal,Axl,Imprinted,Maternal,WT_M2,2350,WT Male,11.199058823653022
Axl_JF1,Paternal,Axl,Imprinted,Maternal,WT_M3,898,WT Male,9.812177305514448
Axl_JF1,Paternal,Axl,Imprinted,Maternal,WT_F1,1224,WT Female,10.258566033889933
Axl_JF1,Paternal,Axl,Imprinted,Maternal,WT_F2,1150,WT Female,10.16867211813223
Axl_JF1,Paternal,Axl,Imprinted,Maternal,WT_F3,1592,WT Female,10.63753055152531
Axl_JF1,Paternal,Axl,Imprinted,Maternal,HT_F1,2407,HT Female,11.233619676759702
Axl_JF1,Paternal,Axl,Imprinted,Maternal,HT_F2,1444,HT Female,10.496853777388042
Axl_JF1,Paternal,Axl,Imprinted,Maternal,HT_F3,1398,HT Female,10.450180247164754
Axl_JF1,Paternal,Axl,Imprinted,Maternal,KO_M1,1254,KO Male,10.293471648838134
Axl_JF1,Paternal,Axl,Imprinted,Maternal,KO_M2,1575,KO Male,10.622051819456376
Axl_JF1,Paternal,Axl,Imprinted,Maternal,KO_M3,1568,KO Male,10.615629636968098
Begain_129,Maternal,Begain,Imprinted - Isoform Dependent,Paternal,WT_M1,2335,WT Male,11.189824558880018
Begain_129,Maternal,Begain,Imprinted - Isoform Dependent,Paternal,WT_M2,1939,WT Male,10.92184093707449
Begain_129,Maternal,Begain,Imprinted - Isoform Dependent,Paternal,WT_M3,1797,WT Male,10.812177305514448
Begain_129,Maternal,Begain,Imprinted - Isoform Dependent,Paternal,WT_F1,959,WT Female,9.906890595608518
Begain_129,Maternal,Begain,Imprinted - Isoform Dependent,Paternal,WT_F2,2284,WT Female,11.157978449945432
Begain_129,Maternal,Begain,Imprinted - Isoform Dependent,Paternal,WT_F3,1243,WT Female,10.280770770130603
Begain_129,Maternal,Begain,Imprinted - Isoform Dependent,Paternal,HT_F1,3035,HT Female,11.567956075415466
Begain_129,Maternal,Begain,Imprinted - Isoform Dependent,Paternal,HT_F2,2028,HT Female,10.98655314975666
Begain_129,Maternal,Begain,Imprinted - Isoform Dependent,Paternal,HT_F3,654,HT Female,9.355351096424812
Begain_129,Maternal,Begain,Imprinted - Isoform Dependent,Paternal,KO_M1,1141,KO Male,10.157346935362844
Begain_129,Maternal,Begain,Imprinted - Isoform Dependent,Paternal,KO_M2,1098,KO Male,10.101975670949232
Begain_129,Maternal,Begain,Imprinted - Isoform Dependent,Paternal,KO_M3,820,KO Male,9.681238411777805
Begain_JF1,Paternal,Begain,Imprinted - Isoform Dependent,Paternal,WT_M1,2965,WT Male,11.53430288245463
Begain_JF1,Paternal,Begain,Imprinted - Isoform Dependent,Paternal,WT_M2,6415,WT Male,12.64745842645492
Begain_JF1,Paternal,Begain,Imprinted - Isoform Dependent,Paternal,WT_M3,2500,WT Male,11.28828934218097
Begain_JF1,Paternal,Begain,Imprinted - Isoform Dependent,Paternal,WT_F1,3746,WT Female,11.871520262329113
Begain_JF1,Paternal,Begain,Imprinted - Isoform Dependent,Paternal,WT_F2,2781,WT Female,11.44190670454224
Begain_JF1,Paternal,Begain,Imprinted - Isoform Dependent,Paternal,WT_F3,4611,WT Female,12.171176797651771
Begain_JF1,Paternal,Begain,Imprinted - Isoform Dependent,Paternal,HT_F1,5586,HT Female,12.44785810495403
Begain_JF1,Paternal,Begain,Imprinted - Isoform Dependent,Paternal,HT_F2,3297,HT Female,11.687375683437468
Begain_JF1,Paternal,Begain,Imprinted - Isoform Dependent,Paternal,HT_F3,3604,HT Female,11.815783544128184
Begain_JF1,Paternal,Begain,Imprinted - Isoform Dependent,Paternal,KO_M1,4298,KO Male,12.069785394983302
Begain_JF1,Paternal,Begain,Imprinted - Isoform Dependent,Paternal,KO_M2,3888,KO Male,11.925183519434208
Begain_JF1,Paternal,Begain,Imprinted - Isoform Dependent,Paternal,KO_M3,4559,KO Male,12.154818109052105
Blcap_129,Maternal,Blcap,Imprinted - Isoform Dependent,Maternal,WT_M1,2726,WT Male,11.413098984915264
Blcap_129,Maternal,Blcap,Imprinted - Isoform Dependent,Maternal,WT_M2,5070,WT Male,12.308054559066635
Blcap_129,Maternal,Blcap,Imprinted - Isoform Dependent,Maternal,WT_M3,2440,WT Male,11.253256579781153
Blcap_129,Maternal,Blcap,Imprinted - Isoform Dependent,Maternal,WT_F1,3595,WT Female,11.812177305514448
Blcap_129,Maternal,Blcap,Imprinted - Isoform Dependent,Maternal,WT_F2,3357,WT Female,11.71338651493703
Blcap_129,Maternal,Blcap,Imprinted - Isoform Dependent,Maternal,WT_F3,4480,WT Female,12.129605011152504
Blcap_129,Maternal,Blcap,Imprinted - Isoform Dependent,Maternal,HT_F1,7593,HT Female,12.890644283619089
Blcap_129,Maternal,Blcap,Imprinted - Isoform Dependent,Maternal,HT_F2,3918,HT Female,11.936269857602209
Blcap_129,Maternal,Blcap,Imprinted - Isoform Dependent,Maternal,HT_F3,2389,HT Female,11.222794902868111
Blcap_129,Maternal,Blcap,Imprinted - Isoform Dependent,Maternal,KO_M1,2474,KO Male,11.273212809854334
Blcap_129,Maternal,Blcap,Imprinted - Isoform Dependent,Maternal,KO_M2,3671,KO Male,11.842350343413807
Blcap_129,Maternal,Blcap,Imprinted - Isoform Dependent,Maternal,KO_M3,3372,KO Male,11.719816603018126
Blcap_JF1,Paternal,Blcap,Imprinted - Isoform Dependent,Maternal,WT_M1,2341,WT Male,11.193525360501216
Blcap_JF1,Paternal,Blcap,Imprinted - Isoform Dependent,Maternal,WT_M2,3431,WT Male,11.744833837499545
Blcap_JF1,Paternal,Blcap,Imprinted - Isoform Dependent,Maternal,WT_M3,1490,WT Male,10.542064542283443
Blcap_JF1,Paternal,Blcap,Imprinted - Isoform Dependent,Maternal,WT_F1,2325,WT Female,11.183635381473218
Blcap_JF1,Paternal,Blcap,Imprinted - Isoform Dependent,Maternal,WT_F2,1839,WT Female,10.845490050944376
Blcap_JF1,Paternal,Blcap,Imprinted - Isoform Dependent,Maternal,WT_F3,2345,WT Female,11.19598729802851
Blcap_JF1,Paternal,Blcap,Imprinted - Isoform Dependent,Maternal,HT_F1,3493,HT Female,11.77066389291676
Blcap_JF1,Paternal,Blcap,Imprinted - Isoform Dependent,Maternal,HT_F2,2085,HT Female,11.026523442519766
Blcap_JF1,Paternal,Blcap,Imprinted - Isoform Dependent,Maternal,HT_F3,1945,HT Female,10.926295994781112
Blcap_JF1,Paternal,Blcap,Imprinted - Isoform Dependent,Maternal,KO_M1,1193,KO Male,10.221587121264806
Blcap_JF1,Paternal,Blcap,Imprinted - Isoform Dependent,Maternal,KO_M2,1989,KO Male,10.958552715431011
Blcap_JF1,Paternal,Blcap,Imprinted - Isoform Dependent,Maternal,KO_M3,2078,KO Male,11.02167404285837
Calcr_129,Maternal,Calcr,Imprinted,Maternal,WT_M1,13,WT Male,3.807354922057604
Calcr_129,Maternal,Calcr,Imprinted,Maternal,WT_M2,9,WT Male,3.321928094887362
Calcr_129,Maternal,Calcr,Imprinted,Maternal,WT_M3,0,WT Male,0
Calcr_129,Maternal,Calcr,Imprinted,Maternal,WT_F1,18,WT Female,4.247927513443585
Calcr_129,Maternal,Calcr,Imprinted,Maternal,WT_F2,3,WT Female,2
Calcr_129,Maternal,Calcr,Imprinted,Maternal,WT_F3,37,WT Female,5.247927513443585
Calcr_129,Maternal,Calcr,Imprinted,Maternal,HT_F1,469,HT Female,8.876516946565
Calcr_129,Maternal,Calcr,Imprinted,Maternal,HT_F2,1,HT Female,1
Calcr_129,Maternal,Calcr,Imprinted,Maternal,HT_F3,1,HT Female,1
Calcr_129,Maternal,Calcr,Imprinted,Maternal,KO_M1,47,KO Male,5.584962500721156
Calcr_129,Maternal,Calcr,Imprinted,Maternal,KO_M2,14,KO Male,3.9068905956085187
Calcr_129,Maternal,Calcr,Imprinted,Maternal,KO_M3,3,KO Male,2
Calcr_JF1,Paternal,Calcr,Imprinted,Maternal,WT_M1,0,WT Male,0
Calcr_JF1,Paternal,Calcr,Imprinted,Maternal,WT_M2,0,WT Male,0
Calcr_JF1,Paternal,Calcr,Imprinted,Maternal,WT_M3,0,WT Male,0
Calcr_JF1,Paternal,Calcr,Imprinted,Maternal,WT_F1,0,WT Female,0
Calcr_JF1,Paternal,Calcr,Imprinted,Maternal,WT_F2,0,WT Female,0
Calcr_JF1,Paternal,Calcr,Imprinted,Maternal,WT_F3,0,WT Female,0
Calcr_JF1,Paternal,Calcr,Imprinted,Maternal,HT_F1,0,HT Female,0
Calcr_JF1,Paternal,Calcr,Imprinted,Maternal,HT_F2,0,HT Female,0
Calcr_JF1,Paternal,Calcr,Imprinted,Maternal,HT_F3,0,HT Female,0
Calcr_JF1,Paternal,Calcr,Imprinted,Maternal,KO_M1,0,KO Male,0
Calcr_JF1,Paternal,Calcr,Imprinted,Maternal,KO_M2,0,KO Male,0
Calcr_JF1,Paternal,Calcr,Imprinted,Maternal,KO_M3,0,KO Male,0
Ccdc40_129,Maternal,Ccdc40,Imprinted,Paternal,WT_M1,78,WT Male,6.303780748177103
Ccdc40_129,Maternal,Ccdc40,Imprinted,Paternal,WT_M2,139,WT Male,7.129283016944966
Ccdc40_129,Maternal,Ccdc40,Imprinted,Paternal,WT_M3,59,WT Male,5.906890595608519
Ccdc40_129,Maternal,Ccdc40,Imprinted,Paternal,WT_F1,208,WT Female,7.7073591320808825
Ccdc40_129,Maternal,Ccdc40,Imprinted,Paternal,WT_F2,96,WT Female,6.599912842187128
Ccdc40_129,Maternal,Ccdc40,Imprinted,Paternal,WT_F3,82,WT Female,6.3750394313469245
Ccdc40_129,Maternal,Ccdc40,Imprinted,Paternal,HT_F1,274,HT Female,8.103287808412022
Ccdc40_129,Maternal,Ccdc40,Imprinted,Paternal,HT_F2,145,HT Female,7.189824558880018
Ccdc40_129,Maternal,Ccdc40,Imprinted,Paternal,HT_F3,85,HT Female,6.426264754702098
Ccdc40_129,Maternal,Ccdc40,Imprinted,Paternal,KO_M1,73,KO Male,6.20945336562895
Ccdc40_129,Maternal,Ccdc40,Imprinted,Paternal,KO_M2,82,KO Male,6.3750394313469245
Ccdc40_129,Maternal,Ccdc40,Imprinted,Paternal,KO_M3,75,KO Male,6.247927513443585
Ccdc40_JF1,Paternal,Ccdc40,Imprinted,Paternal,WT_M1,91,WT Male,6.523561956057013
Ccdc40_JF1,Paternal,Ccdc40,Imprinted,Paternal,WT_M2,125,WT Male,6.977279923499917
Ccdc40_JF1,Paternal,Ccdc40,Imprinted,Paternal,WT_M3,49,WT Male,5.643856189774724
Ccdc40_JF1,Paternal,Ccdc40,Imprinted,Paternal,WT_F1,168,WT Female,7.400879436282184
Ccdc40_JF1,Paternal,Ccdc40,Imprinted,Paternal,WT_F2,38,WT Female,5.285402218862249
Ccdc40_JF1,Paternal,Ccdc40,Imprinted,Paternal,WT_F3,110,WT Female,6.794415866350106
Ccdc40_JF1,Paternal,Ccdc40,Imprinted,Paternal,HT_F1,193,HT Female,7.599912842187128
Ccdc40_JF1,Paternal,Ccdc40,Imprinted,Paternal,HT_F2,104,HT Female,6.714245517666122
Ccdc40_JF1,Paternal,Ccdc40,Imprinted,Paternal,HT_F3,0,HT Female,0
Ccdc40_JF1,Paternal,Ccdc40,Imprinted,Paternal,KO_M1,76,KO Male,6.266786540694901
Ccdc40_JF1,Paternal,Ccdc40,Imprinted,Paternal,KO_M2,49,KO Male,5.643856189774724
Ccdc40_JF1,Paternal,Ccdc40,Imprinted,Paternal,KO_M3,16,KO Male,4.087462841250339
Cd81_129,Maternal,Cd81,Imprinted,Maternal,WT_M1,7968,WT Male,12.960182981831874
Cd81_129,Maternal,Cd81,Imprinted,Maternal,WT_M2,12089,WT Male,13.561526624136485
Cd81_129,Maternal,Cd81,Imprinted,Maternal,WT_M3,7087,WT Male,12.791162888555018
Cd81_129,Maternal,Cd81,Imprinted,Maternal,WT_F1,10977,WT Female,13.422327623974558
Cd81_129,Maternal,Cd81,Imprinted,Maternal,WT_F2,7469,WT Female,12.8668925276766
Cd81_129,Maternal,Cd81,Imprinted,Maternal,WT_F3,10554,WT Female,13.365638958234518
Cd81_129,Maternal,Cd81,Imprinted,Maternal,HT_F1,13805,HT Female,13.753007768945245
Cd81_129,Maternal,Cd81,Imprinted,Maternal,HT_F2,9248,HT Female,13.17508167482833
Cd81_129,Maternal,Cd81,Imprinted,Maternal,HT_F3,8018,HT Female,12.969206622964235
Cd81_129,Maternal,Cd81,Imprinted,Maternal,KO_M1,6426,KO Male,12.649929757036618
Cd81_129,Maternal,Cd81,Imprinted,Maternal,KO_M2,9850,KO Male,13.26605446829837
Cd81_129,Maternal,Cd81,Imprinted,Maternal,KO_M3,7998,KO Male,12.965603936509982
Cd81_JF1,Paternal,Cd81,Imprinted,Maternal,WT_M1,6011,WT Male,12.553629293916364
Cd81_JF1,Paternal,Cd81,Imprinted,Maternal,WT_M2,10045,WT Male,13.294333559671829
Cd81_JF1,Paternal,Cd81,Imprinted,Maternal,WT_M3,3646,WT Male,11.832494484336113
Cd81_JF1,Paternal,Cd81,Imprinted,Maternal,WT_F1,5399,WT Female,12.398743691938193
Cd81_JF1,Paternal,Cd81,Imprinted,Maternal,WT_F2,6067,WT Female,12.567005370247033
Cd81_JF1,Paternal,Cd81,Imprinted,Maternal,WT_F3,6805,WT Female,12.73259143596501
Cd81_JF1,Paternal,Cd81,Imprinted,Maternal,HT_F1,10021,HT Female,13.290882822429577
Cd81_JF1,Paternal,Cd81,Imprinted,Maternal,HT_F2,5255,HT Female,12.35974956032233
Cd81_JF1,Paternal,Cd81,Imprinted,Maternal,HT_F3,5411,HT Female,12.401946123976536
Cd81_JF1,Paternal,Cd81,Imprinted,Maternal,KO_M1,4152,KO Male,12.019938156424795
Cd81_JF1,Paternal,Cd81,Imprinted,Maternal,KO_M2,4927,KO Male,12.266786540694902
Cd81_JF1,Paternal,Cd81,Imprinted,Maternal,KO_M3,6927,KO Male,12.758223214726724
Cdh15_129,Maternal,Cdh15,Imprinted,Paternal,WT_M1,46,WT Male,5.554588851677638
Cdh15_129,Maternal,Cdh15,Imprinted,Paternal,WT_M2,4,WT Male,2.321928094887362
Cdh15_129,Maternal,Cdh15,Imprinted,Paternal,WT_M3,2,WT Male,1.584962500721156
Cdh15_129,Maternal,Cdh15,Imprinted,Paternal,WT_F1,2,WT Female,1.584962500721156
Cdh15_129,Maternal,Cdh15,Imprinted,Paternal,WT_F2,0,WT Female,0
Cdh15_129,Maternal,Cdh15,Imprinted,Paternal,WT_F3,3,WT Female,2
Cdh15_129,Maternal,Cdh15,Imprinted,Paternal,HT_F1,8,HT Female,3.169925001442312
Cdh15_129,Maternal,Cdh15,Imprinted,Paternal,HT_F2,31,HT Female,5
Cdh15_129,Maternal,Cdh15,Imprinted,Paternal,HT_F3,2,HT Female,1.584962500721156
Cdh15_129,Maternal,Cdh15,Imprinted,Paternal,KO_M1,32,KO Male,5.044394119358453
Cdh15_129,Maternal,Cdh15,Imprinted,Paternal,KO_M2,1,KO Male,1
Cdh15_129,Maternal,Cdh15,Imprinted,Paternal,KO_M3,0,KO Male,0
Cdh15_JF1,Paternal,Cdh15,Imprinted,Paternal,WT_M1,0,WT Male,0
Cdh15_JF1,Paternal,Cdh15,Imprinted,Paternal,WT_M2,97,WT Male,6.614709844115208
Cdh15_JF1,Paternal,Cdh15,Imprinted,Paternal,WT_M3,39,WT Male,5.321928094887363
Cdh15_JF1,Paternal,Cdh15,Imprinted,Paternal,WT_F1,68,WT Female,6.108524456778169
Cdh15_JF1,Paternal,Cdh15,Imprinted,Paternal,WT_F2,61,WT Female,5.954196310386875
Cdh15_JF1,Paternal,Cdh15,Imprinted,Paternal,WT_F3,92,WT Female,6.539158811108031
Cdh15_JF1,Paternal,Cdh15,Imprinted,Paternal,HT_F1,226,HT Female,7.826548487290915
Cdh15_JF1,Paternal,Cdh15,Imprinted,Paternal,HT_F2,0,HT Female,0
Cdh15_JF1,Paternal,Cdh15,Imprinted,Paternal,HT_F3,83,HT Female,6.392317422778761
Cdh15_JF1,Paternal,Cdh15,Imprinted,Paternal,KO_M1,0,KO Male,0
Cdh15_JF1,Paternal,Cdh15,Imprinted,Paternal,KO_M2,150,KO Male,7.2384047393250786
Cdh15_JF1,Paternal,Cdh15,Imprinted,Paternal,KO_M3,158,KO Male,7.312882955284356
Cdkn1c_129,Maternal,Cdkn1c,Imprinted,Maternal,WT_M1,493,WT Male,8.948367231584678
Cdkn1c_129,Maternal,Cdkn1c,Imprinted,Maternal,WT_M2,688,WT Male,9.428360172704291
Cdkn1c_129,Maternal,Cdkn1c,Imprinted,Maternal,WT_M3,416,WT Male,8.703903573444663
Cdkn1c_129,Maternal,Cdkn1c,Imprinted,Maternal,WT_F1,1194,WT Female,10.222794902868111
Cdkn1c_129,Maternal,Cdkn1c,Imprinted,Maternal,WT_F2,133,WT Female,7.066089190457772
Cdkn1c_129,Maternal,Cdkn1c,Imprinted,Maternal,WT_F3,654,WT Female,9.355351096424812
Cdkn1c_129,Maternal,Cdkn1c,Imprinted,Maternal,HT_F1,1342,HT Female,10.391243589427443
Cdkn1c_129,Maternal,Cdkn1c,Imprinted,Maternal,HT_F2,265,HT Female,8.055282435501189
Cdkn1c_129,Maternal,Cdkn1c,Imprinted,Maternal,HT_F3,235,HT Female,7.882643049361842
Cdkn1c_129,Maternal,Cdkn1c,Imprinted,Maternal,KO_M1,502,KO Male,8.974414589805527
Cdkn1c_129,Maternal,Cdkn1c,Imprinted,Maternal,KO_M2,158,KO Male,7.312882955284356
Cdkn1c_129,Maternal,Cdkn1c,Imprinted,Maternal,KO_M3,187,KO Male,7.554588851677638
Cdkn1c_JF1,Paternal,Cdkn1c,Imprinted,Maternal,WT_M1,10,WT Male,3.4594316186372973
Cdkn1c_JF1,Paternal,Cdkn1c,Imprinted,Maternal,WT_M2,57,WT Male,5.857980995127572
Cdkn1c_JF1,Paternal,Cdkn1c,Imprinted,Maternal,WT_M3,30,WT Male,4.954196310386875
Cdkn1c_JF1,Paternal,Cdkn1c,Imprinted,Maternal,WT_F1,25,WT Female,4.700439718141092
Cdkn1c_JF1,Paternal,Cdkn1c,Imprinted,Maternal,WT_F2,20,WT Female,4.392317422778761
Cdkn1c_JF1,Paternal,Cdkn1c,Imprinted,Maternal,WT_F3,22,WT Female,4.523561956057013
Cdkn1c_JF1,Paternal,Cdkn1c,Imprinted,Maternal,HT_F1,11,HT Female,3.584962500721156
Cdkn1c_JF1,Paternal,Cdkn1c,Imprinted,Maternal,HT_F2,12,HT Female,3.700439718141092
Cdkn1c_JF1,Paternal,Cdkn1c,Imprinted,Maternal,HT_F3,32,HT Female,5.044394119358453
Cdkn1c_JF1,Paternal,Cdkn1c,Imprinted,Maternal,KO_M1,39,KO Male,5.321928094887363
Cdkn1c_JF1,Paternal,Cdkn1c,Imprinted,Maternal,KO_M2,18,KO Male,4.247927513443585
Cdkn1c_JF1,Paternal,Cdkn1c,Imprinted,Maternal,KO_M3,7,KO Male,3
Chrac1_129,Maternal,Chrac1,Imprinted,Maternal,WT_M1,139,WT Male,7.129283016944966
Chrac1_129,Maternal,Chrac1,Imprinted,Maternal,WT_M2,229,WT Male,7.845490050944375
Chrac1_129,Maternal,Chrac1,Imprinted,Maternal,WT_M3,124,WT Male,6.965784284662087
Chrac1_129,Maternal,Chrac1,Imprinted,Maternal,WT_F1,165,WT Female,7.3750394313469245
Chrac1_129,Maternal,Chrac1,Imprinted,Maternal,WT_F2,143,WT Female,7.169925001442312
Chrac1_129,Maternal,Chrac1,Imprinted,Maternal,WT_F3,203,WT Female,7.672425341971495
Chrac1_129,Maternal,Chrac1,Imprinted,Maternal,HT_F1,261,HT Female,8.03342300153745
Chrac1_129,Maternal,Chrac1,Imprinted,Maternal,HT_F2,147,HT Female,7.20945336562895
Chrac1_129,Maternal,Chrac1,Imprinted,Maternal,HT_F3,123,HT Female,6.954196310386875
Chrac1_129,Maternal,Chrac1,Imprinted,Maternal,KO_M1,116,KO Male,6.870364719583405
Chrac1_129,Maternal,Chrac1,Imprinted,Maternal,KO_M2,165,KO Male,7.3750394313469245
Chrac1_129,Maternal,Chrac1,Imprinted,Maternal,KO_M3,95,KO Male,6.584962500721156
Chrac1_JF1,Paternal,Chrac1,Imprinted,Maternal,WT_M1,125,WT Male,6.977279923499917
Chrac1_JF1,Paternal,Chrac1,Imprinted,Maternal,WT_M2,226,WT Male,7.826548487290915
Chrac1_JF1,Paternal,Chrac1,Imprinted,Maternal,WT_M3,71,WT Male,6.169925001442312
Chrac1_JF1,Paternal,Chrac1,Imprinted,Maternal,WT_F1,193,WT Female,7.599912842187128
Chrac1_JF1,Paternal,Chrac1,Imprinted,Maternal,WT_F2,96,WT Female,6.599912842187128
Chrac1_JF1,Paternal,Chrac1,Imprinted,Maternal,WT_F3,159,WT Female,7.321928094887363
Chrac1_JF1,Paternal,Chrac1,Imprinted,Maternal,HT_F1,275,HT Female,8.108524456778168
Chrac1_JF1,Paternal,Chrac1,Imprinted,Maternal,HT_F2,164,HT Female,7.366322214245816
Chrac1_JF1,Paternal,Chrac1,Imprinted,Maternal,HT_F3,122,HT Female,6.94251450533924
Chrac1_JF1,Paternal,Chrac1,Imprinted,Maternal,KO_M1,111,KO Male,6.807354922057604
Chrac1_JF1,Paternal,Chrac1,Imprinted,Maternal,KO_M2,143,KO Male,7.169925001442312
Chrac1_JF1,Paternal,Chrac1,Imprinted,Maternal,KO_M3,166,KO Male,7.383704292474052
Commd1_129,Maternal,Commd1,Imprinted,Maternal,WT_M1,656,WT Male,9.35974956032233
Commd1_129,Maternal,Commd1,Imprinted,Maternal,WT_M2,613,WT Male,9.262094845370179
Commd1_129,Maternal,Commd1,Imprinted,Maternal,WT_M3,468,WT Male,8.873444112515376
Commd1_129,Maternal,Commd1,Imprinted,Maternal,WT_F1,738,WT Female,9.52943055414615
Commd1_129,Maternal,Commd1,Imprinted,Maternal,WT_F2,603,WT Female,9.238404739325079
Commd1_129,Maternal,Commd1,Imprinted,Maternal,WT_F3,789,WT Female,9.625708843064466
Commd1_129,Maternal,Commd1,Imprinted,Maternal,HT_F1,755,HT Female,9.562242424221072
Commd1_129,Maternal,Commd1,Imprinted,Maternal,HT_F2,611,HT Female,9.257387842692651
Commd1_129,Maternal,Commd1,Imprinted,Maternal,HT_F3,579,HT Female,9.179909090014934
Commd1_129,Maternal,Commd1,Imprinted,Maternal,KO_M1,493,KO Male,8.948367231584678
Commd1_129,Maternal,Commd1,Imprinted,Maternal,KO_M2,585,KO Male,9.194756854422248
Commd1_129,Maternal,Commd1,Imprinted,Maternal,KO_M3,679,KO Male,9.409390936137703
Commd1_JF1,Paternal,Commd1,Imprinted,Maternal,WT_M1,0,WT Male,0
Commd1_JF1,Paternal,Commd1,Imprinted,Maternal,WT_M2,307,WT Male,8.266786540694902
Commd1_JF1,Paternal,Commd1,Imprinted,Maternal,WT_M3,0,WT Male,0
Commd1_JF1,Paternal,Commd1,Imprinted,Maternal,WT_F1,0,WT Female,0
Commd1_JF1,Paternal,Commd1,Imprinted,Maternal,WT_F2,0,WT Female,0
Commd1_JF1,Paternal,Commd1,Imprinted,Maternal,WT_F3,0,WT Female,0
Commd1_JF1,Paternal,Commd1,Imprinted,Maternal,HT_F1,252,HT Female,7.98299357469431
Commd1_JF1,Paternal,Commd1,Imprinted,Maternal,HT_F2,0,HT Female,0
Commd1_JF1,Paternal,Commd1,Imprinted,Maternal,HT_F3,34,HT Female,5.129283016944966
Commd1_JF1,Paternal,Commd1,Imprinted,Maternal,KO_M1,0,KO Male,0
Commd1_JF1,Paternal,Commd1,Imprinted,Maternal,KO_M2,0,KO Male,0
Commd1_JF1,Paternal,Commd1,Imprinted,Maternal,KO_M3,0,KO Male,0
Copg2_129,Maternal,Copg2,Imprinted,Maternal,WT_M1,4338,WT Male,12.083146870816742
Copg2_129,Maternal,Copg2,Imprinted,Maternal,WT_M2,7674,WT Male,12.905951035144904
Copg2_129,Maternal,Copg2,Imprinted,Maternal,WT_M3,2338,WT Male,11.191676146352428
Copg2_129,Maternal,Copg2,Imprinted,Maternal,WT_F1,4881,WT Female,12.253256579781153
Copg2_129,Maternal,Copg2,Imprinted,Maternal,WT_F2,2625,WT Female,11.358651200892886
Copg2_129,Maternal,Copg2,Imprinted,Maternal,WT_F3,5058,WT Female,12.30463652380727
Copg2_129,Maternal,Copg2,Imprinted,Maternal,HT_F1,5343,HT Female,12.383704292474052
Copg2_129,Maternal,Copg2,Imprinted,Maternal,HT_F2,4906,HT Female,12.260625556068227
Copg2_129,Maternal,Copg2,Imprinted,Maternal,HT_F3,4597,HT Female,12.16679075071818
Copg2_129,Maternal,Copg2,Imprinted,Maternal,KO_M1,2243,KO Male,11.131856960608793
Copg2_129,Maternal,Copg2,Imprinted,Maternal,KO_M2,3992,KO Male,11.963257356633047
Copg2_129,Maternal,Copg2,Imprinted,Maternal,KO_M3,4702,KO Male,12.199365616857982
Copg2_JF1,Paternal,Copg2,Imprinted,Maternal,WT_M1,4003,WT Male,11.967226258835993
Copg2_JF1,Paternal,Copg2,Imprinted,Maternal,WT_M2,5166,WT Male,12.335111168424861
Copg2_JF1,Paternal,Copg2,Imprinted,Maternal,WT_M3,3052,WT Male,11.57601187420678
Copg2_JF1,Paternal,Copg2,Imprinted,Maternal,WT_F1,2828,WT Female,11.466076461396252
Copg2_JF1,Paternal,Copg2,Imprinted,Maternal,WT_F2,4111,WT Female,12.005624549193879
Copg2_JF1,Paternal,Copg2,Imprinted,Maternal,WT_F3,3639,WT Female,11.829722735086058
Copg2_JF1,Paternal,Copg2,Imprinted,Maternal,HT_F1,5898,HT Female,12.5262546938286
Copg2_JF1,Paternal,Copg2,Imprinted,Maternal,HT_F2,1862,HT Female,10.863411958941638
Copg2_JF1,Paternal,Copg2,Imprinted,Maternal,HT_F3,3122,HT Female,11.608716854020573
Copg2_JF1,Paternal,Copg2,Imprinted,Maternal,KO_M1,1365,KO Male,10.41574176829009
Copg2_JF1,Paternal,Copg2,Imprinted,Maternal,KO_M2,3060,KO Male,11.579787329526992
Copg2_JF1,Paternal,Copg2,Imprinted,Maternal,KO_M3,2866,KO Male,11.485326189240524
Dact2_129,Maternal,Dact2,Imprinted,Maternal,WT_M1,662,WT Male,9.372865060112588
Dact2_129,Maternal,Dact2,Imprinted,Maternal,WT_M2,471,WT Male,8.88264304936184
Dact2_129,Maternal,Dact2,Imprinted,Maternal,WT_M3,203,WT Male,7.672425341971495
Dact2_129,Maternal,Dact2,Imprinted,Maternal,WT_F1,680,WT Female,9.411510988012072
Dact2_129,Maternal,Dact2,Imprinted,Maternal,WT_F2,635,WT Female,9.312882955284355
Dact2_129,Maternal,Dact2,Imprinted,Maternal,WT_F3,833,WT Female,9.703903573444663
Dact2_129,Maternal,Dact2,Imprinted,Maternal,HT_F1,1391,HT Female,10.442943495848729
Dact2_129,Maternal,Dact2,Imprinted,Maternal,HT_F2,318,HT Female,8.31741261376487
Dact2_129,Maternal,Dact2,Imprinted,Maternal,HT_F3,832,HT Female,9.702172685365548
Dact2_129,Maternal,Dact2,Imprinted,Maternal,KO_M1,863,KO Male,9.754887502163468
Dact2_129,Maternal,Dact2,Imprinted,Maternal,KO_M2,737,KO Male,9.527477006060396
Dact2_129,Maternal,Dact2,Imprinted,Maternal,KO_M3,333,KO Male,8.383704292474052
Dact2_JF1,Paternal,Dact2,Imprinted,Maternal,WT_M1,725,WT Male,9.50382573799575
Dact2_JF1,Paternal,Dact2,Imprinted,Maternal,WT_M2,1437,WT Male,10.489847960439297
Dact2_JF1,Paternal,Dact2,Imprinted,Maternal,WT_M3,629,WT Male,9.29920801838728
Dact2_JF1,Paternal,Dact2,Imprinted,Maternal,WT_F1,808,WT Female,9.659995892429977
Dact2_JF1,Paternal,Dact2,Imprinted,Maternal,WT_F2,628,WT Female,9.296916206879288
Dact2_JF1,Paternal,Dact2,Imprinted,Maternal,WT_F3,735,WT Female,9.523561956057012
Dact2_JF1,Paternal,Dact2,Imprinted,Maternal,HT_F1,1251,HT Female,10.290018846932618
Dact2_JF1,Paternal,Dact2,Imprinted,Maternal,HT_F2,1002,HT Female,9.970105890612182
Dact2_JF1,Paternal,Dact2,Imprinted,Maternal,HT_F3,841,HT Female,9.717676423066395
Dact2_JF1,Paternal,Dact2,Imprinted,Maternal,KO_M1,799,KO Male,9.643856189774725
Dact2_JF1,Paternal,Dact2,Imprinted,Maternal,KO_M2,772,KO Male,9.594324603924848
Dact2_JF1,Paternal,Dact2,Imprinted,Maternal,KO_M3,1123,KO Male,10.134426320220927
Dcn_129,Maternal,Dcn,Imprinted,Maternal,WT_M1,225,WT Male,7.820178962415188
Dcn_129,Maternal,Dcn,Imprinted,Maternal,WT_M2,1050,WT Male,10.037546953962178
Dcn_129,Maternal,Dcn,Imprinted,Maternal,WT_M3,234,WT Male,7.876516946564999
Dcn_129,Maternal,Dcn,Imprinted,Maternal,WT_F1,862,WT Female,9.753216749178955
Dcn_129,Maternal,Dcn,Imprinted,Maternal,WT_F2,300,WT Female,8.233619676759702
Dcn_129,Maternal,Dcn,Imprinted,Maternal,WT_F3,1951,WT Female,10.930737337562887
Dcn_129,Maternal,Dcn,Imprinted,Maternal,HT_F1,2539,HT Female,11.310612781659529
Dcn_129,Maternal,Dcn,Imprinted,Maternal,HT_F2,4294,HT Female,12.068442416025826
Dcn_129,Maternal,Dcn,Imprinted,Maternal,HT_F3,168,HT Female,7.400879436282184
Dcn_129,Maternal,Dcn,Imprinted,Maternal,KO_M1,318,KO Male,8.31741261376487
Dcn_129,Maternal,Dcn,Imprinted,Maternal,KO_M2,1509,KO Male,10.560332834212442
Dcn_129,Maternal,Dcn,Imprinted,Maternal,KO_M3,1160,KO Male,10.181152256865566
Dcn_JF1,Paternal,Dcn,Imprinted,Maternal,WT_M1,223,WT Male,7.807354922057604
Dcn_JF1,Paternal,Dcn,Imprinted,Maternal,WT_M2,598,WT Male,9.226412192788786
Dcn_JF1,Paternal,Dcn,Imprinted,Maternal,WT_M3,179,WT Male,7.491853096329675
Dcn_JF1,Paternal,Dcn,Imprinted,Maternal,WT_F1,547,WT Female,9.098032082960527
Dcn_JF1,Paternal,Dcn,Imprinted,Maternal,WT_F2,169,WT Female,7.409390936137702
Dcn_JF1,Paternal,Dcn,Imprinted,Maternal,WT_F3,1232,WT Female,10.26795708440284
Dcn_JF1,Paternal,Dcn,Imprinted,Maternal,HT_F1,1672,HT Female,10.708221730038353
Dcn_JF1,Paternal,Dcn,Imprinted,Maternal,HT_F2,2315,HT Female,11.177419537989236
Dcn_JF1,Paternal,Dcn,Imprinted,Maternal,HT_F3,155,HT Female,7.285402218862249
Dcn_JF1,Paternal,Dcn,Imprinted,Maternal,KO_M1,228,KO Male,7.839203788096944
Dcn_JF1,Paternal,Dcn,Imprinted,Maternal,KO_M2,963,KO Male,9.912889336229961
Dcn_JF1,Paternal,Dcn,Imprinted,Maternal,KO_M3,688,KO Male,9.428360172704291
Ddc_129,Maternal,Ddc,Imprinted,Paternal,WT_M1,105,WT Male,6.727920454563199
Ddc_129,Maternal,Ddc,Imprinted,Paternal,WT_M2,107,WT Male,6.754887502163468
Ddc_129,Maternal,Ddc,Imprinted,Paternal,WT_M3,161,WT Male,7.339850002884624
Ddc_129,Maternal,Ddc,Imprinted,Paternal,WT_F1,150,WT Female,7.2384047393250786
Ddc_129,Maternal,Ddc,Imprinted,Paternal,WT_F2,59,WT Female,5.906890595608519
Ddc_129,Maternal,Ddc,Imprinted,Paternal,WT_F3,180,WT Female,7.499845887083206
Ddc_129,Maternal,Ddc,Imprinted,Paternal,HT_F1,462,HT Female,8.854868383260236
Ddc_129,Maternal,Ddc,Imprinted,Paternal,HT_F2,40,HT Female,5.357552004618084
Ddc_129,Maternal,Ddc,Imprinted,Paternal,HT_F3,56,HT Female,5.832890014164741
Ddc_129,Maternal,Ddc,Imprinted,Paternal,KO_M1,113,KO Male,6.832890014164741
Ddc_129,Maternal,Ddc,Imprinted,Paternal,KO_M2,174,KO Male,7.451211111832329
Ddc_129,Maternal,Ddc,Imprinted,Paternal,KO_M3,179,KO Male,7.491853096329675
Ddc_JF1,Paternal,Ddc,Imprinted,Paternal,WT_M1,173,WT Male,7.442943495848728
Ddc_JF1,Paternal,Ddc,Imprinted,Paternal,WT_M2,384,WT Male,8.588714635582264
Ddc_JF1,Paternal,Ddc,Imprinted,Paternal,WT_M3,0,WT Male,0
Ddc_JF1,Paternal,Ddc,Imprinted,Paternal,WT_F1,408,WT Female,8.67595703294175
Ddc_JF1,Paternal,Ddc,Imprinted,Paternal,WT_F2,172,WT Female,7.434628227636725
Ddc_JF1,Paternal,Ddc,Imprinted,Paternal,WT_F3,354,WT Female,8.471675214392045
Ddc_JF1,Paternal,Ddc,Imprinted,Paternal,HT_F1,392,HT Female,8.618385502258606
Ddc_JF1,Paternal,Ddc,Imprinted,Paternal,HT_F2,312,HT Female,8.290018846932618
Ddc_JF1,Paternal,Ddc,Imprinted,Paternal,HT_F3,167,HT Female,7.392317422778761
Ddc_JF1,Paternal,Ddc,Imprinted,Paternal,KO_M1,245,KO Male,7.94251450533924
Ddc_JF1,Paternal,Ddc,Imprinted,Paternal,KO_M2,303,KO Male,8.247927513443585
Ddc_JF1,Paternal,Ddc,Imprinted,Paternal,KO_M3,252,KO Male,7.98299357469431
Dhcr7_129,Maternal,Dhcr7,Imprinted,Maternal,WT_M1,1218,WT Male,10.251482410620213
Dhcr7_129,Maternal,Dhcr7,Imprinted,Maternal,WT_M2,1605,WT Male,10.649256177517314
Dhcr7_129,Maternal,Dhcr7,Imprinted,Maternal,WT_M3,806,WT Male,9.656424863277781
Dhcr7_129,Maternal,Dhcr7,Imprinted,Maternal,WT_F1,1237,WT Female,10.273795599214264
Dhcr7_129,Maternal,Dhcr7,Imprinted,Maternal,WT_F2,1006,WT Female,9.975847968006784
Dhcr7_129,Maternal,Dhcr7,Imprinted,Maternal,WT_F3,1142,WT Female,10.158609688214478
Dhcr7_129,Maternal,Dhcr7,Imprinted,Maternal,HT_F1,1706,HT Female,10.737247343027738
Dhcr7_129,Maternal,Dhcr7,Imprinted,Maternal,HT_F2,772,HT Female,9.594324603924848
Dhcr7_129,Maternal,Dhcr7,Imprinted,Maternal,HT_F3,1067,HT Female,10.060695931687555
Dhcr7_129,Maternal,Dhcr7,Imprinted,Maternal,KO_M1,674,KO Male,9.398743691938193
Dhcr7_129,Maternal,Dhcr7,Imprinted,Maternal,KO_M2,1299,KO Male,10.344295907915816
Dhcr7_129,Maternal,Dhcr7,Imprinted,Maternal,KO_M3,916,KO Male,9.840777923595054
Dhcr7_JF1,Paternal,Dhcr7,Imprinted,Maternal,WT_M1,1364,WT Male,10.414685235807214
Dhcr7_JF1,Paternal,Dhcr7,Imprinted,Maternal,WT_M2,2249,WT Male,11.1357092861044
Dhcr7_JF1,Paternal,Dhcr7,Imprinted,Maternal,WT_M3,958,WT Male,9.905387005018131
Dhcr7_JF1,Paternal,Dhcr7,Imprinted,Maternal,WT_F1,1531,WT Female,10.581200581924957
Dhcr7_JF1,Paternal,Dhcr7,Imprinted,Maternal,WT_F2,1218,WT Female,10.251482410620213
Dhcr7_JF1,Paternal,Dhcr7,Imprinted,Maternal,WT_F3,1474,WT Female,10.526499239136566
Dhcr7_JF1,Paternal,Dhcr7,Imprinted,Maternal,HT_F1,2213,HT Female,11.112439506781552
Dhcr7_JF1,Paternal,Dhcr7,Imprinted,Maternal,HT_F2,1040,HT Female,10.023754353299417
Dhcr7_JF1,Paternal,Dhcr7,Imprinted,Maternal,HT_F3,949,HT Female,9.89178370321831
Dhcr7_JF1,Paternal,Dhcr7,Imprinted,Maternal,KO_M1,760,KO Male,9.571752643503546
Dhcr7_JF1,Paternal,Dhcr7,Imprinted,Maternal,KO_M2,1226,KO Male,10.260919533662905
Dhcr7_JF1,Paternal,Dhcr7,Imprinted,Maternal,KO_M3,1145,KO Male,10.162391328756906
Dio3_129,Maternal,Dio3,Imprinted,Paternal,WT_M1,29,WT Male,4.906890595608519
Dio3_129,Maternal,Dio3,Imprinted,Paternal,WT_M2,170,WT Male,7.417852514885898
Dio3_129,Maternal,Dio3,Imprinted,Paternal,WT_M3,35,WT Male,5.169925001442312
Dio3_129,Maternal,Dio3,Imprinted,Paternal,WT_F1,115,WT Female,6.857980995127572
Dio3_129,Maternal,Dio3,Imprinted,Paternal,WT_F2,37,WT Female,5.247927513443585
Dio3_129,Maternal,Dio3,Imprinted,Paternal,WT_F3,160,WT Female,7.330916878114617
Dio3_129,Maternal,Dio3,Imprinted,Paternal,HT_F1,199,HT Female,7.643856189774724
Dio3_129,Maternal,Dio3,Imprinted,Paternal,HT_F2,308,HT Female,8.271463027904375
Dio3_129,Maternal,Dio3,Imprinted,Paternal,HT_F3,7,HT Female,3
Dio3_129,Maternal,Dio3,Imprinted,Paternal,KO_M1,75,KO Male,6.247927513443585
Dio3_129,Maternal,Dio3,Imprinted,Paternal,KO_M2,140,KO Male,7.139551352398794
Dio3_129,Maternal,Dio3,Imprinted,Paternal,KO_M3,109,KO Male,6.78135971352466
Dio3_JF1,Paternal,Dio3,Imprinted,Paternal,WT_M1,0,WT Male,0
Dio3_JF1,Paternal,Dio3,Imprinted,Paternal,WT_M2,0,WT Male,0
Dio3_JF1,Paternal,Dio3,Imprinted,Paternal,WT_M3,0,WT Male,0
Dio3_JF1,Paternal,Dio3,Imprinted,Paternal,WT_F1,49,WT Female,5.643856189774724
Dio3_JF1,Paternal,Dio3,Imprinted,Paternal,WT_F2,0,WT Female,0
Dio3_JF1,Paternal,Dio3,Imprinted,Paternal,WT_F3,195,WT Female,7.614709844115208
Dio3_JF1,Paternal,Dio3,Imprinted,Paternal,HT_F1,416,HT Female,8.703903573444663
Dio3_JF1,Paternal,Dio3,Imprinted,Paternal,HT_F2,382,HT Female,8.581200581924957
Dio3_JF1,Paternal,Dio3,Imprinted,Paternal,HT_F3,0,HT Female,0
Dio3_JF1,Paternal,Dio3,Imprinted,Paternal,KO_M1,64,KO Male,6.022367813028454
Dio3_JF1,Paternal,Dio3,Imprinted,Paternal,KO_M2,116,KO Male,6.870364719583405
Dio3_JF1,Paternal,Dio3,Imprinted,Paternal,KO_M3,109,KO Male,6.78135971352466
Dlk1_129,Maternal,Dlk1,Imprinted,Paternal,WT_M1,0,WT Male,0
Dlk1_129,Maternal,Dlk1,Imprinted,Paternal,WT_M2,0,WT Male,0
Dlk1_129,Maternal,Dlk1,Imprinted,Paternal,WT_M3,0,WT Male,0
Dlk1_129,Maternal,Dlk1,Imprinted,Paternal,WT_F1,0,WT Female,0
Dlk1_129,Maternal,Dlk1,Imprinted,Paternal,WT_F2,128,WT Female,7.011227255423254
Dlk1_129,Maternal,Dlk1,Imprinted,Paternal,WT_F3,0,WT Female,0
Dlk1_129,Maternal,Dlk1,Imprinted,Paternal,HT_F1,16,HT Female,4.087462841250339
Dlk1_129,Maternal,Dlk1,Imprinted,Paternal,HT_F2,8,HT Female,3.169925001442312
Dlk1_129,Maternal,Dlk1,Imprinted,Paternal,HT_F3,39,HT Female,5.321928094887363
Dlk1_129,Maternal,Dlk1,Imprinted,Paternal,KO_M1,0,KO Male,0
Dlk1_129,Maternal,Dlk1,Imprinted,Paternal,KO_M2,0,KO Male,0
Dlk1_129,Maternal,Dlk1,Imprinted,Paternal,KO_M3,0,KO Male,0
Dlk1_JF1,Paternal,Dlk1,Imprinted,Paternal,WT_M1,132,WT Male,7.05528243550119
Dlk1_JF1,Paternal,Dlk1,Imprinted,Paternal,WT_M2,364,WT Male,8.51175265376738
Dlk1_JF1,Paternal,Dlk1,Imprinted,Paternal,WT_M3,172,WT Male,7.434628227636725
Dlk1_JF1,Paternal,Dlk1,Imprinted,Paternal,WT_F1,461,WT Female,8.851749041416058
Dlk1_JF1,Paternal,Dlk1,Imprinted,Paternal,WT_F2,0,WT Female,0
Dlk1_JF1,Paternal,Dlk1,Imprinted,Paternal,WT_F3,393,WT Female,8.622051819456376
Dlk1_JF1,Paternal,Dlk1,Imprinted,Paternal,HT_F1,2392,HT Female,11.2246046815385
Dlk1_JF1,Paternal,Dlk1,Imprinted,Paternal,HT_F2,545,HT Female,9.092757140919852
Dlk1_JF1,Paternal,Dlk1,Imprinted,Paternal,HT_F3,0,HT Female,0
Dlk1_JF1,Paternal,Dlk1,Imprinted,Paternal,KO_M1,786,KO Male,9.620219825507487
Dlk1_JF1,Paternal,Dlk1,Imprinted,Paternal,KO_M2,645,KO Male,9.335390354693924
Dlk1_JF1,Paternal,Dlk1,Imprinted,Paternal,KO_M3,375,KO Male,8.554588851677638
Fkbp6_129,Maternal,Fkbp6,Imprinted,Paternal,WT_M1,0,WT Male,0
Fkbp6_129,Maternal,Fkbp6,Imprinted,Paternal,WT_M2,5,WT Male,2.584962500721156
Fkbp6_129,Maternal,Fkbp6,Imprinted,Paternal,WT_M3,8,WT Male,3.169925001442312
Fkbp6_129,Maternal,Fkbp6,Imprinted,Paternal,WT_F1,1,WT Female,1
Fkbp6_129,Maternal,Fkbp6,Imprinted,Paternal,WT_F2,0,WT Female,0
Fkbp6_129,Maternal,Fkbp6,Imprinted,Paternal,WT_F3,2,WT Female,1.584962500721156
Fkbp6_129,Maternal,Fkbp6,Imprinted,Paternal,HT_F1,6,HT Female,2.807354922057604
Fkbp6_129,Maternal,Fkbp6,Imprinted,Paternal,HT_F2,0,HT Female,0
Fkbp6_129,Maternal,Fkbp6,Imprinted,Paternal,HT_F3,1,HT Female,1
Fkbp6_129,Maternal,Fkbp6,Imprinted,Paternal,KO_M1,0,KO Male,0
Fkbp6_129,Maternal,Fkbp6,Imprinted,Paternal,KO_M2,13,KO Male,3.807354922057604
Fkbp6_129,Maternal,Fkbp6,Imprinted,Paternal,KO_M3,4,KO Male,2.321928094887362
Fkbp6_JF1,Paternal,Fkbp6,Imprinted,Paternal,WT_M1,0,WT Male,0
Fkbp6_JF1,Paternal,Fkbp6,Imprinted,Paternal,WT_M2,0,WT Male,0
Fkbp6_JF1,Paternal,Fkbp6,Imprinted,Paternal,WT_M3,0,WT Male,0
Fkbp6_JF1,Paternal,Fkbp6,Imprinted,Paternal,WT_F1,0,WT Female,0
Fkbp6_JF1,Paternal,Fkbp6,Imprinted,Paternal,WT_F2,0,WT Female,0
Fkbp6_JF1,Paternal,Fkbp6,Imprinted,Paternal,WT_F3,0,WT Female,0
Fkbp6_JF1,Paternal,Fkbp6,Imprinted,Paternal,HT_F1,0,HT Female,0
Fkbp6_JF1,Paternal,Fkbp6,Imprinted,Paternal,HT_F2,0,HT Female,0
Fkbp6_JF1,Paternal,Fkbp6,Imprinted,Paternal,HT_F3,0,HT Female,0
Fkbp6_JF1,Paternal,Fkbp6,Imprinted,Paternal,KO_M1,0,KO Male,0
Fkbp6_JF1,Paternal,Fkbp6,Imprinted,Paternal,KO_M2,0,KO Male,0
Fkbp6_JF1,Paternal,Fkbp6,Imprinted,Paternal,KO_M3,0,KO Male,0
Fthl17a_129,Maternal,Fthl17a,Imprinted,Paternal,WT_M1,0,WT Male,0
Fthl17a_129,Maternal,Fthl17a,Imprinted,Paternal,WT_M2,0,WT Male,0
Fthl17a_129,Maternal,Fthl17a,Imprinted,Paternal,WT_M3,0,WT Male,0
Fthl17a_129,Maternal,Fthl17a,Imprinted,Paternal,WT_F1,0,WT Female,0
Fthl17a_129,Maternal,Fthl17a,Imprinted,Paternal,WT_F2,0,WT Female,0
Fthl17a_129,Maternal,Fthl17a,Imprinted,Paternal,WT_F3,0,WT Female,0
Fthl17a_129,Maternal,Fthl17a,Imprinted,Paternal,HT_F1,0,HT Female,0
Fthl17a_129,Maternal,Fthl17a,Imprinted,Paternal,HT_F2,0,HT Female,0
Fthl17a_129,Maternal,Fthl17a,Imprinted,Paternal,HT_F3,0,HT Female,0
Fthl17a_129,Maternal,Fthl17a,Imprinted,Paternal,KO_M1,0,KO Male,0
Fthl17a_129,Maternal,Fthl17a,Imprinted,Paternal,KO_M2,1,KO Male,1
Fthl17a_129,Maternal,Fthl17a,Imprinted,Paternal,KO_M3,0,KO Male,0
Fthl17a_JF1,Paternal,Fthl17a,Imprinted,Paternal,WT_M1,0,WT Male,0
Fthl17a_JF1,Paternal,Fthl17a,Imprinted,Paternal,WT_M2,0,WT Male,0
Fthl17a_JF1,Paternal,Fthl17a,Imprinted,Paternal,WT_M3,0,WT Male,0
Fthl17a_JF1,Paternal,Fthl17a,Imprinted,Paternal,WT_F1,0,WT Female,0
Fthl17a_JF1,Paternal,Fthl17a,Imprinted,Paternal,WT_F2,0,WT Female,0
Fthl17a_JF1,Paternal,Fthl17a,Imprinted,Paternal,WT_F3,0,WT Female,0
Fthl17a_JF1,Paternal,Fthl17a,Imprinted,Paternal,HT_F1,0,HT Female,0
Fthl17a_JF1,Paternal,Fthl17a,Imprinted,Paternal,HT_F2,0,HT Female,0
Fthl17a_JF1,Paternal,Fthl17a,Imprinted,Paternal,HT_F3,0,HT Female,0
Fthl17a_JF1,Paternal,Fthl17a,Imprinted,Paternal,KO_M1,0,KO Male,0
Fthl17a_JF1,Paternal,Fthl17a,Imprinted,Paternal,KO_M2,0,KO Male,0
Fthl17a_JF1,Paternal,Fthl17a,Imprinted,Paternal,KO_M3,0,KO Male,0
Fthl17b_129,Maternal,Fthl17b,Imprinted,Paternal,WT_M1,0,WT Male,0
Fthl17b_129,Maternal,Fthl17b,Imprinted,Paternal,WT_M2,0,WT Male,0
Fthl17b_129,Maternal,Fthl17b,Imprinted,Paternal,WT_M3,0,WT Male,0
Fthl17b_129,Maternal,Fthl17b,Imprinted,Paternal,WT_F1,0,WT Female,0
Fthl17b_129,Maternal,Fthl17b,Imprinted,Paternal,WT_F2,0,WT Female,0
Fthl17b_129,Maternal,Fthl17b,Imprinted,Paternal,WT_F3,1,WT Female,1
Fthl17b_129,Maternal,Fthl17b,Imprinted,Paternal,HT_F1,0,HT Female,0
Fthl17b_129,Maternal,Fthl17b,Imprinted,Paternal,HT_F2,0,HT Female,0
Fthl17b_129,Maternal,Fthl17b,Imprinted,Paternal,HT_F3,0,HT Female,0
Fthl17b_129,Maternal,Fthl17b,Imprinted,Paternal,KO_M1,0,KO Male,0
Fthl17b_129,Maternal,Fthl17b,Imprinted,Paternal,KO_M2,0,KO Male,0
Fthl17b_129,Maternal,Fthl17b,Imprinted,Paternal,KO_M3,0,KO Male,0
Fthl17b_JF1,Paternal,Fthl17b,Imprinted,Paternal,WT_M1,0,WT Male,0
Fthl17b_JF1,Paternal,Fthl17b,Imprinted,Paternal,WT_M2,0,WT Male,0
Fthl17b_JF1,Paternal,Fthl17b,Imprinted,Paternal,WT_M3,0,WT Male,0
Fthl17b_JF1,Paternal,Fthl17b,Imprinted,Paternal,WT_F1,0,WT Female,0
Fthl17b_JF1,Paternal,Fthl17b,Imprinted,Paternal,WT_F2,0,WT Female,0
Fthl17b_JF1,Paternal,Fthl17b,Imprinted,Paternal,WT_F3,0,WT Female,0
Fthl17b_JF1,Paternal,Fthl17b,Imprinted,Paternal,HT_F1,0,HT Female,0
Fthl17b_JF1,Paternal,Fthl17b,Imprinted,Paternal,HT_F2,0,HT Female,0
Fthl17b_JF1,Paternal,Fthl17b,Imprinted,Paternal,HT_F3,0,HT Female,0
Fthl17b_JF1,Paternal,Fthl17b,Imprinted,Paternal,KO_M1,0,KO Male,0
Fthl17b_JF1,Paternal,Fthl17b,Imprinted,Paternal,KO_M2,0,KO Male,0
Fthl17b_JF1,Paternal,Fthl17b,Imprinted,Paternal,KO_M3,0,KO Male,0
Fthl17c_129,Maternal,Fthl17c,Imprinted,Paternal,WT_M1,0,WT Male,0
Fthl17c_129,Maternal,Fthl17c,Imprinted,Paternal,WT_M2,0,WT Male,0
Fthl17c_129,Maternal,Fthl17c,Imprinted,Paternal,WT_M3,0,WT Male,0
Fthl17c_129,Maternal,Fthl17c,Imprinted,Paternal,WT_F1,0,WT Female,0
Fthl17c_129,Maternal,Fthl17c,Imprinted,Paternal,WT_F2,0,WT Female,0
Fthl17c_129,Maternal,Fthl17c,Imprinted,Paternal,WT_F3,0,WT Female,0
Fthl17c_129,Maternal,Fthl17c,Imprinted,Paternal,HT_F1,0,HT Female,0
Fthl17c_129,Maternal,Fthl17c,Imprinted,Paternal,HT_F2,0,HT Female,0
Fthl17c_129,Maternal,Fthl17c,Imprinted,Paternal,HT_F3,0,HT Female,0
Fthl17c_129,Maternal,Fthl17c,Imprinted,Paternal,KO_M1,0,KO Male,0
Fthl17c_129,Maternal,Fthl17c,Imprinted,Paternal,KO_M2,0,KO Male,0
Fthl17c_129,Maternal,Fthl17c,Imprinted,Paternal,KO_M3,0,KO Male,0
Fthl17c_JF1,Paternal,Fthl17c,Imprinted,Paternal,WT_M1,0,WT Male,0
Fthl17c_JF1,Paternal,Fthl17c,Imprinted,Paternal,WT_M2,0,WT Male,0
Fthl17c_JF1,Paternal,Fthl17c,Imprinted,Paternal,WT_M3,0,WT Male,0
Fthl17c_JF1,Paternal,Fthl17c,Imprinted,Paternal,WT_F1,0,WT Female,0
Fthl17c_JF1,Paternal,Fthl17c,Imprinted,Paternal,WT_F2,0,WT Female,0
Fthl17c_JF1,Paternal,Fthl17c,Imprinted,Paternal,WT_F3,0,WT Female,0
Fthl17c_JF1,Paternal,Fthl17c,Imprinted,Paternal,HT_F1,0,HT Female,0
Fthl17c_JF1,Paternal,Fthl17c,Imprinted,Paternal,HT_F2,0,HT Female,0
Fthl17c_JF1,Paternal,Fthl17c,Imprinted,Paternal,HT_F3,0,HT Female,0
Fthl17c_JF1,Paternal,Fthl17c,Imprinted,Paternal,KO_M1,0,KO Male,0
Fthl17c_JF1,Paternal,Fthl17c,Imprinted,Paternal,KO_M2,0,KO Male,0
Fthl17c_JF1,Paternal,Fthl17c,Imprinted,Paternal,KO_M3,0,KO Male,0
Fthl17d_129,Maternal,Fthl17d,Imprinted,Paternal,WT_M1,0,WT Male,0
Fthl17d_129,Maternal,Fthl17d,Imprinted,Paternal,WT_M2,0,WT Male,0
Fthl17d_129,Maternal,Fthl17d,Imprinted,Paternal,WT_M3,0,WT Male,0
Fthl17d_129,Maternal,Fthl17d,Imprinted,Paternal,WT_F1,0,WT Female,0
Fthl17d_129,Maternal,Fthl17d,Imprinted,Paternal,WT_F2,0,WT Female,0
Fthl17d_129,Maternal,Fthl17d,Imprinted,Paternal,WT_F3,0,WT Female,0
Fthl17d_129,Maternal,Fthl17d,Imprinted,Paternal,HT_F1,0,HT Female,0
Fthl17d_129,Maternal,Fthl17d,Imprinted,Paternal,HT_F2,0,HT Female,0
Fthl17d_129,Maternal,Fthl17d,Imprinted,Paternal,HT_F3,0,HT Female,0
Fthl17d_129,Maternal,Fthl17d,Imprinted,Paternal,KO_M1,0,KO Male,0
Fthl17d_129,Maternal,Fthl17d,Imprinted,Paternal,KO_M2,0,KO Male,0
Fthl17d_129,Maternal,Fthl17d,Imprinted,Paternal,KO_M3,0,KO Male,0
Fthl17d_JF1,Paternal,Fthl17d,Imprinted,Paternal,WT_M1,0,WT Male,0
Fthl17d_JF1,Paternal,Fthl17d,Imprinted,Paternal,WT_M2,0,WT Male,0
Fthl17d_JF1,Paternal,Fthl17d,Imprinted,Paternal,WT_M3,0,WT Male,0
Fthl17d_JF1,Paternal,Fthl17d,Imprinted,Paternal,WT_F1,0,WT Female,0
Fthl17d_JF1,Paternal,Fthl17d,Imprinted,Paternal,WT_F2,0,WT Female,0
Fthl17d_JF1,Paternal,Fthl17d,Imprinted,Paternal,WT_F3,0,WT Female,0
Fthl17d_JF1,Paternal,Fthl17d,Imprinted,Paternal,HT_F1,0,HT Female,0
Fthl17d_JF1,Paternal,Fthl17d,Imprinted,Paternal,HT_F2,0,HT Female,0
Fthl17d_JF1,Paternal,Fthl17d,Imprinted,Paternal,HT_F3,0,HT Female,0
Fthl17d_JF1,Paternal,Fthl17d,Imprinted,Paternal,KO_M1,0,KO Male,0
Fthl17d_JF1,Paternal,Fthl17d,Imprinted,Paternal,KO_M2,0,KO Male,0
Fthl17d_JF1,Paternal,Fthl17d,Imprinted,Paternal,KO_M3,0,KO Male,0
Fthl17e_129,Maternal,Fthl17e,Imprinted,Paternal,WT_M1,0,WT Male,0
Fthl17e_129,Maternal,Fthl17e,Imprinted,Paternal,WT_M2,0,WT Male,0
Fthl17e_129,Maternal,Fthl17e,Imprinted,Paternal,WT_M3,0,WT Male,0
Fthl17e_129,Maternal,Fthl17e,Imprinted,Paternal,WT_F1,0,WT Female,0
Fthl17e_129,Maternal,Fthl17e,Imprinted,Paternal,WT_F2,0,WT Female,0
Fthl17e_129,Maternal,Fthl17e,Imprinted,Paternal,WT_F3,0,WT Female,0
Fthl17e_129,Maternal,Fthl17e,Imprinted,Paternal,HT_F1,0,HT Female,0
Fthl17e_129,Maternal,Fthl17e,Imprinted,Paternal,HT_F2,0,HT Female,0
Fthl17e_129,Maternal,Fthl17e,Imprinted,Paternal,HT_F3,0,HT Female,0
Fthl17e_129,Maternal,Fthl17e,Imprinted,Paternal,KO_M1,0,KO Male,0
Fthl17e_129,Maternal,Fthl17e,Imprinted,Paternal,KO_M2,0,KO Male,0
Fthl17e_129,Maternal,Fthl17e,Imprinted,Paternal,KO_M3,0,KO Male,0
Fthl17e_JF1,Paternal,Fthl17e,Imprinted,Paternal,WT_M1,0,WT Male,0
Fthl17e_JF1,Paternal,Fthl17e,Imprinted,Paternal,WT_M2,0,WT Male,0
Fthl17e_JF1,Paternal,Fthl17e,Imprinted,Paternal,WT_M3,0,WT Male,0
Fthl17e_JF1,Paternal,Fthl17e,Imprinted,Paternal,WT_F1,0,WT Female,0
Fthl17e_JF1,Paternal,Fthl17e,Imprinted,Paternal,WT_F2,0,WT Female,0
Fthl17e_JF1,Paternal,Fthl17e,Imprinted,Paternal,WT_F3,0,WT Female,0
Fthl17e_JF1,Paternal,Fthl17e,Imprinted,Paternal,HT_F1,0,HT Female,0
Fthl17e_JF1,Paternal,Fthl17e,Imprinted,Paternal,HT_F2,0,HT Female,0
Fthl17e_JF1,Paternal,Fthl17e,Imprinted,Paternal,HT_F3,0,HT Female,0
Fthl17e_JF1,Paternal,Fthl17e,Imprinted,Paternal,KO_M1,0,KO Male,0
Fthl17e_JF1,Paternal,Fthl17e,Imprinted,Paternal,KO_M2,0,KO Male,0
Fthl17e_JF1,Paternal,Fthl17e,Imprinted,Paternal,KO_M3,0,KO Male,0
Fthl17f_129,Maternal,Fthl17f,Imprinted,Paternal,WT_M1,0,WT Male,0
Fthl17f_129,Maternal,Fthl17f,Imprinted,Paternal,WT_M2,0,WT Male,0
Fthl17f_129,Maternal,Fthl17f,Imprinted,Paternal,WT_M3,0,WT Male,0
Fthl17f_129,Maternal,Fthl17f,Imprinted,Paternal,WT_F1,0,WT Female,0
Fthl17f_129,Maternal,Fthl17f,Imprinted,Paternal,WT_F2,0,WT Female,0
Fthl17f_129,Maternal,Fthl17f,Imprinted,Paternal,WT_F3,0,WT Female,0
Fthl17f_129,Maternal,Fthl17f,Imprinted,Paternal,HT_F1,0,HT Female,0
Fthl17f_129,Maternal,Fthl17f,Imprinted,Paternal,HT_F2,0,HT Female,0
Fthl17f_129,Maternal,Fthl17f,Imprinted,Paternal,HT_F3,3,HT Female,2
Fthl17f_129,Maternal,Fthl17f,Imprinted,Paternal,KO_M1,0,KO Male,0
Fthl17f_129,Maternal,Fthl17f,Imprinted,Paternal,KO_M2,0,KO Male,0
Fthl17f_129,Maternal,Fthl17f,Imprinted,Paternal,KO_M3,0,KO Male,0
Fthl17f_JF1,Paternal,Fthl17f,Imprinted,Paternal,WT_M1,0,WT Male,0
Fthl17f_JF1,Paternal,Fthl17f,Imprinted,Paternal,WT_M2,0,WT Male,0
Fthl17f_JF1,Paternal,Fthl17f,Imprinted,Paternal,WT_M3,0,WT Male,0
Fthl17f_JF1,Paternal,Fthl17f,Imprinted,Paternal,WT_F1,0,WT Female,0
Fthl17f_JF1,Paternal,Fthl17f,Imprinted,Paternal,WT_F2,0,WT Female,0
Fthl17f_JF1,Paternal,Fthl17f,Imprinted,Paternal,WT_F3,0,WT Female,0
Fthl17f_JF1,Paternal,Fthl17f,Imprinted,Paternal,HT_F1,0,HT Female,0
Fthl17f_JF1,Paternal,Fthl17f,Imprinted,Paternal,HT_F2,0,HT Female,0
Fthl17f_JF1,Paternal,Fthl17f,Imprinted,Paternal,HT_F3,0,HT Female,0
Fthl17f_JF1,Paternal,Fthl17f,Imprinted,Paternal,KO_M1,0,KO Male,0
Fthl17f_JF1,Paternal,Fthl17f,Imprinted,Paternal,KO_M2,0,KO Male,0
Fthl17f_JF1,Paternal,Fthl17f,Imprinted,Paternal,KO_M3,0,KO Male,0
Ftx_129,Maternal,Ftx,Imprinted,Paternal,WT_M1,1383,WT Male,10.434628227636725
Ftx_129,Maternal,Ftx,Imprinted,Paternal,WT_M2,1631,WT Male,10.672425341971495
Ftx_129,Maternal,Ftx,Imprinted,Paternal,WT_M3,1248,WT Male,10.286557761607957
Ftx_129,Maternal,Ftx,Imprinted,Paternal,WT_F1,963,WT Female,9.912889336229961
Ftx_129,Maternal,Ftx,Imprinted,Paternal,WT_F2,941,WT Female,9.879583249612784
Ftx_129,Maternal,Ftx,Imprinted,Paternal,WT_F3,870,WT Female,9.766528908598865
Ftx_129,Maternal,Ftx,Imprinted,Paternal,HT_F1,2042,HT Female,10.996473488733228
Ftx_129,Maternal,Ftx,Imprinted,Paternal,HT_F2,686,HT Female,9.4241662888181
Ftx_129,Maternal,Ftx,Imprinted,Paternal,HT_F3,848,HT Female,9.729620743553038
Ftx_129,Maternal,Ftx,Imprinted,Paternal,KO_M1,903,KO Male,9.820178962415188
Ftx_129,Maternal,Ftx,Imprinted,Paternal,KO_M2,1500,KO Male,10.55170826162069
Ftx_129,Maternal,Ftx,Imprinted,Paternal,KO_M3,1431,KO Male,10.483815777264256
Ftx_JF1,Paternal,Ftx,Imprinted,Paternal,WT_M1,42,WT Male,5.426264754702098
Ftx_JF1,Paternal,Ftx,Imprinted,Paternal,WT_M2,46,WT Male,5.554588851677638
Ftx_JF1,Paternal,Ftx,Imprinted,Paternal,WT_M3,40,WT Male,5.357552004618084
Ftx_JF1,Paternal,Ftx,Imprinted,Paternal,WT_F1,619,WT Female,9.276124405274238
Ftx_JF1,Paternal,Ftx,Imprinted,Paternal,WT_F2,722,WT Female,9.497851836951117
Ftx_JF1,Paternal,Ftx,Imprinted,Paternal,WT_F3,902,WT Female,9.818582177480858
Ftx_JF1,Paternal,Ftx,Imprinted,Paternal,HT_F1,1601,HT Female,10.64565843240871
Ftx_JF1,Paternal,Ftx,Imprinted,Paternal,HT_F2,930,HT Female,9.862637357558794
Ftx_JF1,Paternal,Ftx,Imprinted,Paternal,HT_F3,340,HT Female,8.413627929024173
Ftx_JF1,Paternal,Ftx,Imprinted,Paternal,KO_M1,28,KO Male,4.857980995127572
Ftx_JF1,Paternal,Ftx,Imprinted,Paternal,KO_M2,42,KO Male,5.426264754702098
Ftx_JF1,Paternal,Ftx,Imprinted,Paternal,KO_M3,42,KO Male,5.426264754702098
Gab1_129,Maternal,Gab1,Imprinted,Paternal,WT_M1,1289,WT Male,10.333155350310616
Gab1_129,Maternal,Gab1,Imprinted,Paternal,WT_M2,1772,WT Male,10.79197682089869
Gab1_129,Maternal,Gab1,Imprinted,Paternal,WT_M3,823,WT Male,9.686500527183219
Gab1_129,Maternal,Gab1,Imprinted,Paternal,WT_F1,1964,WT Female,10.940313597145968
Gab1_129,Maternal,Gab1,Imprinted,Paternal,WT_F2,1258,WT Female,10.298062567719017
Gab1_129,Maternal,Gab1,Imprinted,Paternal,WT_F3,1061,WT Female,10.052568050804153
Gab1_129,Maternal,Gab1,Imprinted,Paternal,HT_F1,2107,HT Female,11.041659151637214
Gab1_129,Maternal,Gab1,Imprinted,Paternal,HT_F2,1065,HT Female,10.057991722759176
Gab1_129,Maternal,Gab1,Imprinted,Paternal,HT_F3,1166,HT Female,10.188588845707349
Gab1_129,Maternal,Gab1,Imprinted,Paternal,KO_M1,1084,KO Male,10.083479327331842
Gab1_129,Maternal,Gab1,Imprinted,Paternal,KO_M2,1113,KO Male,10.121533517340032
Gab1_129,Maternal,Gab1,Imprinted,Paternal,KO_M3,1165,KO Male,10.187352073200497
Gab1_JF1,Paternal,Gab1,Imprinted,Paternal,WT_M1,2068,WT Male,11.014717929860009
Gab1_JF1,Paternal,Gab1,Imprinted,Paternal,WT_M2,2278,WT Male,11.154185209265297
Gab1_JF1,Paternal,Gab1,Imprinted,Paternal,WT_M3,842,WT Male,9.719388820942083
Gab1_JF1,Paternal,Gab1,Imprinted,Paternal,WT_F1,2015,WT Female,10.977279923499916
Gab1_JF1,Paternal,Gab1,Imprinted,Paternal,WT_F2,1421,WT Female,10.473705749619416
Gab1_JF1,Paternal,Gab1,Imprinted,Paternal,WT_F3,1730,WT Female,10.757390009366638
Gab1_JF1,Paternal,Gab1,Imprinted,Paternal,HT_F1,2250,HT Female,11.136350341454156
Gab1_JF1,Paternal,Gab1,Imprinted,Paternal,HT_F2,1071,HT Female,10.066089190457772
Gab1_JF1,Paternal,Gab1,Imprinted,Paternal,HT_F3,1162,HT Female,10.183635381473218
Gab1_JF1,Paternal,Gab1,Imprinted,Paternal,KO_M1,957,KO Male,9.90388184573618
Gab1_JF1,Paternal,Gab1,Imprinted,Paternal,KO_M2,1388,KO Male,10.439830883981392
Gab1_JF1,Paternal,Gab1,Imprinted,Paternal,KO_M3,1091,KO Male,10.092757140919852
Galnt6_129,Maternal,Galnt6,Imprinted,Paternal,WT_M1,208,WT Male,7.7073591320808825
Galnt6_129,Maternal,Galnt6,Imprinted,Paternal,WT_M2,266,WT Male,8.060695931687555
Galnt6_129,Maternal,Galnt6,Imprinted,Paternal,WT_M3,281,WT Male,8.139551352398794
Galnt6_129,Maternal,Galnt6,Imprinted,Paternal,WT_F1,1044,WT Female,10.029287226968245
Galnt6_129,Maternal,Galnt6,Imprinted,Paternal,WT_F2,468,WT Female,8.873444112515376
Galnt6_129,Maternal,Galnt6,Imprinted,Paternal,WT_F3,202,WT Female,7.6653359171851765
Galnt6_129,Maternal,Galnt6,Imprinted,Paternal,HT_F1,602,HT Female,9.236014191900084
Galnt6_129,Maternal,Galnt6,Imprinted,Paternal,HT_F2,275,HT Female,8.108524456778168
Galnt6_129,Maternal,Galnt6,Imprinted,Paternal,HT_F3,132,HT Female,7.05528243550119
Galnt6_129,Maternal,Galnt6,Imprinted,Paternal,KO_M1,117,KO Male,6.882643049361842
Galnt6_129,Maternal,Galnt6,Imprinted,Paternal,KO_M2,421,KO Male,8.721099188707186
Galnt6_129,Maternal,Galnt6,Imprinted,Paternal,KO_M3,364,KO Male,8.51175265376738
Galnt6_JF1,Paternal,Galnt6,Imprinted,Paternal,WT_M1,656,WT Male,9.35974956032233
Galnt6_JF1,Paternal,Galnt6,Imprinted,Paternal,WT_M2,686,WT Male,9.4241662888181
Galnt6_JF1,Paternal,Galnt6,Imprinted,Paternal,WT_M3,216,WT Male,7.7615512324444795
Galnt6_JF1,Paternal,Galnt6,Imprinted,Paternal,WT_F1,548,WT Female,9.100662339005199
Galnt6_JF1,Paternal,Galnt6,Imprinted,Paternal,WT_F2,329,WT Female,8.366322214245816
Galnt6_JF1,Paternal,Galnt6,Imprinted,Paternal,WT_F3,495,WT Female,8.954196310386875
Galnt6_JF1,Paternal,Galnt6,Imprinted,Paternal,HT_F1,547,HT Female,9.098032082960527
Galnt6_JF1,Paternal,Galnt6,Imprinted,Paternal,HT_F2,147,HT Female,7.20945336562895
Galnt6_JF1,Paternal,Galnt6,Imprinted,Paternal,HT_F3,473,HT Female,8.888743248898258
Galnt6_JF1,Paternal,Galnt6,Imprinted,Paternal,KO_M1,335,KO Male,8.39231742277876
Galnt6_JF1,Paternal,Galnt6,Imprinted,Paternal,KO_M2,312,KO Male,8.290018846932618
Galnt6_JF1,Paternal,Galnt6,Imprinted,Paternal,KO_M3,346,KO Male,8.43879185257826
Gatm_129,Maternal,Gatm,Imprinted,Maternal,WT_M1,2863,WT Male,11.483815777264256
Gatm_129,Maternal,Gatm,Imprinted,Maternal,WT_M2,4299,WT Male,12.070120944476823
Gatm_129,Maternal,Gatm,Imprinted,Maternal,WT_M3,1569,WT Male,10.61654884377899
Gatm_129,Maternal,Gatm,Imprinted,Maternal,WT_F1,3630,WT Female,11.826151214800207
Gatm_129,Maternal,Gatm,Imprinted,Maternal,WT_F2,2519,WT Female,11.29920801838728
Gatm_129,Maternal,Gatm,Imprinted,Maternal,WT_F3,3260,WT Female,11.671098725748465
Gatm_129,Maternal,Gatm,Imprinted,Maternal,HT_F1,4289,HT Female,12.066761932386909
Gatm_129,Maternal,Gatm,Imprinted,Maternal,HT_F2,1895,HT Female,10.888743248898258
Gatm_129,Maternal,Gatm,Imprinted,Maternal,HT_F3,2365,HT Female,11.208234358339789
Gatm_129,Maternal,Gatm,Imprinted,Maternal,KO_M1,1311,KO Male,10.357552004618084
Gatm_129,Maternal,Gatm,Imprinted,Maternal,KO_M2,2288,KO Male,11.160501747555687
Gatm_129,Maternal,Gatm,Imprinted,Maternal,KO_M3,2217,KO Male,11.11504365016171
Gatm_JF1,Paternal,Gatm,Imprinted,Maternal,WT_M1,3476,WT Male,11.763627351727628
Gatm_JF1,Paternal,Gatm,Imprinted,Maternal,WT_M2,4110,WT Male,12.005273656563938
Gatm_JF1,Paternal,Gatm,Imprinted,Maternal,WT_M3,1912,WT Male,10.901621158346112
Gatm_JF1,Paternal,Gatm,Imprinted,Maternal,WT_F1,4131,WT Female,12.01262453886506
Gatm_JF1,Paternal,Gatm,Imprinted,Maternal,WT_F2,3284,WT Female,11.681677655209691
Gatm_JF1,Paternal,Gatm,Imprinted,Maternal,WT_F3,2811,WT Female,11.457380879072534
Gatm_JF1,Paternal,Gatm,Imprinted,Maternal,HT_F1,3767,HT Female,11.879583249612784
Gatm_JF1,Paternal,Gatm,Imprinted,Maternal,HT_F2,2050,HT Female,11.002111776479852
Gatm_JF1,Paternal,Gatm,Imprinted,Maternal,HT_F3,2833,HT Female,11.468624042918018
Gatm_JF1,Paternal,Gatm,Imprinted,Maternal,KO_M1,2021,KO Male,10.981567281903015
Gatm_JF1,Paternal,Gatm,Imprinted,Maternal,KO_M2,2525,KO Male,11.302638923787553
Gatm_JF1,Paternal,Gatm,Imprinted,Maternal,KO_M3,2612,KO Male,11.35149140932002
Gm35612_129,Maternal,Gm35612,Imprinted,Maternal,WT_M1,34,WT Male,5.129283016944966
Gm35612_129,Maternal,Gm35612,Imprinted,Maternal,WT_M2,61,WT Male,5.954196310386875
Gm35612_129,Maternal,Gm35612,Imprinted,Maternal,WT_M3,23,WT Male,4.584962500721156
Gm35612_129,Maternal,Gm35612,Imprinted,Maternal,WT_F1,20,WT Female,4.392317422778761
Gm35612_129,Maternal,Gm35612,Imprinted,Maternal,WT_F2,22,WT Female,4.523561956057013
Gm35612_129,Maternal,Gm35612,Imprinted,Maternal,WT_F3,30,WT Female,4.954196310386875
Gm35612_129,Maternal,Gm35612,Imprinted,Maternal,HT_F1,51,HT Female,5.700439718141092
Gm35612_129,Maternal,Gm35612,Imprinted,Maternal,HT_F2,9,HT Female,3.321928094887362
Gm35612_129,Maternal,Gm35612,Imprinted,Maternal,HT_F3,20,HT Female,4.392317422778761
Gm35612_129,Maternal,Gm35612,Imprinted,Maternal,KO_M1,82,KO Male,6.3750394313469245
Gm35612_129,Maternal,Gm35612,Imprinted,Maternal,KO_M2,44,KO Male,5.491853096329675
Gm35612_129,Maternal,Gm35612,Imprinted,Maternal,KO_M3,65,KO Male,6.044394119358453
Gm35612_JF1,Paternal,Gm35612,Imprinted,Maternal,WT_M1,0,WT Male,0
Gm35612_JF1,Paternal,Gm35612,Imprinted,Maternal,WT_M2,0,WT Male,0
Gm35612_JF1,Paternal,Gm35612,Imprinted,Maternal,WT_M3,0,WT Male,0
Gm35612_JF1,Paternal,Gm35612,Imprinted,Maternal,WT_F1,0,WT Female,0
Gm35612_JF1,Paternal,Gm35612,Imprinted,Maternal,WT_F2,1,WT Female,1
Gm35612_JF1,Paternal,Gm35612,Imprinted,Maternal,WT_F3,0,WT Female,0
Gm35612_JF1,Paternal,Gm35612,Imprinted,Maternal,HT_F1,0,HT Female,0
Gm35612_JF1,Paternal,Gm35612,Imprinted,Maternal,HT_F2,0,HT Female,0
Gm35612_JF1,Paternal,Gm35612,Imprinted,Maternal,HT_F3,0,HT Female,0
Gm35612_JF1,Paternal,Gm35612,Imprinted,Maternal,KO_M1,0,KO Male,0
Gm35612_JF1,Paternal,Gm35612,Imprinted,Maternal,KO_M2,0,KO Male,0
Gm35612_JF1,Paternal,Gm35612,Imprinted,Maternal,KO_M3,0,KO Male,0
Gnai3_129,Maternal,Gnai3,Predicted,Maternal,WT_M1,1931,WT Male,10.915879378835774
Gnai3_129,Maternal,Gnai3,Predicted,Maternal,WT_M2,2279,WT Male,11.154818109052105
Gnai3_129,Maternal,Gnai3,Predicted,Maternal,WT_M3,1165,WT Male,10.187352073200497
Gnai3_129,Maternal,Gnai3,Predicted,Maternal,WT_F1,1823,WT Female,10.832890014164741
Gnai3_129,Maternal,Gnai3,Predicted,Maternal,WT_F2,1388,WT Female,10.439830883981392
Gnai3_129,Maternal,Gnai3,Predicted,Maternal,WT_F3,1772,WT Female,10.79197682089869
Gnai3_129,Maternal,Gnai3,Predicted,Maternal,HT_F1,2590,HT Female,11.339293300180094
Gnai3_129,Maternal,Gnai3,Predicted,Maternal,HT_F2,1532,HT Female,10.582141981658777
Gnai3_129,Maternal,Gnai3,Predicted,Maternal,HT_F3,1430,HT Female,10.482807956726667
Gnai3_129,Maternal,Gnai3,Predicted,Maternal,KO_M1,1138,KO Male,10.153552031708111
Gnai3_129,Maternal,Gnai3,Predicted,Maternal,KO_M2,1471,KO Male,10.523561956057012
Gnai3_129,Maternal,Gnai3,Predicted,Maternal,KO_M3,1653,KO Male,10.691743519171276
Gnai3_JF1,Paternal,Gnai3,Predicted,Maternal,WT_M1,1479,WT Male,10.531381460516313
Gnai3_JF1,Paternal,Gnai3,Predicted,Maternal,WT_M2,1949,WT Male,10.929258408636972
Gnai3_JF1,Paternal,Gnai3,Predicted,Maternal,WT_M3,844,WT Male,9.722807531169547
Gnai3_JF1,Paternal,Gnai3,Predicted,Maternal,WT_F1,1522,WT Female,10.572700226487292
Gnai3_JF1,Paternal,Gnai3,Predicted,Maternal,WT_F2,1221,WT Female,10.25502856981873
Gnai3_JF1,Paternal,Gnai3,Predicted,Maternal,WT_F3,1563,WT Female,10.611024797307353
Gnai3_JF1,Paternal,Gnai3,Predicted,Maternal,HT_F1,2180,HT Female,11.09077405464075
Gnai3_JF1,Paternal,Gnai3,Predicted,Maternal,HT_F2,1033,HT Female,10.014020470314934
Gnai3_JF1,Paternal,Gnai3,Predicted,Maternal,HT_F3,1359,HT Female,10.409390936137703
Gnai3_JF1,Paternal,Gnai3,Predicted,Maternal,KO_M1,588,KO Male,9.20212382383046
Gnai3_JF1,Paternal,Gnai3,Predicted,Maternal,KO_M2,1144,KO Male,10.161131882984307
Gnai3_JF1,Paternal,Gnai3,Predicted,Maternal,KO_M3,1096,KO Male,10.099347810403193
Gnas_129,Maternal,Gnas,Imprinted - Isoform Dependent,Maternal,WT_M1,22487,WT Male,14.456867738380343
Gnas_129,Maternal,Gnas,Imprinted - Isoform Dependent,Maternal,WT_M2,35998,WT Male,15.135669210685547
Gnas_129,Maternal,Gnas,Imprinted - Isoform Dependent,Maternal,WT_M3,16021,WT Male,13.967766627794514
Gnas_129,Maternal,Gnas,Imprinted - Isoform Dependent,Maternal,WT_F1,28859,WT Female,14.81678367937856
Gnas_129,Maternal,Gnas,Imprinted - Isoform Dependent,Maternal,WT_F2,21886,WT Female,14.417786600777793
Gnas_129,Maternal,Gnas,Imprinted - Isoform Dependent,Maternal,WT_F3,24000,WT Female,14.550806896424309
Gnas_129,Maternal,Gnas,Imprinted - Isoform Dependent,Maternal,HT_F1,35499,HT Female,15.115531404166768
Gnas_129,Maternal,Gnas,Imprinted - Isoform Dependent,Maternal,HT_F2,22387,HT Female,14.450438032395652
Gnas_129,Maternal,Gnas,Imprinted - Isoform Dependent,Maternal,HT_F3,22914,HT Female,14.484004665261676
Gnas_129,Maternal,Gnas,Imprinted - Isoform Dependent,Maternal,KO_M1,18142,KO Male,14.147125409135397
Gnas_129,Maternal,Gnas,Imprinted - Isoform Dependent,Maternal,KO_M2,26242,KO Male,14.679645032345695
Gnas_129,Maternal,Gnas,Imprinted - Isoform Dependent,Maternal,KO_M3,20874,KO Male,14.349488577136139
Gnas_JF1,Paternal,Gnas,Imprinted - Isoform Dependent,Maternal,WT_M1,33302,WT Male,15.023364523517927
Gnas_JF1,Paternal,Gnas,Imprinted - Isoform Dependent,Maternal,WT_M2,49972,WT Male,15.608861208694039
Gnas_JF1,Paternal,Gnas,Imprinted - Isoform Dependent,Maternal,WT_M3,32399,WT Male,14.98370619265935
Gnas_JF1,Paternal,Gnas,Imprinted - Isoform Dependent,Maternal,WT_F1,34570,WT Female,15.077274715118953
Gnas_JF1,Paternal,Gnas,Imprinted - Isoform Dependent,Maternal,WT_F2,33045,WT Female,15.012188033146051
Gnas_JF1,Paternal,Gnas,Imprinted - Isoform Dependent,Maternal,WT_F3,44022,WT Female,15.425969842308408
Gnas_JF1,Paternal,Gnas,Imprinted - Isoform Dependent,Maternal,HT_F1,51965,HT Female,15.665280393678295
Gnas_JF1,Paternal,Gnas,Imprinted - Isoform Dependent,Maternal,HT_F2,32394,HT Female,14.98348353735512
Gnas_JF1,Paternal,Gnas,Imprinted - Isoform Dependent,Maternal,HT_F3,29572,HT Female,14.851992983020752
Gnas_JF1,Paternal,Gnas,Imprinted - Isoform Dependent,Maternal,KO_M1,26667,KO Male,14.702822011777029
Gnas_JF1,Paternal,Gnas,Imprinted - Isoform Dependent,Maternal,KO_M2,33932,KO Male,15.050401363202674
Gnas_JF1,Paternal,Gnas,Imprinted - Isoform Dependent,Maternal,KO_M3,37962,KO Male,15.212306384398097
Grb10_129,Maternal,Grb10,Imprinted - Isoform Dependent,Maternal,WT_M1,474,WT Male,8.89178370321831
Grb10_129,Maternal,Grb10,Imprinted - Isoform Dependent,Maternal,WT_M2,410,WT Male,8.682994583681683
Grb10_129,Maternal,Grb10,Imprinted - Isoform Dependent,Maternal,WT_M3,255,WT Male,8
Grb10_129,Maternal,Grb10,Imprinted - Isoform Dependent,Maternal,WT_F1,485,WT Female,8.92481250360578
Grb10_129,Maternal,Grb10,Imprinted - Isoform Dependent,Maternal,WT_F2,77,WT Female,6.285402218862249
Grb10_129,Maternal,Grb10,Imprinted - Isoform Dependent,Maternal,WT_F3,635,WT Female,9.312882955284355
Grb10_129,Maternal,Grb10,Imprinted - Isoform Dependent,Maternal,HT_F1,579,HT Female,9.179909090014934
Grb10_129,Maternal,Grb10,Imprinted - Isoform Dependent,Maternal,HT_F2,153,HT Female,7.266786540694901
Grb10_129,Maternal,Grb10,Imprinted - Isoform Dependent,Maternal,HT_F3,107,HT Female,6.754887502163468
Grb10_129,Maternal,Grb10,Imprinted - Isoform Dependent,Maternal,KO_M1,228,KO Male,7.839203788096944
Grb10_129,Maternal,Grb10,Imprinted - Isoform Dependent,Maternal,KO_M2,165,KO Male,7.3750394313469245
Grb10_129,Maternal,Grb10,Imprinted - Isoform Dependent,Maternal,KO_M3,256,KO Male,8.005624549193879
Grb10_JF1,Paternal,Grb10,Imprinted - Isoform Dependent,Maternal,WT_M1,1478,WT Male,10.530406337099068
Grb10_JF1,Paternal,Grb10,Imprinted - Isoform Dependent,Maternal,WT_M2,3177,WT Male,11.63390340934852
Grb10_JF1,Paternal,Grb10,Imprinted - Isoform Dependent,Maternal,WT_M3,1314,WT Male,10.360847084179664
Grb10_JF1,Paternal,Grb10,Imprinted - Isoform Dependent,Maternal,WT_F1,1978,WT Female,10.950555897047511
Grb10_JF1,Paternal,Grb10,Imprinted - Isoform Dependent,Maternal,WT_F2,1498,WT Female,10.54978466794786
Grb10_JF1,Paternal,Grb10,Imprinted - Isoform Dependent,Maternal,WT_F3,2163,WT Female,11.079484783826816
Grb10_JF1,Paternal,Grb10,Imprinted - Isoform Dependent,Maternal,HT_F1,7166,HT Female,12.80715363917749
Grb10_JF1,Paternal,Grb10,Imprinted - Isoform Dependent,Maternal,HT_F2,2571,HT Female,11.328674927327947
Grb10_JF1,Paternal,Grb10,Imprinted - Isoform Dependent,Maternal,HT_F3,1618,HT Female,10.660887270302567
Grb10_JF1,Paternal,Grb10,Imprinted - Isoform Dependent,Maternal,KO_M1,1919,KO Male,10.906890595608518
Grb10_JF1,Paternal,Grb10,Imprinted - Isoform Dependent,Maternal,KO_M2,2988,KO Male,11.545447181678094
Grb10_JF1,Paternal,Grb10,Imprinted - Isoform Dependent,Maternal,KO_M3,2184,KO Male,11.093417564387961
H13_129,Maternal,H13,Imprinted,Maternal,WT_M1,2002,WT Male,10.967946705812707
H13_129,Maternal,H13,Imprinted,Maternal,WT_M2,2,WT Male,1.584962500721156
H13_129,Maternal,H13,Imprinted,Maternal,WT_M3,1521,WT Male,10.571752643503546
H13_129,Maternal,H13,Imprinted,Maternal,WT_F1,1762,WT Female,10.783816759320182
H13_129,Maternal,H13,Imprinted,Maternal,WT_F2,0,WT Female,0
H13_129,Maternal,H13,Imprinted,Maternal,WT_F3,2409,WT Female,11.234817431117325
H13_129,Maternal,H13,Imprinted,Maternal,HT_F1,4586,HT Female,12.163335192081961
H13_129,Maternal,H13,Imprinted,Maternal,HT_F2,2042,HT Female,10.996473488733228
H13_129,Maternal,H13,Imprinted,Maternal,HT_F3,3,HT Female,2
H13_129,Maternal,H13,Imprinted,Maternal,KO_M1,1366,KO Male,10.41679752760606
H13_129,Maternal,H13,Imprinted,Maternal,KO_M2,3,KO Male,2
H13_129,Maternal,H13,Imprinted,Maternal,KO_M3,1755,KO Male,10.778077129535358
H13_JF1,Paternal,H13,Imprinted,Maternal,WT_M1,1436,WT Male,10.488844346457336
H13_JF1,Paternal,H13,Imprinted,Maternal,WT_M2,5328,WT Male,12.379649117760035
H13_JF1,Paternal,H13,Imprinted,Maternal,WT_M3,1262,WT Male,10.302638923787553
H13_JF1,Paternal,H13,Imprinted,Maternal,WT_F1,2113,WT Female,11.045759661382682
H13_JF1,Paternal,H13,Imprinted,Maternal,WT_F2,3343,WT Female,11.707359132080883
H13_JF1,Paternal,H13,Imprinted,Maternal,WT_F3,2092,WT Female,11.031356596255709
H13_JF1,Paternal,H13,Imprinted,Maternal,HT_F1,3431,HT Female,11.744833837499545
H13_JF1,Paternal,H13,Imprinted,Maternal,HT_F2,1815,HT Female,10.826548487290914
H13_JF1,Paternal,H13,Imprinted,Maternal,HT_F3,2667,HT Female,11.381542951184585
H13_JF1,Paternal,H13,Imprinted,Maternal,KO_M1,1068,KO Male,10.06204613772049
H13_JF1,Paternal,H13,Imprinted,Maternal,KO_M2,3344,KO Male,11.707790495528823
H13_JF1,Paternal,H13,Imprinted,Maternal,KO_M3,1590,KO Male,10.635718120331047
H19_129,Maternal,H19,Imprinted,Maternal,WT_M1,6,WT Male,2.807354922057604
H19_129,Maternal,H19,Imprinted,Maternal,WT_M2,3,WT Male,2
H19_129,Maternal,H19,Imprinted,Maternal,WT_M3,7,WT Male,3
H19_129,Maternal,H19,Imprinted,Maternal,WT_F1,16,WT Female,4.087462841250339
H19_129,Maternal,H19,Imprinted,Maternal,WT_F2,6,WT Female,2.807354922057604
H19_129,Maternal,H19,Imprinted,Maternal,WT_F3,4,WT Female,2.321928094887362
H19_129,Maternal,H19,Imprinted,Maternal,HT_F1,2,HT Female,1.584962500721156
H19_129,Maternal,H19,Imprinted,Maternal,HT_F2,1,HT Female,1
H19_129,Maternal,H19,Imprinted,Maternal,HT_F3,11,HT Female,3.584962500721156
H19_129,Maternal,H19,Imprinted,Maternal,KO_M1,1,KO Male,1
H19_129,Maternal,H19,Imprinted,Maternal,KO_M2,1,KO Male,1
H19_129,Maternal,H19,Imprinted,Maternal,KO_M3,2,KO Male,1.584962500721156
H19_JF1,Paternal,H19,Imprinted,Maternal,WT_M1,0,WT Male,0
H19_JF1,Paternal,H19,Imprinted,Maternal,WT_M2,0,WT Male,0
H19_JF1,Paternal,H19,Imprinted,Maternal,WT_M3,0,WT Male,0
H19_JF1,Paternal,H19,Imprinted,Maternal,WT_F1,0,WT Female,0
H19_JF1,Paternal,H19,Imprinted,Maternal,WT_F2,0,WT Female,0
H19_JF1,Paternal,H19,Imprinted,Maternal,WT_F3,0,WT Female,0
H19_JF1,Paternal,H19,Imprinted,Maternal,HT_F1,0,HT Female,0
H19_JF1,Paternal,H19,Imprinted,Maternal,HT_F2,0,HT Female,0
H19_JF1,Paternal,H19,Imprinted,Maternal,HT_F3,0,HT Female,0
H19_JF1,Paternal,H19,Imprinted,Maternal,KO_M1,0,KO Male,0
H19_JF1,Paternal,H19,Imprinted,Maternal,KO_M2,0,KO Male,0
H19_JF1,Paternal,H19,Imprinted,Maternal,KO_M3,0,KO Male,0
Htr2a_129,Maternal,Htr2a,Imprinted,Maternal,WT_M1,628,WT Male,9.296916206879288
Htr2a_129,Maternal,Htr2a,Imprinted,Maternal,WT_M2,915,WT Male,9.839203788096944
Htr2a_129,Maternal,Htr2a,Imprinted,Maternal,WT_M3,241,WT Male,7.918863237274595
Htr2a_129,Maternal,Htr2a,Imprinted,Maternal,WT_F1,326,WT Female,8.353146825498083
Htr2a_129,Maternal,Htr2a,Imprinted,Maternal,WT_F2,196,WT Female,7.6220518194563764
Htr2a_129,Maternal,Htr2a,Imprinted,Maternal,WT_F3,631,WT Female,9.303780748177102
Htr2a_129,Maternal,Htr2a,Imprinted,Maternal,HT_F1,891,HT Female,9.800899899920305
Htr2a_129,Maternal,Htr2a,Imprinted,Maternal,HT_F2,621,HT Female,9.280770770130603
Htr2a_129,Maternal,Htr2a,Imprinted,Maternal,HT_F3,580,HT Female,9.18239435340453
Htr2a_129,Maternal,Htr2a,Imprinted,Maternal,KO_M1,479,KO Male,8.906890595608518
Htr2a_129,Maternal,Htr2a,Imprinted,Maternal,KO_M2,352,KO Male,8.46352437327118
Htr2a_129,Maternal,Htr2a,Imprinted,Maternal,KO_M3,707,KO Male,9.467605550082997
Htr2a_JF1,Paternal,Htr2a,Imprinted,Maternal,WT_M1,551,WT Male,9.108524456778168
Htr2a_JF1,Paternal,Htr2a,Imprinted,Maternal,WT_M2,491,WT Male,8.94251450533924
Htr2a_JF1,Paternal,Htr2a,Imprinted,Maternal,WT_M3,269,WT Male,8.076815597050832
Htr2a_JF1,Paternal,Htr2a,Imprinted,Maternal,WT_F1,448,WT Female,8.810571634741146
Htr2a_JF1,Paternal,Htr2a,Imprinted,Maternal,WT_F2,424,WT Female,8.731319031025064
Htr2a_JF1,Paternal,Htr2a,Imprinted,Maternal,WT_F3,538,WT Female,9.074141462752506
Htr2a_JF1,Paternal,Htr2a,Imprinted,Maternal,HT_F1,755,HT Female,9.562242424221072
Htr2a_JF1,Paternal,Htr2a,Imprinted,Maternal,HT_F2,253,HT Female,7.9886846867721655
Htr2a_JF1,Paternal,Htr2a,Imprinted,Maternal,HT_F3,482,HT Female,8.915879378835774
Htr2a_JF1,Paternal,Htr2a,Imprinted,Maternal,KO_M1,200,KO Male,7.651051691178929
Htr2a_JF1,Paternal,Htr2a,Imprinted,Maternal,KO_M2,582,KO Male,9.187352073200497
Htr2a_JF1,Paternal,Htr2a,Imprinted,Maternal,KO_M3,478,KO Male,8.90388184573618
Hymai_129,Maternal,Hymai,Imprinted,Paternal,WT_M1,17,WT Male,4.169925001442312
Hymai_129,Maternal,Hymai,Imprinted,Paternal,WT_M2,85,WT Male,6.426264754702098
Hymai_129,Maternal,Hymai,Imprinted,Paternal,WT_M3,68,WT Male,6.108524456778169
Hymai_129,Maternal,Hymai,Imprinted,Paternal,WT_F1,73,WT Female,6.20945336562895
Hymai_129,Maternal,Hymai,Imprinted,Paternal,WT_F2,51,WT Female,5.700439718141092
Hymai_129,Maternal,Hymai,Imprinted,Paternal,WT_F3,69,WT Female,6.129283016944966
Hymai_129,Maternal,Hymai,Imprinted,Paternal,HT_F1,0,HT Female,0
Hymai_129,Maternal,Hymai,Imprinted,Paternal,HT_F2,35,HT Female,5.169925001442312
Hymai_129,Maternal,Hymai,Imprinted,Paternal,HT_F3,21,HT Female,4.459431618637297
Hymai_129,Maternal,Hymai,Imprinted,Paternal,KO_M1,23,KO Male,4.584962500721156
Hymai_129,Maternal,Hymai,Imprinted,Paternal,KO_M2,74,KO Male,6.22881869049588
Hymai_129,Maternal,Hymai,Imprinted,Paternal,KO_M3,46,KO Male,5.554588851677638
Hymai_JF1,Paternal,Hymai,Imprinted,Paternal,WT_M1,0,WT Male,0
Hymai_JF1,Paternal,Hymai,Imprinted,Paternal,WT_M2,0,WT Male,0
Hymai_JF1,Paternal,Hymai,Imprinted,Paternal,WT_M3,0,WT Male,0
Hymai_JF1,Paternal,Hymai,Imprinted,Paternal,WT_F1,0,WT Female,0
Hymai_JF1,Paternal,Hymai,Imprinted,Paternal,WT_F2,0,WT Female,0
Hymai_JF1,Paternal,Hymai,Imprinted,Paternal,WT_F3,0,WT Female,0
Hymai_JF1,Paternal,Hymai,Imprinted,Paternal,HT_F1,136,HT Female,7.098032082960526
Hymai_JF1,Paternal,Hymai,Imprinted,Paternal,HT_F2,0,HT Female,0
Hymai_JF1,Paternal,Hymai,Imprinted,Paternal,HT_F3,0,HT Female,0
Hymai_JF1,Paternal,Hymai,Imprinted,Paternal,KO_M1,0,KO Male,0
Hymai_JF1,Paternal,Hymai,Imprinted,Paternal,KO_M2,0,KO Male,0
Hymai_JF1,Paternal,Hymai,Imprinted,Paternal,KO_M3,0,KO Male,0
Igf2_129,Maternal,Igf2,Imprinted,Paternal,WT_M1,10533,WT Male,13.362765744153958
Igf2_129,Maternal,Igf2,Imprinted,Paternal,WT_M2,9990,WT Male,13.286413369370345
Igf2_129,Maternal,Igf2,Imprinted,Paternal,WT_M3,7404,WT Male,12.85428402017621
Igf2_129,Maternal,Igf2,Imprinted,Paternal,WT_F1,16793,WT Female,14.035658272294071
Igf2_129,Maternal,Igf2,Imprinted,Paternal,WT_F2,1447,WT Female,10.499845887083206
Igf2_129,Maternal,Igf2,Imprinted,Paternal,WT_F3,9668,WT Female,13.239150973780701
Igf2_129,Maternal,Igf2,Imprinted,Paternal,HT_F1,10632,HT Female,13.376261076559688
Igf2_129,Maternal,Igf2,Imprinted,Paternal,HT_F2,3733,HT Female,11.866506212226202
Igf2_129,Maternal,Igf2,Imprinted,Paternal,HT_F3,1810,HT Female,10.822570830950168
Igf2_129,Maternal,Igf2,Imprinted,Paternal,KO_M1,4564,KO Male,12.156399144871584
Igf2_129,Maternal,Igf2,Imprinted,Paternal,KO_M2,983,KO Male,9.94251450533924
Igf2_129,Maternal,Igf2,Imprinted,Paternal,KO_M3,925,KO Male,9.854868383260236
Igf2_JF1,Paternal,Igf2,Imprinted,Paternal,WT_M1,7219,WT Male,12.817783121774534
Igf2_JF1,Paternal,Igf2,Imprinted,Paternal,WT_M2,6765,WT Male,12.724087461793989
Igf2_JF1,Paternal,Igf2,Imprinted,Paternal,WT_M3,5173,WT Male,12.33706433868474
Igf2_JF1,Paternal,Igf2,Imprinted,Paternal,WT_F1,11951,WT Female,13.544964432789238
Igf2_JF1,Paternal,Igf2,Imprinted,Paternal,WT_F2,584,WT Female,9.192292814470767
Igf2_JF1,Paternal,Igf2,Imprinted,Paternal,WT_F3,6861,WT Female,12.744413410557655
Igf2_JF1,Paternal,Igf2,Imprinted,Paternal,HT_F1,6890,HT Female,12.75049764209908
Igf2_JF1,Paternal,Igf2,Imprinted,Paternal,HT_F2,1737,HT Female,10.7632123668144
Igf2_JF1,Paternal,Igf2,Imprinted,Paternal,HT_F3,636,HT Female,9.3151495622563
Igf2_JF1,Paternal,Igf2,Imprinted,Paternal,KO_M1,3021,KO Male,11.561287945164828
Igf2_JF1,Paternal,Igf2,Imprinted,Paternal,KO_M2,199,KO Male,7.643856189774724
Igf2_JF1,Paternal,Igf2,Imprinted,Paternal,KO_M3,297,KO Male,8.219168520462162
Igf2r_129,Maternal,Igf2r,Tissue Dependent,Maternal,WT_M1,3595,WT Male,11.812177305514448
Igf2r_129,Maternal,Igf2r,Tissue Dependent,Maternal,WT_M2,4278,WT Male,12.06305796362349
Igf2r_129,Maternal,Igf2r,Tissue Dependent,Maternal,WT_M3,1929,WT Male,10.914385132155443
Igf2r_129,Maternal,Igf2r,Tissue Dependent,Maternal,WT_F1,3753,WT Female,11.874212934830874
Igf2r_129,Maternal,Igf2r,Tissue Dependent,Maternal,WT_F2,2928,WT Female,11.516192477879367
Igf2r_129,Maternal,Igf2r,Tissue Dependent,Maternal,WT_F3,4028,WT Female,11.9762060901486
Igf2r_129,Maternal,Igf2r,Tissue Dependent,Maternal,HT_F1,4313,HT Female,12.074810461160453
Igf2r_129,Maternal,Igf2r,Tissue Dependent,Maternal,HT_F2,2590,HT Female,11.339293300180094
Igf2r_129,Maternal,Igf2r,Tissue Dependent,Maternal,HT_F3,2881,HT Female,11.492854620174748
Igf2r_129,Maternal,Igf2r,Tissue Dependent,Maternal,KO_M1,1912,KO Male,10.901621158346112
Igf2r_129,Maternal,Igf2r,Tissue Dependent,Maternal,KO_M2,2739,KO Male,11.419960177847889
Igf2r_129,Maternal,Igf2r,Tissue Dependent,Maternal,KO_M3,2569,KO Male,11.32755264408124
Igf2r_JF1,Paternal,Igf2r,Tissue Dependent,Maternal,WT_M1,2240,WT Male,11.129926933510394
Igf2r_JF1,Paternal,Igf2r,Tissue Dependent,Maternal,WT_M2,4149,WT Male,12.018895621121649
Igf2r_JF1,Paternal,Igf2r,Tissue Dependent,Maternal,WT_M3,1718,WT Male,10.747353829478062
Igf2r_JF1,Paternal,Igf2r,Tissue Dependent,Maternal,WT_F1,3067,WT Female,11.583082767502933
Igf2r_JF1,Paternal,Igf2r,Tissue Dependent,Maternal,WT_F2,1737,WT Female,10.7632123668144
Igf2r_JF1,Paternal,Igf2r,Tissue Dependent,Maternal,WT_F3,2221,WT Female,11.117643101389092
Igf2r_JF1,Paternal,Igf2r,Tissue Dependent,Maternal,HT_F1,4927,HT Female,12.266786540694902
Igf2r_JF1,Paternal,Igf2r,Tissue Dependent,Maternal,HT_F2,2092,HT Female,11.031356596255709
Igf2r_JF1,Paternal,Igf2r,Tissue Dependent,Maternal,HT_F3,1834,HT Female,10.841564347730575
Igf2r_JF1,Paternal,Igf2r,Tissue Dependent,Maternal,KO_M1,1746,KO Male,10.77066389291676
Igf2r_JF1,Paternal,Igf2r,Tissue Dependent,Maternal,KO_M2,2103,KO Male,11.038918989292302
Igf2r_JF1,Paternal,Igf2r,Tissue Dependent,Maternal,KO_M3,2272,KO Male,11.150381968817848
Impact_129,Maternal,Impact,Imprinted,Paternal,WT_M1,12891,WT Male,13.654188473059545
Impact_129,Maternal,Impact,Imprinted,Paternal,WT_M2,19288,WT Male,14.23549073120826
Impact_129,Maternal,Impact,Imprinted,Paternal,WT_M3,9468,WT Male,13.20899635859037
Impact_129,Maternal,Impact,Imprinted,Paternal,WT_F1,13498,WT Female,13.720564916568025
Impact_129,Maternal,Impact,Imprinted,Paternal,WT_F2,12029,WT Female,13.55434902206344
Impact_129,Maternal,Impact,Imprinted,Paternal,WT_F3,17237,WT Female,14.07330477825368
Impact_129,Maternal,Impact,Imprinted,Paternal,HT_F1,27098,HT Female,14.725951994166989
Impact_129,Maternal,Impact,Imprinted,Paternal,HT_F2,15344,HT Female,13.905481025353847
Impact_129,Maternal,Impact,Imprinted,Paternal,HT_F3,11230,HT Female,13.455198769515098
Impact_129,Maternal,Impact,Imprinted,Paternal,KO_M1,6406,KO Male,12.64543327516426
Impact_129,Maternal,Impact,Imprinted,Paternal,KO_M2,13993,KO Male,13.772520776314755
Impact_129,Maternal,Impact,Imprinted,Paternal,KO_M3,14376,KO Male,13.811475044432731
Impact_JF1,Paternal,Impact,Imprinted,Paternal,WT_M1,2970,WT Male,11.536732889835415
Impact_JF1,Paternal,Impact,Imprinted,Paternal,WT_M2,6191,WT Male,12.59618975614441
Impact_JF1,Paternal,Impact,Imprinted,Paternal,WT_M3,2333,WT Male,11.188588845707349
Impact_JF1,Paternal,Impact,Imprinted,Paternal,WT_F1,3608,WT Female,11.817383427897232
Impact_JF1,Paternal,Impact,Imprinted,Paternal,WT_F2,2961,WT Female,11.532355925288847
Impact_JF1,Paternal,Impact,Imprinted,Paternal,WT_F3,4662,WT Female,12.187042714339894
Impact_JF1,Paternal,Impact,Imprinted,Paternal,HT_F1,9787,HT Female,13.25679838607939
Impact_JF1,Paternal,Impact,Imprinted,Paternal,HT_F2,4597,HT Female,12.16679075071818
Impact_JF1,Paternal,Impact,Imprinted,Paternal,HT_F3,3721,HT Female,11.861862340059151
Impact_JF1,Paternal,Impact,Imprinted,Paternal,KO_M1,2792,KO Male,11.44759985827995
Impact_JF1,Paternal,Impact,Imprinted,Paternal,KO_M2,4429,KO Male,12.113090983442381
Impact_JF1,Paternal,Impact,Imprinted,Paternal,KO_M3,5741,KO Male,12.487337615207181
Inpp5f_129,Maternal,Inpp5f,Imprinted,Paternal,WT_M1,5919,WT Male,12.531381460516313
Inpp5f_129,Maternal,Inpp5f,Imprinted,Paternal,WT_M2,6325,WT Male,12.627077840517394
Inpp5f_129,Maternal,Inpp5f,Imprinted,Paternal,WT_M3,4049,WT Male,11.98370619265935
Inpp5f_129,Maternal,Inpp5f,Imprinted,Paternal,WT_F1,6606,WT Female,12.689779629377275
Inpp5f_129,Maternal,Inpp5f,Imprinted,Paternal,WT_F2,5836,WT Female,12.511011352882239
Inpp5f_129,Maternal,Inpp5f,Imprinted,Paternal,WT_F3,5501,WT Female,12.42574042431621
Inpp5f_129,Maternal,Inpp5f,Imprinted,Paternal,HT_F1,5696,HT Female,12.475986690870654
Inpp5f_129,Maternal,Inpp5f,Imprinted,Paternal,HT_F2,3971,HT Female,11.955649907528374
Inpp5f_129,Maternal,Inpp5f,Imprinted,Paternal,HT_F3,5473,HT Female,12.418379719364957
Inpp5f_129,Maternal,Inpp5f,Imprinted,Paternal,KO_M1,3723,KO Male,11.862637357558794
Inpp5f_129,Maternal,Inpp5f,Imprinted,Paternal,KO_M2,5538,KO Male,12.43540982316332
Inpp5f_129,Maternal,Inpp5f,Imprinted,Paternal,KO_M3,6750,KO Male,12.720885503593726
Inpp5f_JF1,Paternal,Inpp5f,Imprinted,Paternal,WT_M1,5754,WT Male,12.490600213019592
Inpp5f_JF1,Paternal,Inpp5f,Imprinted,Paternal,WT_M2,10620,WT Male,13.374631986286776
Inpp5f_JF1,Paternal,Inpp5f,Imprinted,Paternal,WT_M3,3603,WT Male,11.815383295813538
Inpp5f_JF1,Paternal,Inpp5f,Imprinted,Paternal,WT_F1,4497,WT Female,12.135067945777816
Inpp5f_JF1,Paternal,Inpp5f,Imprinted,Paternal,WT_F2,3970,WT Female,11.955286645524469
Inpp5f_JF1,Paternal,Inpp5f,Imprinted,Paternal,WT_F3,5813,WT Female,12.505315356136236
Inpp5f_JF1,Paternal,Inpp5f,Imprinted,Paternal,HT_F1,10849,HT Female,13.405407422219204
Inpp5f_JF1,Paternal,Inpp5f,Imprinted,Paternal,HT_F2,5465,HT Female,12.416269744523207
Inpp5f_JF1,Paternal,Inpp5f,Imprinted,Paternal,HT_F3,4827,HT Female,12.237209960755022
Inpp5f_JF1,Paternal,Inpp5f,Imprinted,Paternal,KO_M1,1887,KO Male,10.88264304936184
Inpp5f_JF1,Paternal,Inpp5f,Imprinted,Paternal,KO_M2,4150,KO Male,12.019243216603607
Inpp5f_JF1,Paternal,Inpp5f,Imprinted,Paternal,KO_M3,3809,KO Male,11.895575282380685
Ins2_129,Maternal,Ins2,Imprinted,Paternal,WT_M1,23,WT Male,4.584962500721156
Ins2_129,Maternal,Ins2,Imprinted,Paternal,WT_M2,30,WT Male,4.954196310386875
Ins2_129,Maternal,Ins2,Imprinted,Paternal,WT_M3,19,WT Male,4.321928094887363
Ins2_129,Maternal,Ins2,Imprinted,Paternal,WT_F1,41,WT Female,5.392317422778761
Ins2_129,Maternal,Ins2,Imprinted,Paternal,WT_F2,0,WT Female,0
Ins2_129,Maternal,Ins2,Imprinted,Paternal,WT_F3,15,WT Female,4
Ins2_129,Maternal,Ins2,Imprinted,Paternal,HT_F1,39,HT Female,5.321928094887363
Ins2_129,Maternal,Ins2,Imprinted,Paternal,HT_F2,10,HT Female,3.4594316186372973
Ins2_129,Maternal,Ins2,Imprinted,Paternal,HT_F3,1,HT Female,1
Ins2_129,Maternal,Ins2,Imprinted,Paternal,KO_M1,73,KO Male,6.20945336562895
Ins2_129,Maternal,Ins2,Imprinted,Paternal,KO_M2,0,KO Male,0
Ins2_129,Maternal,Ins2,Imprinted,Paternal,KO_M3,0,KO Male,0
Ins2_JF1,Paternal,Ins2,Imprinted,Paternal,WT_M1,0,WT Male,0
Ins2_JF1,Paternal,Ins2,Imprinted,Paternal,WT_M2,0,WT Male,0
Ins2_JF1,Paternal,Ins2,Imprinted,Paternal,WT_M3,0,WT Male,0
Ins2_JF1,Paternal,Ins2,Imprinted,Paternal,WT_F1,0,WT Female,0
Ins2_JF1,Paternal,Ins2,Imprinted,Paternal,WT_F2,0,WT Female,0
Ins2_JF1,Paternal,Ins2,Imprinted,Paternal,WT_F3,0,WT Female,0
Ins2_JF1,Paternal,Ins2,Imprinted,Paternal,HT_F1,0,HT Female,0
Ins2_JF1,Paternal,Ins2,Imprinted,Paternal,HT_F2,0,HT Female,0
Ins2_JF1,Paternal,Ins2,Imprinted,Paternal,HT_F3,0,HT Female,0
Ins2_JF1,Paternal,Ins2,Imprinted,Paternal,KO_M1,0,KO Male,0
Ins2_JF1,Paternal,Ins2,Imprinted,Paternal,KO_M2,0,KO Male,0
Ins2_JF1,Paternal,Ins2,Imprinted,Paternal,KO_M3,0,KO Male,0
Jade1_129,Maternal,Jade1,Imprinted,Paternal,WT_M1,811,WT Male,9.665335917185176
Jade1_129,Maternal,Jade1,Imprinted,Paternal,WT_M2,1269,WT Male,10.310612781659529
Jade1_129,Maternal,Jade1,Imprinted,Paternal,WT_M3,505,WT Male,8.98299357469431
Jade1_129,Maternal,Jade1,Imprinted,Paternal,WT_F1,861,WT Female,9.751544059089099
Jade1_129,Maternal,Jade1,Imprinted,Paternal,WT_F2,789,WT Female,9.625708843064466
Jade1_129,Maternal,Jade1,Imprinted,Paternal,WT_F3,975,WT Female,9.930737337562887
Jade1_129,Maternal,Jade1,Imprinted,Paternal,HT_F1,1996,HT Female,10.963618617443972
Jade1_129,Maternal,Jade1,Imprinted,Paternal,HT_F2,818,HT Female,9.677719641641009
Jade1_129,Maternal,Jade1,Imprinted,Paternal,HT_F3,737,HT Female,9.527477006060396
Jade1_129,Maternal,Jade1,Imprinted,Paternal,KO_M1,702,KO Male,9.457380879072534
Jade1_129,Maternal,Jade1,Imprinted,Paternal,KO_M2,838,KO Male,9.712527000439824
Jade1_129,Maternal,Jade1,Imprinted,Paternal,KO_M3,842,KO Male,9.719388820942083
Jade1_JF1,Paternal,Jade1,Imprinted,Paternal,WT_M1,2097,WT Male,11.034798962577268
Jade1_JF1,Paternal,Jade1,Imprinted,Paternal,WT_M2,2546,WT Male,11.314583244274194
Jade1_JF1,Paternal,Jade1,Imprinted,Paternal,WT_M3,1114,WT Male,10.122827994807666
Jade1_JF1,Paternal,Jade1,Imprinted,Paternal,WT_F1,1942,WT Female,10.924070185585345
Jade1_JF1,Paternal,Jade1,Imprinted,Paternal,WT_F2,1411,WT Female,10.46352437327118
Jade1_JF1,Paternal,Jade1,Imprinted,Paternal,WT_F3,2035,WT Female,10.991521846075695
Jade1_JF1,Paternal,Jade1,Imprinted,Paternal,HT_F1,2980,HT Female,11.541580659991169
Jade1_JF1,Paternal,Jade1,Imprinted,Paternal,HT_F2,1630,HT Female,10.671541066711884
Jade1_JF1,Paternal,Jade1,Imprinted,Paternal,HT_F3,1833,HT Female,10.840777923595054
Jade1_JF1,Paternal,Jade1,Imprinted,Paternal,KO_M1,1665,KO Male,10.702172685365548
Jade1_JF1,Paternal,Jade1,Imprinted,Paternal,KO_M2,1552,KO Male,10.600842114387302
Jade1_JF1,Paternal,Jade1,Imprinted,Paternal,KO_M3,1815,KO Male,10.826548487290914
Jpx_129,Maternal,Jpx,Imprinted,Paternal,WT_M1,391,WT Male,8.614709844115207
Jpx_129,Maternal,Jpx,Imprinted,Paternal,WT_M2,539,WT Male,9.076815597050832
Jpx_129,Maternal,Jpx,Imprinted,Paternal,WT_M3,291,WT Male,8.189824558880018
Jpx_129,Maternal,Jpx,Imprinted,Paternal,WT_F1,234,WT Female,7.876516946564999
Jpx_129,Maternal,Jpx,Imprinted,Paternal,WT_F2,185,WT Female,7.539158811108031
Jpx_129,Maternal,Jpx,Imprinted,Paternal,WT_F3,221,WT Female,7.794415866350106
Jpx_129,Maternal,Jpx,Imprinted,Paternal,HT_F1,382,HT Female,8.581200581924957
Jpx_129,Maternal,Jpx,Imprinted,Paternal,HT_F2,148,HT Female,7.219168520462161
Jpx_129,Maternal,Jpx,Imprinted,Paternal,HT_F3,257,HT Female,8.011227255423254
Jpx_129,Maternal,Jpx,Imprinted,Paternal,KO_M1,293,KO Male,8.199672344836364
Jpx_129,Maternal,Jpx,Imprinted,Paternal,KO_M2,383,KO Male,8.584962500721156
Jpx_129,Maternal,Jpx,Imprinted,Paternal,KO_M3,406,KO Male,8.668884984266247
Jpx_JF1,Paternal,Jpx,Imprinted,Paternal,WT_M1,0,WT Male,0
Jpx_JF1,Paternal,Jpx,Imprinted,Paternal,WT_M2,0,WT Male,0
Jpx_JF1,Paternal,Jpx,Imprinted,Paternal,WT_M3,0,WT Male,0
Jpx_JF1,Paternal,Jpx,Imprinted,Paternal,WT_F1,128,WT Female,7.011227255423254
Jpx_JF1,Paternal,Jpx,Imprinted,Paternal,WT_F2,77,WT Female,6.285402218862249
Jpx_JF1,Paternal,Jpx,Imprinted,Paternal,WT_F3,138,WT Female,7.118941072723508
Jpx_JF1,Paternal,Jpx,Imprinted,Paternal,HT_F1,250,HT Female,7.971543553950772
Jpx_JF1,Paternal,Jpx,Imprinted,Paternal,HT_F2,101,HT Female,6.672425341971495
Jpx_JF1,Paternal,Jpx,Imprinted,Paternal,HT_F3,116,HT Female,6.870364719583405
Jpx_JF1,Paternal,Jpx,Imprinted,Paternal,KO_M1,0,KO Male,0
Jpx_JF1,Paternal,Jpx,Imprinted,Paternal,KO_M2,0,KO Male,0
Jpx_JF1,Paternal,Jpx,Imprinted,Paternal,KO_M3,0,KO Male,0
Kcnk9_129,Maternal,Kcnk9,Imprinted,Maternal,WT_M1,2953,WT Male,11.52845411076479
Kcnk9_129,Maternal,Kcnk9,Imprinted,Maternal,WT_M2,5183,WT Male,12.339850002884624
Kcnk9_129,Maternal,Kcnk9,Imprinted,Maternal,WT_M3,2550,WT Male,11.316847183602473
Kcnk9_129,Maternal,Kcnk9,Imprinted,Maternal,WT_F1,3281,WT Female,11.680359523513713
Kcnk9_129,Maternal,Kcnk9,Imprinted,Maternal,WT_F2,3602,WT Female,11.81498293642679
Kcnk9_129,Maternal,Kcnk9,Imprinted,Maternal,WT_F3,4950,WT Female,12.27350423396216
Kcnk9_129,Maternal,Kcnk9,Imprinted,Maternal,HT_F1,11954,HT Female,13.54532650959899
Kcnk9_129,Maternal,Kcnk9,Imprinted,Maternal,HT_F2,5942,HT Female,12.536975665610642
Kcnk9_129,Maternal,Kcnk9,Imprinted,Maternal,HT_F3,2419,HT Female,11.240791332161956
Kcnk9_129,Maternal,Kcnk9,Imprinted,Maternal,KO_M1,2889,KO Male,11.496853777388042
Kcnk9_129,Maternal,Kcnk9,Imprinted,Maternal,KO_M2,4032,KO Male,11.977637690405876
Kcnk9_129,Maternal,Kcnk9,Imprinted,Maternal,KO_M3,4315,KO Male,12.075479149488016
Kcnk9_JF1,Paternal,Kcnk9,Imprinted,Maternal,WT_M1,63,WT Male,6
Kcnk9_JF1,Paternal,Kcnk9,Imprinted,Maternal,WT_M2,31,WT Male,5
Kcnk9_JF1,Paternal,Kcnk9,Imprinted,Maternal,WT_M3,53,WT Male,5.754887502163468
Kcnk9_JF1,Paternal,Kcnk9,Imprinted,Maternal,WT_F1,24,WT Female,4.643856189774724
Kcnk9_JF1,Paternal,Kcnk9,Imprinted,Maternal,WT_F2,60,WT Female,5.930737337562887
Kcnk9_JF1,Paternal,Kcnk9,Imprinted,Maternal,WT_F3,50,WT Female,5.672425341971495
Kcnk9_JF1,Paternal,Kcnk9,Imprinted,Maternal,HT_F1,127,HT Female,7
Kcnk9_JF1,Paternal,Kcnk9,Imprinted,Maternal,HT_F2,24,HT Female,4.643856189774724
Kcnk9_JF1,Paternal,Kcnk9,Imprinted,Maternal,HT_F3,49,HT Female,5.643856189774724
Kcnk9_JF1,Paternal,Kcnk9,Imprinted,Maternal,KO_M1,33,KO Male,5.087462841250339
Kcnk9_JF1,Paternal,Kcnk9,Imprinted,Maternal,KO_M2,67,KO Male,6.087462841250339
Kcnk9_JF1,Paternal,Kcnk9,Imprinted,Maternal,KO_M3,56,KO Male,5.832890014164741
Kcnq1_129,Maternal,Kcnq1,Imprinted,Maternal,WT_M1,24,WT Male,4.643856189774724
Kcnq1_129,Maternal,Kcnq1,Imprinted,Maternal,WT_M2,43,WT Male,5.459431618637297
Kcnq1_129,Maternal,Kcnq1,Imprinted,Maternal,WT_M3,17,WT Male,4.169925001442312
Kcnq1_129,Maternal,Kcnq1,Imprinted,Maternal,WT_F1,16,WT Female,4.087462841250339
Kcnq1_129,Maternal,Kcnq1,Imprinted,Maternal,WT_F2,18,WT Female,4.247927513443585
Kcnq1_129,Maternal,Kcnq1,Imprinted,Maternal,WT_F3,33,WT Female,5.087462841250339
Kcnq1_129,Maternal,Kcnq1,Imprinted,Maternal,HT_F1,45,HT Female,5.523561956057013
Kcnq1_129,Maternal,Kcnq1,Imprinted,Maternal,HT_F2,26,HT Female,4.754887502163468
Kcnq1_129,Maternal,Kcnq1,Imprinted,Maternal,HT_F3,26,HT Female,4.754887502163468
Kcnq1_129,Maternal,Kcnq1,Imprinted,Maternal,KO_M1,11,KO Male,3.584962500721156
Kcnq1_129,Maternal,Kcnq1,Imprinted,Maternal,KO_M2,12,KO Male,3.700439718141092
Kcnq1_129,Maternal,Kcnq1,Imprinted,Maternal,KO_M3,25,KO Male,4.700439718141092
Kcnq1_JF1,Paternal,Kcnq1,Imprinted,Maternal,WT_M1,0,WT Male,0
Kcnq1_JF1,Paternal,Kcnq1,Imprinted,Maternal,WT_M2,0,WT Male,0
Kcnq1_JF1,Paternal,Kcnq1,Imprinted,Maternal,WT_M3,0,WT Male,0
Kcnq1_JF1,Paternal,Kcnq1,Imprinted,Maternal,WT_F1,0,WT Female,0
Kcnq1_JF1,Paternal,Kcnq1,Imprinted,Maternal,WT_F2,0,WT Female,0
Kcnq1_JF1,Paternal,Kcnq1,Imprinted,Maternal,WT_F3,0,WT Female,0
Kcnq1_JF1,Paternal,Kcnq1,Imprinted,Maternal,HT_F1,0,HT Female,0
Kcnq1_JF1,Paternal,Kcnq1,Imprinted,Maternal,HT_F2,0,HT Female,0
Kcnq1_JF1,Paternal,Kcnq1,Imprinted,Maternal,HT_F3,0,HT Female,0
Kcnq1_JF1,Paternal,Kcnq1,Imprinted,Maternal,KO_M1,0,KO Male,0
Kcnq1_JF1,Paternal,Kcnq1,Imprinted,Maternal,KO_M2,0,KO Male,0
Kcnq1_JF1,Paternal,Kcnq1,Imprinted,Maternal,KO_M3,0,KO Male,0
Kcnq1ot1_129,Maternal,Kcnq1ot1,Imprinted,Paternal,WT_M1,2,WT Male,1.584962500721156
Kcnq1ot1_129,Maternal,Kcnq1ot1,Imprinted,Paternal,WT_M2,6,WT Male,2.807354922057604
Kcnq1ot1_129,Maternal,Kcnq1ot1,Imprinted,Paternal,WT_M3,0,WT Male,0
Kcnq1ot1_129,Maternal,Kcnq1ot1,Imprinted,Paternal,WT_F1,96,WT Female,6.599912842187128
Kcnq1ot1_129,Maternal,Kcnq1ot1,Imprinted,Paternal,WT_F2,2,WT Female,1.584962500721156
Kcnq1ot1_129,Maternal,Kcnq1ot1,Imprinted,Paternal,WT_F3,84,WT Female,6.409390936137702
Kcnq1ot1_129,Maternal,Kcnq1ot1,Imprinted,Paternal,HT_F1,64,HT Female,6.022367813028454
Kcnq1ot1_129,Maternal,Kcnq1ot1,Imprinted,Paternal,HT_F2,5,HT Female,2.584962500721156
Kcnq1ot1_129,Maternal,Kcnq1ot1,Imprinted,Paternal,HT_F3,0,HT Female,0
Kcnq1ot1_129,Maternal,Kcnq1ot1,Imprinted,Paternal,KO_M1,88,KO Male,6.475733430966398
Kcnq1ot1_129,Maternal,Kcnq1ot1,Imprinted,Paternal,KO_M2,0,KO Male,0
Kcnq1ot1_129,Maternal,Kcnq1ot1,Imprinted,Paternal,KO_M3,3,KO Male,2
Kcnq1ot1_JF1,Paternal,Kcnq1ot1,Imprinted,Paternal,WT_M1,4582,WT Male,12.162076570374312
Kcnq1ot1_JF1,Paternal,Kcnq1ot1,Imprinted,Paternal,WT_M2,6521,WT Male,12.671098725748465
Kcnq1ot1_JF1,Paternal,Kcnq1ot1,Imprinted,Paternal,WT_M3,5480,WT Male,12.420223419348645
Kcnq1ot1_JF1,Paternal,Kcnq1ot1,Imprinted,Paternal,WT_F1,4476,WT Female,12.128316602903544
Kcnq1ot1_JF1,Paternal,Kcnq1ot1,Imprinted,Paternal,WT_F2,4526,WT Female,12.144339591247839
Kcnq1ot1_JF1,Paternal,Kcnq1ot1,Imprinted,Paternal,WT_F3,5396,WT Female,12.397941971972639
Kcnq1ot1_JF1,Paternal,Kcnq1ot1,Imprinted,Paternal,HT_F1,9806,HT Female,13.259596162488423
Kcnq1ot1_JF1,Paternal,Kcnq1ot1,Imprinted,Paternal,HT_F2,3563,HT Female,11.799281621521923
Kcnq1ot1_JF1,Paternal,Kcnq1ot1,Imprinted,Paternal,HT_F3,3573,HT Female,11.80332391904149
Kcnq1ot1_JF1,Paternal,Kcnq1ot1,Imprinted,Paternal,KO_M1,3595,KO Male,11.812177305514448
Kcnq1ot1_JF1,Paternal,Kcnq1ot1,Imprinted,Paternal,KO_M2,5416,KO Male,12.403278375471052
Kcnq1ot1_JF1,Paternal,Kcnq1ot1,Imprinted,Paternal,KO_M3,3047,KO Male,11.573647187493322
Klf14_129,Maternal,Klf14,Imprinted,Maternal,WT_M1,13,WT Male,3.807354922057604
Klf14_129,Maternal,Klf14,Imprinted,Maternal,WT_M2,62,WT Male,5.977279923499917
Klf14_129,Maternal,Klf14,Imprinted,Maternal,WT_M3,11,WT Male,3.584962500721156
Klf14_129,Maternal,Klf14,Imprinted,Maternal,WT_F1,33,WT Female,5.087462841250339
Klf14_129,Maternal,Klf14,Imprinted,Maternal,WT_F2,32,WT Female,5.044394119358453
Klf14_129,Maternal,Klf14,Imprinted,Maternal,WT_F3,82,WT Female,6.3750394313469245
Klf14_129,Maternal,Klf14,Imprinted,Maternal,HT_F1,70,HT Female,6.149747119504682
Klf14_129,Maternal,Klf14,Imprinted,Maternal,HT_F2,60,HT Female,5.930737337562887
Klf14_129,Maternal,Klf14,Imprinted,Maternal,HT_F3,1,HT Female,1
Klf14_129,Maternal,Klf14,Imprinted,Maternal,KO_M1,30,KO Male,4.954196310386875
Klf14_129,Maternal,Klf14,Imprinted,Maternal,KO_M2,40,KO Male,5.357552004618084
Klf14_129,Maternal,Klf14,Imprinted,Maternal,KO_M3,73,KO Male,6.20945336562895
Klf14_JF1,Paternal,Klf14,Imprinted,Maternal,WT_M1,0,WT Male,0
Klf14_JF1,Paternal,Klf14,Imprinted,Maternal,WT_M2,0,WT Male,0
Klf14_JF1,Paternal,Klf14,Imprinted,Maternal,WT_M3,0,WT Male,0
Klf14_JF1,Paternal,Klf14,Imprinted,Maternal,WT_F1,0,WT Female,0
Klf14_JF1,Paternal,Klf14,Imprinted,Maternal,WT_F2,0,WT Female,0
Klf14_JF1,Paternal,Klf14,Imprinted,Maternal,WT_F3,0,WT Female,0
Klf14_JF1,Paternal,Klf14,Imprinted,Maternal,HT_F1,6,HT Female,2.807354922057604
Klf14_JF1,Paternal,Klf14,Imprinted,Maternal,HT_F2,0,HT Female,0
Klf14_JF1,Paternal,Klf14,Imprinted,Maternal,HT_F3,0,HT Female,0
Klf14_JF1,Paternal,Klf14,Imprinted,Maternal,KO_M1,0,KO Male,0
Klf14_JF1,Paternal,Klf14,Imprinted,Maternal,KO_M2,0,KO Male,0
Klf14_JF1,Paternal,Klf14,Imprinted,Maternal,KO_M3,0,KO Male,0
Maged2_129,Maternal,Maged2,Imprinted,Maternal,WT_M1,1942,WT Male,10.924070185585345
Maged2_129,Maternal,Maged2,Imprinted,Maternal,WT_M2,3657,WT Male,11.836839359748716
Maged2_129,Maternal,Maged2,Imprinted,Maternal,WT_M3,1600,WT Male,10.644757592516257
Maged2_129,Maternal,Maged2,Imprinted,Maternal,WT_F1,1136,WT Female,10.151016538892248
Maged2_129,Maternal,Maged2,Imprinted,Maternal,WT_F2,762,WT Female,9.57553924683453
Maged2_129,Maternal,Maged2,Imprinted,Maternal,WT_F3,1209,WT Female,10.240791332161956
Maged2_129,Maternal,Maged2,Imprinted,Maternal,HT_F1,2205,HT Female,11.107217075591382
Maged2_129,Maternal,Maged2,Imprinted,Maternal,HT_F2,890,HT Female,9.799281621521923
Maged2_129,Maternal,Maged2,Imprinted,Maternal,HT_F3,1115,HT Female,10.124121311829187
Maged2_129,Maternal,Maged2,Imprinted,Maternal,KO_M1,1642,KO Male,10.682116764950074
Maged2_129,Maternal,Maged2,Imprinted,Maternal,KO_M2,2077,KO Male,11.020979938904212
Maged2_129,Maternal,Maged2,Imprinted,Maternal,KO_M3,2268,KO Male,11.147840893672337
Maged2_JF1,Paternal,Maged2,Imprinted,Maternal,WT_M1,0,WT Male,0
Maged2_JF1,Paternal,Maged2,Imprinted,Maternal,WT_M2,0,WT Male,0
Maged2_JF1,Paternal,Maged2,Imprinted,Maternal,WT_M3,0,WT Male,0
Maged2_JF1,Paternal,Maged2,Imprinted,Maternal,WT_F1,909,WT Female,9.829722735086058
Maged2_JF1,Paternal,Maged2,Imprinted,Maternal,WT_F2,964,WT Female,9.914385132155443
Maged2_JF1,Paternal,Maged2,Imprinted,Maternal,WT_F3,1412,WT Female,10.46454575033394
Maged2_JF1,Paternal,Maged2,Imprinted,Maternal,HT_F1,1701,HT Female,10.733015321685963
Maged2_JF1,Paternal,Maged2,Imprinted,Maternal,HT_F2,1445,HT Female,10.497851836951117
Maged2_JF1,Paternal,Maged2,Imprinted,Maternal,HT_F3,457,HT Female,8.839203788096944
Maged2_JF1,Paternal,Maged2,Imprinted,Maternal,KO_M1,0,KO Male,0
Maged2_JF1,Paternal,Maged2,Imprinted,Maternal,KO_M2,0,KO Male,0
Maged2_JF1,Paternal,Maged2,Imprinted,Maternal,KO_M3,0,KO Male,0
Magel2_129,Maternal,Magel2,Imprinted,Paternal,WT_M1,66,WT Male,6.066089190457772
Magel2_129,Maternal,Magel2,Imprinted,Paternal,WT_M2,0,WT Male,0
Magel2_129,Maternal,Magel2,Imprinted,Paternal,WT_M3,136,WT Male,7.098032082960526
Magel2_129,Maternal,Magel2,Imprinted,Paternal,WT_F1,202,WT Female,7.6653359171851765
Magel2_129,Maternal,Magel2,Imprinted,Paternal,WT_F2,119,WT Female,6.906890595608519
Magel2_129,Maternal,Magel2,Imprinted,Paternal,WT_F3,276,WT Female,8.113742166049189
Magel2_129,Maternal,Magel2,Imprinted,Paternal,HT_F1,0,HT Female,0
Magel2_129,Maternal,Magel2,Imprinted,Paternal,HT_F2,0,HT Female,0
Magel2_129,Maternal,Magel2,Imprinted,Paternal,HT_F3,69,HT Female,6.129283016944966
Magel2_129,Maternal,Magel2,Imprinted,Paternal,KO_M1,141,KO Male,7.149747119504682
Magel2_129,Maternal,Magel2,Imprinted,Paternal,KO_M2,0,KO Male,0
Magel2_129,Maternal,Magel2,Imprinted,Paternal,KO_M3,0,KO Male,0
Magel2_JF1,Paternal,Magel2,Imprinted,Paternal,WT_M1,0,WT Male,0
Magel2_JF1,Paternal,Magel2,Imprinted,Paternal,WT_M2,293,WT Male,8.199672344836364
Magel2_JF1,Paternal,Magel2,Imprinted,Paternal,WT_M3,0,WT Male,0
Magel2_JF1,Paternal,Magel2,Imprinted,Paternal,WT_F1,0,WT Female,0
Magel2_JF1,Paternal,Magel2,Imprinted,Paternal,WT_F2,0,WT Female,0
Magel2_JF1,Paternal,Magel2,Imprinted,Paternal,WT_F3,0,WT Female,0
Magel2_JF1,Paternal,Magel2,Imprinted,Paternal,HT_F1,1138,HT Female,10.153552031708111
Magel2_JF1,Paternal,Magel2,Imprinted,Paternal,HT_F2,154,HT Female,7.2761244052742375
Magel2_JF1,Paternal,Magel2,Imprinted,Paternal,HT_F3,0,HT Female,0
Magel2_JF1,Paternal,Magel2,Imprinted,Paternal,KO_M1,0,KO Male,0
Magel2_JF1,Paternal,Magel2,Imprinted,Paternal,KO_M2,356,KO Male,8.479780264029099
Magel2_JF1,Paternal,Magel2,Imprinted,Paternal,KO_M3,217,KO Male,7.768184324776926
Magi2_129,Maternal,Magi2,Imprinted,Paternal,WT_M1,5695,WT Male,12.475733430966399
Magi2_129,Maternal,Magi2,Imprinted,Paternal,WT_M2,8347,WT Male,13.027214885159834
Magi2_129,Maternal,Magi2,Imprinted,Paternal,WT_M3,3593,WT Male,11.811374693509942
Magi2_129,Maternal,Magi2,Imprinted,Paternal,WT_F1,4885,WT Female,12.254438148267257
Magi2_129,Maternal,Magi2,Imprinted,Paternal,WT_F2,4614,WT Female,12.172114932533136
Magi2_129,Maternal,Magi2,Imprinted,Paternal,WT_F3,5523,WT Female,12.43149760425805
Magi2_129,Maternal,Magi2,Imprinted,Paternal,HT_F1,7579,HT Female,12.887982133058454
Magi2_129,Maternal,Magi2,Imprinted,Paternal,HT_F2,4247,HT Female,12.052568050804153
Magi2_129,Maternal,Magi2,Imprinted,Paternal,HT_F3,5696,HT Female,12.475986690870654
Magi2_129,Maternal,Magi2,Imprinted,Paternal,KO_M1,2708,KO Male,11.403544678202014
Magi2_129,Maternal,Magi2,Imprinted,Paternal,KO_M2,5222,KO Male,12.350662988372257
Magi2_129,Maternal,Magi2,Imprinted,Paternal,KO_M3,4895,KO Male,12.257387842692651
Magi2_JF1,Paternal,Magi2,Imprinted,Paternal,WT_M1,8192,WT Male,13.000176099486442
Magi2_JF1,Paternal,Magi2,Imprinted,Paternal,WT_M2,10357,WT Male,13.338457843130849
Magi2_JF1,Paternal,Magi2,Imprinted,Paternal,WT_M3,4374,WT Male,12.095067301607054
Magi2_JF1,Paternal,Magi2,Imprinted,Paternal,WT_F1,6736,WT Female,12.71789058398728
Magi2_JF1,Paternal,Magi2,Imprinted,Paternal,WT_F2,5723,WT Female,12.482807956726667
Magi2_JF1,Paternal,Magi2,Imprinted,Paternal,WT_F3,6864,WT Female,12.745044005034464
Magi2_JF1,Paternal,Magi2,Imprinted,Paternal,HT_F1,9832,HT Female,13.263415927557217
Magi2_JF1,Paternal,Magi2,Imprinted,Paternal,HT_F2,6693,HT Female,12.70865283568653
Magi2_JF1,Paternal,Magi2,Imprinted,Paternal,HT_F3,7935,HT Female,12.954196310386875
Magi2_JF1,Paternal,Magi2,Imprinted,Paternal,KO_M1,3838,KO Male,11.90651484484695
Magi2_JF1,Paternal,Magi2,Imprinted,Paternal,KO_M2,6112,KO Male,12.577664851764846
Magi2_JF1,Paternal,Magi2,Imprinted,Paternal,KO_M3,6213,KO Male,12.60130652612184
Mcts2_129,Maternal,Mcts2,Imprinted,Paternal,WT_M1,172,WT Male,7.434628227636725
Mcts2_129,Maternal,Mcts2,Imprinted,Paternal,WT_M2,0,WT Male,0
Mcts2_129,Maternal,Mcts2,Imprinted,Paternal,WT_M3,70,WT Male,6.149747119504682
Mcts2_129,Maternal,Mcts2,Imprinted,Paternal,WT_F1,120,WT Female,6.918863237274595
Mcts2_129,Maternal,Mcts2,Imprinted,Paternal,WT_F2,0,WT Female,0
Mcts2_129,Maternal,Mcts2,Imprinted,Paternal,WT_F3,112,WT Female,6.820178962415188
Mcts2_129,Maternal,Mcts2,Imprinted,Paternal,HT_F1,318,HT Female,8.31741261376487
Mcts2_129,Maternal,Mcts2,Imprinted,Paternal,HT_F2,143,HT Female,7.169925001442312
Mcts2_129,Maternal,Mcts2,Imprinted,Paternal,HT_F3,28,HT Female,4.857980995127572
Mcts2_129,Maternal,Mcts2,Imprinted,Paternal,KO_M1,50,KO Male,5.672425341971495
Mcts2_129,Maternal,Mcts2,Imprinted,Paternal,KO_M2,0,KO Male,0
Mcts2_129,Maternal,Mcts2,Imprinted,Paternal,KO_M3,155,KO Male,7.285402218862249
Mcts2_JF1,Paternal,Mcts2,Imprinted,Paternal,WT_M1,193,WT Male,7.599912842187128
Mcts2_JF1,Paternal,Mcts2,Imprinted,Paternal,WT_M2,521,WT Male,9.027905996569885
Mcts2_JF1,Paternal,Mcts2,Imprinted,Paternal,WT_M3,210,WT Male,7.721099188707185
Mcts2_JF1,Paternal,Mcts2,Imprinted,Paternal,WT_F1,207,WT Female,7.700439718141092
Mcts2_JF1,Paternal,Mcts2,Imprinted,Paternal,WT_F2,336,WT Female,8.396604781181859
Mcts2_JF1,Paternal,Mcts2,Imprinted,Paternal,WT_F3,350,WT Female,8.45532722030456
Mcts2_JF1,Paternal,Mcts2,Imprinted,Paternal,HT_F1,381,HT Female,8.57742882803575
Mcts2_JF1,Paternal,Mcts2,Imprinted,Paternal,HT_F2,228,HT Female,7.839203788096944
Mcts2_JF1,Paternal,Mcts2,Imprinted,Paternal,HT_F3,292,HT Female,8.194756854422248
Mcts2_JF1,Paternal,Mcts2,Imprinted,Paternal,KO_M1,74,KO Male,6.22881869049588
Mcts2_JF1,Paternal,Mcts2,Imprinted,Paternal,KO_M2,361,KO Male,8.499845887083206
Mcts2_JF1,Paternal,Mcts2,Imprinted,Paternal,KO_M3,209,KO Male,7.714245517666122
Meg3_129,Maternal,Meg3,Imprinted,Maternal,WT_M1,55176,WT Male,15.751779398350447
Meg3_129,Maternal,Meg3,Imprinted,Maternal,WT_M2,1038,WT Male,10.020979938904212
Meg3_129,Maternal,Meg3,Imprinted,Maternal,WT_M3,81310,WT Male,16.311162917236643
Meg3_129,Maternal,Meg3,Imprinted,Maternal,WT_F1,1065,WT Female,10.057991722759176
Meg3_129,Maternal,Meg3,Imprinted,Maternal,WT_F2,74054,WT Female,16.176309525349616
Meg3_129,Maternal,Meg3,Imprinted,Maternal,WT_F3,1389,WT Female,10.44086916761087
Meg3_129,Maternal,Meg3,Imprinted,Maternal,HT_F1,183126,HT Female,17.482484990282007
Meg3_129,Maternal,Meg3,Imprinted,Maternal,HT_F2,85760,HT Female,16.388034107717218
Meg3_129,Maternal,Meg3,Imprinted,Maternal,HT_F3,666,HT Female,9.381542951184585
Meg3_129,Maternal,Meg3,Imprinted,Maternal,KO_M1,1054,KO Male,10.043027283594547
Meg3_129,Maternal,Meg3,Imprinted,Maternal,KO_M2,1280,KO Male,10.323054760341646
Meg3_129,Maternal,Meg3,Imprinted,Maternal,KO_M3,1104,KO Male,10.109830654278793
Meg3_JF1,Paternal,Meg3,Imprinted,Maternal,WT_M1,33,WT Male,5.087462841250339
Meg3_JF1,Paternal,Meg3,Imprinted,Maternal,WT_M2,64100,WT Male,15.968059243160821
Meg3_JF1,Paternal,Meg3,Imprinted,Maternal,WT_M3,755,WT Male,9.562242424221072
Meg3_JF1,Paternal,Meg3,Imprinted,Maternal,WT_F1,56227,WT Female,15.779001111446892
Meg3_JF1,Paternal,Meg3,Imprinted,Maternal,WT_F2,23,WT Female,4.584962500721156
Meg3_JF1,Paternal,Meg3,Imprinted,Maternal,WT_F3,80444,WT Female,16.295715133632118
Meg3_JF1,Paternal,Meg3,Imprinted,Maternal,HT_F1,448,HT Female,8.810571634741146
Meg3_JF1,Paternal,Meg3,Imprinted,Maternal,HT_F2,32,HT Female,5.044394119358453
Meg3_JF1,Paternal,Meg3,Imprinted,Maternal,HT_F3,34970,HT Female,15.093871430215152
Meg3_JF1,Paternal,Meg3,Imprinted,Maternal,KO_M1,45467,KO Male,15.472563925229865
Meg3_JF1,Paternal,Meg3,Imprinted,Maternal,KO_M2,72227,KO Male,16.140270602122484
Meg3_JF1,Paternal,Meg3,Imprinted,Maternal,KO_M3,64492,KO Male,15.976854960033771
Mest_129,Maternal,Mest,Imprinted,Paternal,WT_M1,0,WT Male,0
Mest_129,Maternal,Mest,Imprinted,Paternal,WT_M2,14,WT Male,3.9068905956085187
Mest_129,Maternal,Mest,Imprinted,Paternal,WT_M3,87,WT Male,6.459431618637297
Mest_129,Maternal,Mest,Imprinted,Paternal,WT_F1,123,WT Female,6.954196310386875
Mest_129,Maternal,Mest,Imprinted,Paternal,WT_F2,50,WT Female,5.672425341971495
Mest_129,Maternal,Mest,Imprinted,Paternal,WT_F3,21,WT Female,4.459431618637297
Mest_129,Maternal,Mest,Imprinted,Paternal,HT_F1,63,HT Female,6
Mest_129,Maternal,Mest,Imprinted,Paternal,HT_F2,6,HT Female,2.807354922057604
Mest_129,Maternal,Mest,Imprinted,Paternal,HT_F3,43,HT Female,5.459431618637297
Mest_129,Maternal,Mest,Imprinted,Paternal,KO_M1,105,KO Male,6.727920454563199
Mest_129,Maternal,Mest,Imprinted,Paternal,KO_M2,5,KO Male,2.584962500721156
Mest_129,Maternal,Mest,Imprinted,Paternal,KO_M3,0,KO Male,0
Mest_JF1,Paternal,Mest,Imprinted,Paternal,WT_M1,2002,WT Male,10.967946705812707
Mest_JF1,Paternal,Mest,Imprinted,Paternal,WT_M2,4245,WT Male,12.051888655905378
Mest_JF1,Paternal,Mest,Imprinted,Paternal,WT_M3,1920,WT Male,10.907641803665527
Mest_JF1,Paternal,Mest,Imprinted,Paternal,WT_F1,3454,WT Female,11.75446999527562
Mest_JF1,Paternal,Mest,Imprinted,Paternal,WT_F2,2128,WT Female,11.055960234452295
Mest_JF1,Paternal,Mest,Imprinted,Paternal,WT_F3,3625,WT Female,11.824163209744158
Mest_JF1,Paternal,Mest,Imprinted,Paternal,HT_F1,7834,HT Female,12.935717559359942
Mest_JF1,Paternal,Mest,Imprinted,Paternal,HT_F2,2898,HT Female,11.501339618061397
Mest_JF1,Paternal,Mest,Imprinted,Paternal,HT_F3,1487,HT Female,10.539158811108031
Mest_JF1,Paternal,Mest,Imprinted,Paternal,KO_M1,2278,KO Male,11.154185209265297
Mest_JF1,Paternal,Mest,Imprinted,Paternal,KO_M2,3343,KO Male,11.707359132080883
Mest_JF1,Paternal,Mest,Imprinted,Paternal,KO_M3,2220,KO Male,11.116993677546981
Mir184_129,Maternal,Mir184,Imprinted,Paternal,WT_M1,0,WT Male,0
Mir184_129,Maternal,Mir184,Imprinted,Paternal,WT_M2,0,WT Male,0
Mir184_129,Maternal,Mir184,Imprinted,Paternal,WT_M3,0,WT Male,0
Mir184_129,Maternal,Mir184,Imprinted,Paternal,WT_F1,0,WT Female,0
Mir184_129,Maternal,Mir184,Imprinted,Paternal,WT_F2,0,WT Female,0
Mir184_129,Maternal,Mir184,Imprinted,Paternal,WT_F3,0,WT Female,0
Mir184_129,Maternal,Mir184,Imprinted,Paternal,HT_F1,0,HT Female,0
Mir184_129,Maternal,Mir184,Imprinted,Paternal,HT_F2,0,HT Female,0
Mir184_129,Maternal,Mir184,Imprinted,Paternal,HT_F3,0,HT Female,0
Mir184_129,Maternal,Mir184,Imprinted,Paternal,KO_M1,0,KO Male,0
Mir184_129,Maternal,Mir184,Imprinted,Paternal,KO_M2,0,KO Male,0
Mir184_129,Maternal,Mir184,Imprinted,Paternal,KO_M3,0,KO Male,0
Mir184_JF1,Paternal,Mir184,Imprinted,Paternal,WT_M1,0,WT Male,0
Mir184_JF1,Paternal,Mir184,Imprinted,Paternal,WT_M2,0,WT Male,0
Mir184_JF1,Paternal,Mir184,Imprinted,Paternal,WT_M3,0,WT Male,0
Mir184_JF1,Paternal,Mir184,Imprinted,Paternal,WT_F1,0,WT Female,0
Mir184_JF1,Paternal,Mir184,Imprinted,Paternal,WT_F2,0,WT Female,0
Mir184_JF1,Paternal,Mir184,Imprinted,Paternal,WT_F3,0,WT Female,0
Mir184_JF1,Paternal,Mir184,Imprinted,Paternal,HT_F1,0,HT Female,0
Mir184_JF1,Paternal,Mir184,Imprinted,Paternal,HT_F2,0,HT Female,0
Mir184_JF1,Paternal,Mir184,Imprinted,Paternal,HT_F3,0,HT Female,0
Mir184_JF1,Paternal,Mir184,Imprinted,Paternal,KO_M1,0,KO Male,0
Mir184_JF1,Paternal,Mir184,Imprinted,Paternal,KO_M2,0,KO Male,0
Mir184_JF1,Paternal,Mir184,Imprinted,Paternal,KO_M3,0,KO Male,0
Mir296_129,Maternal,Mir296,Imprinted,Paternal,WT_M1,0,WT Male,0
Mir296_129,Maternal,Mir296,Imprinted,Paternal,WT_M2,0,WT Male,0
Mir296_129,Maternal,Mir296,Imprinted,Paternal,WT_M3,0,WT Male,0
Mir296_129,Maternal,Mir296,Imprinted,Paternal,WT_F1,0,WT Female,0
Mir296_129,Maternal,Mir296,Imprinted,Paternal,WT_F2,0,WT Female,0
Mir296_129,Maternal,Mir296,Imprinted,Paternal,WT_F3,0,WT Female,0
Mir296_129,Maternal,Mir296,Imprinted,Paternal,HT_F1,0,HT Female,0
Mir296_129,Maternal,Mir296,Imprinted,Paternal,HT_F2,1,HT Female,1
Mir296_129,Maternal,Mir296,Imprinted,Paternal,HT_F3,0,HT Female,0
Mir296_129,Maternal,Mir296,Imprinted,Paternal,KO_M1,0,KO Male,0
Mir296_129,Maternal,Mir296,Imprinted,Paternal,KO_M2,0,KO Male,0
Mir296_129,Maternal,Mir296,Imprinted,Paternal,KO_M3,0,KO Male,0
Mir296_JF1,Paternal,Mir296,Imprinted,Paternal,WT_M1,0,WT Male,0
Mir296_JF1,Paternal,Mir296,Imprinted,Paternal,WT_M2,0,WT Male,0
Mir296_JF1,Paternal,Mir296,Imprinted,Paternal,WT_M3,0,WT Male,0
Mir296_JF1,Paternal,Mir296,Imprinted,Paternal,WT_F1,0,WT Female,0
Mir296_JF1,Paternal,Mir296,Imprinted,Paternal,WT_F2,0,WT Female,0
Mir296_JF1,Paternal,Mir296,Imprinted,Paternal,WT_F3,0,WT Female,0
Mir296_JF1,Paternal,Mir296,Imprinted,Paternal,HT_F1,0,HT Female,0
Mir296_JF1,Paternal,Mir296,Imprinted,Paternal,HT_F2,0,HT Female,0
Mir296_JF1,Paternal,Mir296,Imprinted,Paternal,HT_F3,0,HT Female,0
Mir296_JF1,Paternal,Mir296,Imprinted,Paternal,KO_M1,0,KO Male,0
Mir296_JF1,Paternal,Mir296,Imprinted,Paternal,KO_M2,0,KO Male,0
Mir296_JF1,Paternal,Mir296,Imprinted,Paternal,KO_M3,0,KO Male,0
Mirg_129,Maternal,Mirg,Imprinted,Maternal,WT_M1,528,WT Male,9.047123912114026
Mirg_129,Maternal,Mirg,Imprinted,Maternal,WT_M2,5,WT Male,2.584962500721156
Mirg_129,Maternal,Mirg,Imprinted,Maternal,WT_M3,681,WT Male,9.413627929024173
Mirg_129,Maternal,Mirg,Imprinted,Maternal,WT_F1,13,WT Female,3.807354922057604
Mirg_129,Maternal,Mirg,Imprinted,Maternal,WT_F2,635,WT Female,9.312882955284355
Mirg_129,Maternal,Mirg,Imprinted,Maternal,WT_F3,17,WT Female,4.169925001442312
Mirg_129,Maternal,Mirg,Imprinted,Maternal,HT_F1,2117,HT Female,11.048486873992337
Mirg_129,Maternal,Mirg,Imprinted,Maternal,HT_F2,889,HT Female,9.79766152585376
Mirg_129,Maternal,Mirg,Imprinted,Maternal,HT_F3,6,HT Female,2.807354922057604
Mirg_129,Maternal,Mirg,Imprinted,Maternal,KO_M1,10,KO Male,3.4594316186372973
Mirg_129,Maternal,Mirg,Imprinted,Maternal,KO_M2,19,KO Male,4.321928094887363
Mirg_129,Maternal,Mirg,Imprinted,Maternal,KO_M3,16,KO Male,4.087462841250339
Mirg_JF1,Paternal,Mirg,Imprinted,Maternal,WT_M1,0,WT Male,0
Mirg_JF1,Paternal,Mirg,Imprinted,Maternal,WT_M2,658,WT Male,9.364134655008051
Mirg_JF1,Paternal,Mirg,Imprinted,Maternal,WT_M3,4,WT Male,2.321928094887362
Mirg_JF1,Paternal,Mirg,Imprinted,Maternal,WT_F1,552,WT Female,9.111135670234708
Mirg_JF1,Paternal,Mirg,Imprinted,Maternal,WT_F2,0,WT Female,0
Mirg_JF1,Paternal,Mirg,Imprinted,Maternal,WT_F3,711,WT Female,9.475733430966399
Mirg_JF1,Paternal,Mirg,Imprinted,Maternal,HT_F1,4,HT Female,2.321928094887362
Mirg_JF1,Paternal,Mirg,Imprinted,Maternal,HT_F2,0,HT Female,0
Mirg_JF1,Paternal,Mirg,Imprinted,Maternal,HT_F3,323,HT Female,8.339850002884624
Mirg_JF1,Paternal,Mirg,Imprinted,Maternal,KO_M1,360,KO Male,8.49585502688717
Mirg_JF1,Paternal,Mirg,Imprinted,Maternal,KO_M2,796,KO Male,9.638435913990472
Mirg_JF1,Paternal,Mirg,Imprinted,Maternal,KO_M3,656,KO Male,9.35974956032233
Mkrn3_129,Maternal,Mkrn3,Imprinted,Paternal,WT_M1,49,WT Male,5.643856189774724
Mkrn3_129,Maternal,Mkrn3,Imprinted,Paternal,WT_M2,67,WT Male,6.087462841250339
Mkrn3_129,Maternal,Mkrn3,Imprinted,Paternal,WT_M3,26,WT Male,4.754887502163468
Mkrn3_129,Maternal,Mkrn3,Imprinted,Paternal,WT_F1,40,WT Female,5.357552004618084
Mkrn3_129,Maternal,Mkrn3,Imprinted,Paternal,WT_F2,48,WT Female,5.614709844115208
Mkrn3_129,Maternal,Mkrn3,Imprinted,Paternal,WT_F3,44,WT Female,5.491853096329675
Mkrn3_129,Maternal,Mkrn3,Imprinted,Paternal,HT_F1,60,HT Female,5.930737337562887
Mkrn3_129,Maternal,Mkrn3,Imprinted,Paternal,HT_F2,29,HT Female,4.906890595608519
Mkrn3_129,Maternal,Mkrn3,Imprinted,Paternal,HT_F3,25,HT Female,4.700439718141092
Mkrn3_129,Maternal,Mkrn3,Imprinted,Paternal,KO_M1,28,KO Male,4.857980995127572
Mkrn3_129,Maternal,Mkrn3,Imprinted,Paternal,KO_M2,42,KO Male,5.426264754702098
Mkrn3_129,Maternal,Mkrn3,Imprinted,Paternal,KO_M3,48,KO Male,5.614709844115208
Mkrn3_JF1,Paternal,Mkrn3,Imprinted,Paternal,WT_M1,0,WT Male,0
Mkrn3_JF1,Paternal,Mkrn3,Imprinted,Paternal,WT_M2,0,WT Male,0
Mkrn3_JF1,Paternal,Mkrn3,Imprinted,Paternal,WT_M3,0,WT Male,0
Mkrn3_JF1,Paternal,Mkrn3,Imprinted,Paternal,WT_F1,0,WT Female,0
Mkrn3_JF1,Paternal,Mkrn3,Imprinted,Paternal,WT_F2,0,WT Female,0
Mkrn3_JF1,Paternal,Mkrn3,Imprinted,Paternal,WT_F3,0,WT Female,0
Mkrn3_JF1,Paternal,Mkrn3,Imprinted,Paternal,HT_F1,0,HT Female,0
Mkrn3_JF1,Paternal,Mkrn3,Imprinted,Paternal,HT_F2,0,HT Female,0
Mkrn3_JF1,Paternal,Mkrn3,Imprinted,Paternal,HT_F3,0,HT Female,0
Mkrn3_JF1,Paternal,Mkrn3,Imprinted,Paternal,KO_M1,0,KO Male,0
Mkrn3_JF1,Paternal,Mkrn3,Imprinted,Paternal,KO_M2,0,KO Male,0
Mkrn3_JF1,Paternal,Mkrn3,Imprinted,Paternal,KO_M3,0,KO Male,0
Nap1l4_129,Maternal,Nap1l4,Imprinted,Maternal,WT_M1,2307,WT Male,11.172427508645482
Nap1l4_129,Maternal,Nap1l4,Imprinted,Maternal,WT_M2,4564,WT Male,12.156399144871584
Nap1l4_129,Maternal,Nap1l4,Imprinted,Maternal,WT_M3,1949,WT Male,10.929258408636972
Nap1l4_129,Maternal,Nap1l4,Imprinted,Maternal,WT_F1,2751,WT Female,11.426264754702098
Nap1l4_129,Maternal,Nap1l4,Imprinted,Maternal,WT_F2,2072,WT Female,11.017504401109415
Nap1l4_129,Maternal,Nap1l4,Imprinted,Maternal,WT_F3,2995,WT Female,11.54882190845875
Nap1l4_129,Maternal,Nap1l4,Imprinted,Maternal,HT_F1,4577,HT Female,12.160501747555687
Nap1l4_129,Maternal,Nap1l4,Imprinted,Maternal,HT_F2,2601,HT Female,11.345405246717796
Nap1l4_129,Maternal,Nap1l4,Imprinted,Maternal,HT_F3,2824,HT Female,11.464035152189913
Nap1l4_129,Maternal,Nap1l4,Imprinted,Maternal,KO_M1,2139,KO Male,11.06339508128851
Nap1l4_129,Maternal,Nap1l4,Imprinted,Maternal,KO_M2,2621,KO Male,11.356451970221755
Nap1l4_129,Maternal,Nap1l4,Imprinted,Maternal,KO_M3,2809,KO Male,11.456354415108288
Nap1l4_JF1,Paternal,Nap1l4,Imprinted,Maternal,WT_M1,2390,WT Male,11.223398414711628
Nap1l4_JF1,Paternal,Nap1l4,Imprinted,Maternal,WT_M2,2936,WT Male,11.520127550324851
Nap1l4_JF1,Paternal,Nap1l4,Imprinted,Maternal,WT_M3,1358,WT Male,10.40832974076739
Nap1l4_JF1,Paternal,Nap1l4,Imprinted,Maternal,WT_F1,2519,WT Female,11.29920801838728
Nap1l4_JF1,Paternal,Nap1l4,Imprinted,Maternal,WT_F2,2149,WT Female,11.070120944476823
Nap1l4_JF1,Paternal,Nap1l4,Imprinted,Maternal,WT_F3,2665,WT Female,11.380461065088973
Nap1l4_JF1,Paternal,Nap1l4,Imprinted,Maternal,HT_F1,3736,HT Female,11.867664848380745
Nap1l4_JF1,Paternal,Nap1l4,Imprinted,Maternal,HT_F2,2212,HT Female,11.11178773580101
Nap1l4_JF1,Paternal,Nap1l4,Imprinted,Maternal,HT_F3,1651,HT Female,10.689997971419446
Nap1l4_JF1,Paternal,Nap1l4,Imprinted,Maternal,KO_M1,1363,KO Male,10.413627929024173
Nap1l4_JF1,Paternal,Nap1l4,Imprinted,Maternal,KO_M2,2018,KO Male,10.979425195331473
Nap1l4_JF1,Paternal,Nap1l4,Imprinted,Maternal,KO_M3,2090,KO Male,11.029977346589579
Nap1l5_129,Maternal,Nap1l5,Imprinted,Paternal,WT_M1,0,WT Male,0
Nap1l5_129,Maternal,Nap1l5,Imprinted,Paternal,WT_M2,29,WT Male,4.906890595608519
Nap1l5_129,Maternal,Nap1l5,Imprinted,Paternal,WT_M3,0,WT Male,0
Nap1l5_129,Maternal,Nap1l5,Imprinted,Paternal,WT_F1,0,WT Female,0
Nap1l5_129,Maternal,Nap1l5,Imprinted,Paternal,WT_F2,0,WT Female,0
Nap1l5_129,Maternal,Nap1l5,Imprinted,Paternal,WT_F3,0,WT Female,0
Nap1l5_129,Maternal,Nap1l5,Imprinted,Paternal,HT_F1,0,HT Female,0
Nap1l5_129,Maternal,Nap1l5,Imprinted,Paternal,HT_F2,0,HT Female,0
Nap1l5_129,Maternal,Nap1l5,Imprinted,Paternal,HT_F3,0,HT Female,0
Nap1l5_129,Maternal,Nap1l5,Imprinted,Paternal,KO_M1,0,KO Male,0
Nap1l5_129,Maternal,Nap1l5,Imprinted,Paternal,KO_M2,45,KO Male,5.523561956057013
Nap1l5_129,Maternal,Nap1l5,Imprinted,Paternal,KO_M3,0,KO Male,0
Nap1l5_JF1,Paternal,Nap1l5,Imprinted,Paternal,WT_M1,8795,WT Male,13.102631888854969
Nap1l5_JF1,Paternal,Nap1l5,Imprinted,Paternal,WT_M2,13566,WT Male,13.727814119936957
Nap1l5_JF1,Paternal,Nap1l5,Imprinted,Paternal,WT_M3,6127,WT Male,12.581200581924957
Nap1l5_JF1,Paternal,Nap1l5,Imprinted,Paternal,WT_F1,8846,WT Female,13.110972607782893
Nap1l5_JF1,Paternal,Nap1l5,Imprinted,Paternal,WT_F2,8677,WT Female,13.083146870816742
Nap1l5_JF1,Paternal,Nap1l5,Imprinted,Paternal,WT_F3,11658,WT Female,13.509156432503849
Nap1l5_JF1,Paternal,Nap1l5,Imprinted,Paternal,HT_F1,21148,HT Female,14.36830182875055
Nap1l5_JF1,Paternal,Nap1l5,Imprinted,Paternal,HT_F2,11520,HT Female,13.49197832483901
Nap1l5_JF1,Paternal,Nap1l5,Imprinted,Paternal,HT_F3,7591,HT Female,12.89026427702111
Nap1l5_JF1,Paternal,Nap1l5,Imprinted,Paternal,KO_M1,7687,KO Male,12.90839262077375
Nap1l5_JF1,Paternal,Nap1l5,Imprinted,Paternal,KO_M2,10773,KO Male,13.395266349839096
Nap1l5_JF1,Paternal,Nap1l5,Imprinted,Paternal,KO_M3,11713,KO Male,13.515946179109518
Nctc1_129,Maternal,Nctc1,Imprinted,Paternal,WT_M1,0,WT Male,0
Nctc1_129,Maternal,Nctc1,Imprinted,Paternal,WT_M2,0,WT Male,0
Nctc1_129,Maternal,Nctc1,Imprinted,Paternal,WT_M3,0,WT Male,0
Nctc1_129,Maternal,Nctc1,Imprinted,Paternal,WT_F1,0,WT Female,0
Nctc1_129,Maternal,Nctc1,Imprinted,Paternal,WT_F2,0,WT Female,0
Nctc1_129,Maternal,Nctc1,Imprinted,Paternal,WT_F3,0,WT Female,0
Nctc1_129,Maternal,Nctc1,Imprinted,Paternal,HT_F1,0,HT Female,0
Nctc1_129,Maternal,Nctc1,Imprinted,Paternal,HT_F2,0,HT Female,0
Nctc1_129,Maternal,Nctc1,Imprinted,Paternal,HT_F3,0,HT Female,0
Nctc1_129,Maternal,Nctc1,Imprinted,Paternal,KO_M1,0,KO Male,0
Nctc1_129,Maternal,Nctc1,Imprinted,Paternal,KO_M2,1,KO Male,1
Nctc1_129,Maternal,Nctc1,Imprinted,Paternal,KO_M3,0,KO Male,0
Nctc1_JF1,Paternal,Nctc1,Imprinted,Paternal,WT_M1,0,WT Male,0
Nctc1_JF1,Paternal,Nctc1,Imprinted,Paternal,WT_M2,0,WT Male,0
Nctc1_JF1,Paternal,Nctc1,Imprinted,Paternal,WT_M3,0,WT Male,0
Nctc1_JF1,Paternal,Nctc1,Imprinted,Paternal,WT_F1,0,WT Female,0
Nctc1_JF1,Paternal,Nctc1,Imprinted,Paternal,WT_F2,0,WT Female,0
Nctc1_JF1,Paternal,Nctc1,Imprinted,Paternal,WT_F3,0,WT Female,0
Nctc1_JF1,Paternal,Nctc1,Imprinted,Paternal,HT_F1,0,HT Female,0
Nctc1_JF1,Paternal,Nctc1,Imprinted,Paternal,HT_F2,0,HT Female,0
Nctc1_JF1,Paternal,Nctc1,Imprinted,Paternal,HT_F3,0,HT Female,0
Nctc1_JF1,Paternal,Nctc1,Imprinted,Paternal,KO_M1,0,KO Male,0
Nctc1_JF1,Paternal,Nctc1,Imprinted,Paternal,KO_M2,0,KO Male,0
Nctc1_JF1,Paternal,Nctc1,Imprinted,Paternal,KO_M3,0,KO Male,0
Ndn_129,Maternal,Ndn,Imprinted,Paternal,WT_M1,0,WT Male,0
Ndn_129,Maternal,Ndn,Imprinted,Paternal,WT_M2,0,WT Male,0
Ndn_129,Maternal,Ndn,Imprinted,Paternal,WT_M3,0,WT Male,0
Ndn_129,Maternal,Ndn,Imprinted,Paternal,WT_F1,0,WT Female,0
Ndn_129,Maternal,Ndn,Imprinted,Paternal,WT_F2,0,WT Female,0
Ndn_129,Maternal,Ndn,Imprinted,Paternal,WT_F3,0,WT Female,0
Ndn_129,Maternal,Ndn,Imprinted,Paternal,HT_F1,13,HT Female,3.807354922057604
Ndn_129,Maternal,Ndn,Imprinted,Paternal,HT_F2,27,HT Female,4.807354922057604
Ndn_129,Maternal,Ndn,Imprinted,Paternal,HT_F3,0,HT Female,0
Ndn_129,Maternal,Ndn,Imprinted,Paternal,KO_M1,15,KO Male,4
Ndn_129,Maternal,Ndn,Imprinted,Paternal,KO_M2,0,KO Male,0
Ndn_129,Maternal,Ndn,Imprinted,Paternal,KO_M3,27,KO Male,4.807354922057604
Ndn_JF1,Paternal,Ndn,Imprinted,Paternal,WT_M1,8497,WT Male,13.052907628313287
Ndn_JF1,Paternal,Ndn,Imprinted,Paternal,WT_M2,16676,WT Male,14.025572167469578
Ndn_JF1,Paternal,Ndn,Imprinted,Paternal,WT_M3,7159,WT Male,12.805743872151618
Ndn_JF1,Paternal,Ndn,Imprinted,Paternal,WT_F1,10594,WT Female,13.371095967259532
Ndn_JF1,Paternal,Ndn,Imprinted,Paternal,WT_F2,9156,WT Female,13.160659307217383
Ndn_JF1,Paternal,Ndn,Imprinted,Paternal,WT_F3,12834,WT Female,13.647795675462781
Ndn_JF1,Paternal,Ndn,Imprinted,Paternal,HT_F1,21885,HT Female,14.417720683658056
Ndn_JF1,Paternal,Ndn,Imprinted,Paternal,HT_F2,10754,HT Female,13.392719904310423
Ndn_JF1,Paternal,Ndn,Imprinted,Paternal,HT_F3,8674,HT Female,13.082648042352986
Ndn_JF1,Paternal,Ndn,Imprinted,Paternal,KO_M1,9201,KO Male,13.167731741103244
Ndn_JF1,Paternal,Ndn,Imprinted,Paternal,KO_M2,11767,KO Male,13.522581531254831
Ndn_JF1,Paternal,Ndn,Imprinted,Paternal,KO_M3,11722,KO Male,13.517054192593003
Nlrp2_129,Maternal,Nlrp2,Imprinted,Maternal,WT_M1,0,WT Male,0
Nlrp2_129,Maternal,Nlrp2,Imprinted,Maternal,WT_M2,0,WT Male,0
Nlrp2_129,Maternal,Nlrp2,Imprinted,Maternal,WT_M3,0,WT Male,0
Nlrp2_129,Maternal,Nlrp2,Imprinted,Maternal,WT_F1,0,WT Female,0
Nlrp2_129,Maternal,Nlrp2,Imprinted,Maternal,WT_F2,0,WT Female,0
Nlrp2_129,Maternal,Nlrp2,Imprinted,Maternal,WT_F3,0,WT Female,0
Nlrp2_129,Maternal,Nlrp2,Imprinted,Maternal,HT_F1,0,HT Female,0
Nlrp2_129,Maternal,Nlrp2,Imprinted,Maternal,HT_F2,0,HT Female,0
Nlrp2_129,Maternal,Nlrp2,Imprinted,Maternal,HT_F3,0,HT Female,0
Nlrp2_129,Maternal,Nlrp2,Imprinted,Maternal,KO_M1,0,KO Male,0
Nlrp2_129,Maternal,Nlrp2,Imprinted,Maternal,KO_M2,0,KO Male,0
Nlrp2_129,Maternal,Nlrp2,Imprinted,Maternal,KO_M3,0,KO Male,0
Nlrp2_JF1,Paternal,Nlrp2,Imprinted,Maternal,WT_M1,0,WT Male,0
Nlrp2_JF1,Paternal,Nlrp2,Imprinted,Maternal,WT_M2,0,WT Male,0
Nlrp2_JF1,Paternal,Nlrp2,Imprinted,Maternal,WT_M3,0,WT Male,0
Nlrp2_JF1,Paternal,Nlrp2,Imprinted,Maternal,WT_F1,0,WT Female,0
Nlrp2_JF1,Paternal,Nlrp2,Imprinted,Maternal,WT_F2,0,WT Female,0
Nlrp2_JF1,Paternal,Nlrp2,Imprinted,Maternal,WT_F3,0,WT Female,0
Nlrp2_JF1,Paternal,Nlrp2,Imprinted,Maternal,HT_F1,0,HT Female,0
Nlrp2_JF1,Paternal,Nlrp2,Imprinted,Maternal,HT_F2,0,HT Female,0
Nlrp2_JF1,Paternal,Nlrp2,Imprinted,Maternal,HT_F3,0,HT Female,0
Nlrp2_JF1,Paternal,Nlrp2,Imprinted,Maternal,KO_M1,0,KO Male,0
Nlrp2_JF1,Paternal,Nlrp2,Imprinted,Maternal,KO_M2,0,KO Male,0
Nlrp2_JF1,Paternal,Nlrp2,Imprinted,Maternal,KO_M3,0,KO Male,0
Nnat_129,Maternal,Nnat,Imprinted,Paternal,WT_M1,1,WT Male,1
Nnat_129,Maternal,Nnat,Imprinted,Paternal,WT_M2,4,WT Male,2.321928094887362
Nnat_129,Maternal,Nnat,Imprinted,Paternal,WT_M3,84,WT Male,6.409390936137702
Nnat_129,Maternal,Nnat,Imprinted,Paternal,WT_F1,1,WT Female,1
Nnat_129,Maternal,Nnat,Imprinted,Paternal,WT_F2,182,WT Female,7.515699838284043
Nnat_129,Maternal,Nnat,Imprinted,Paternal,WT_F3,6,WT Female,2.807354922057604
Nnat_129,Maternal,Nnat,Imprinted,Paternal,HT_F1,8,HT Female,3.169925001442312
Nnat_129,Maternal,Nnat,Imprinted,Paternal,HT_F2,9,HT Female,3.321928094887362
Nnat_129,Maternal,Nnat,Imprinted,Paternal,HT_F3,2,HT Female,1.584962500721156
Nnat_129,Maternal,Nnat,Imprinted,Paternal,KO_M1,0,KO Male,0
Nnat_129,Maternal,Nnat,Imprinted,Paternal,KO_M2,0,KO Male,0
Nnat_129,Maternal,Nnat,Imprinted,Paternal,KO_M3,1508,KO Male,10.559377090526683
Nnat_JF1,Paternal,Nnat,Imprinted,Paternal,WT_M1,10934,WT Male,13.416665599935456
Nnat_JF1,Paternal,Nnat,Imprinted,Paternal,WT_M2,20713,WT Male,14.338318553240237
Nnat_JF1,Paternal,Nnat,Imprinted,Paternal,WT_M3,11098,WT Male,13.438142077743654
Nnat_JF1,Paternal,Nnat,Imprinted,Paternal,WT_F1,16267,WT Female,13.989749275462133
Nnat_JF1,Paternal,Nnat,Imprinted,Paternal,WT_F2,15555,WT Female,13.925183519434208
Nnat_JF1,Paternal,Nnat,Imprinted,Paternal,WT_F3,18052,WT Female,14.139950979846818
Nnat_JF1,Paternal,Nnat,Imprinted,Paternal,HT_F1,26815,HT Female,14.710806433699352
Nnat_JF1,Paternal,Nnat,Imprinted,Paternal,HT_F2,18796,HT Female,14.198214805788247
Nnat_JF1,Paternal,Nnat,Imprinted,Paternal,HT_F3,8447,HT Female,13.044394119358454
Nnat_JF1,Paternal,Nnat,Imprinted,Paternal,KO_M1,9786,KO Male,13.25665098428709
Nnat_JF1,Paternal,Nnat,Imprinted,Paternal,KO_M2,16606,KO Male,14.019503858266578
Nnat_JF1,Paternal,Nnat,Imprinted,Paternal,KO_M3,15827,KO Male,13.950191349972702
Pde10a_129,Maternal,Pde10a,Imprinted,Maternal,WT_M1,2902,WT Male,11.503328856626661
Pde10a_129,Maternal,Pde10a,Imprinted,Maternal,WT_M2,4896,WT Male,12.257682480708766
Pde10a_129,Maternal,Pde10a,Imprinted,Maternal,WT_M3,2154,WT Male,11.07347215397646
Pde10a_129,Maternal,Pde10a,Imprinted,Maternal,WT_F1,2265,WT Female,11.145932145820515
Pde10a_129,Maternal,Pde10a,Imprinted,Maternal,WT_F2,2179,WT Female,11.090112419664289
Pde10a_129,Maternal,Pde10a,Imprinted,Maternal,WT_F3,2927,WT Female,11.515699838284043
Pde10a_129,Maternal,Pde10a,Imprinted,Maternal,HT_F1,4897,HT Female,12.257977058563979
Pde10a_129,Maternal,Pde10a,Imprinted,Maternal,HT_F2,2360,HT Female,11.205182326228643
Pde10a_129,Maternal,Pde10a,Imprinted,Maternal,HT_F3,3085,HT Female,11.591522346570734
Pde10a_129,Maternal,Pde10a,Imprinted,Maternal,KO_M1,1280,KO Male,10.323054760341646
Pde10a_129,Maternal,Pde10a,Imprinted,Maternal,KO_M2,2778,KO Male,11.440350119200563
Pde10a_129,Maternal,Pde10a,Imprinted,Maternal,KO_M3,3075,KO Male,11.586839787961827
Pde10a_JF1,Paternal,Pde10a,Imprinted,Maternal,WT_M1,5013,WT Male,12.291746280833939
Pde10a_JF1,Paternal,Pde10a,Imprinted,Maternal,WT_M2,6967,WT Male,12.766528908598865
Pde10a_JF1,Paternal,Pde10a,Imprinted,Maternal,WT_M3,2888,WT Male,11.496354488564615
Pde10a_JF1,Paternal,Pde10a,Imprinted,Maternal,WT_F1,4274,WT Female,12.061708704660623
Pde10a_JF1,Paternal,Pde10a,Imprinted,Maternal,WT_F2,3512,WT Female,11.778487861222372
Pde10a_JF1,Paternal,Pde10a,Imprinted,Maternal,WT_F3,4732,WT Female,12.208539206738363
Pde10a_JF1,Paternal,Pde10a,Imprinted,Maternal,HT_F1,6839,HT Female,12.73978060977326
Pde10a_JF1,Paternal,Pde10a,Imprinted,Maternal,HT_F2,4334,HT Female,12.081816278109198
Pde10a_JF1,Paternal,Pde10a,Imprinted,Maternal,HT_F3,5555,HT Female,12.439830883981392
Pde10a_JF1,Paternal,Pde10a,Imprinted,Maternal,KO_M1,2916,KO Male,11.510269670898177
Pde10a_JF1,Paternal,Pde10a,Imprinted,Maternal,KO_M2,4439,KO Male,12.116343961237469
Pde10a_JF1,Paternal,Pde10a,Imprinted,Maternal,KO_M3,4318,KO Male,12.076481601207021
Peg10_129,Maternal,Peg10,Imprinted,Paternal,WT_M1,0,WT Male,0
Peg10_129,Maternal,Peg10,Imprinted,Paternal,WT_M2,70,WT Male,6.149747119504682
Peg10_129,Maternal,Peg10,Imprinted,Paternal,WT_M3,0,WT Male,0
Peg10_129,Maternal,Peg10,Imprinted,Paternal,WT_F1,0,WT Female,0
Peg10_129,Maternal,Peg10,Imprinted,Paternal,WT_F2,0,WT Female,0
Peg10_129,Maternal,Peg10,Imprinted,Paternal,WT_F3,0,WT Female,0
Peg10_129,Maternal,Peg10,Imprinted,Paternal,HT_F1,1585,HT Female,10.63117705570398
Peg10_129,Maternal,Peg10,Imprinted,Paternal,HT_F2,0,HT Female,0
Peg10_129,Maternal,Peg10,Imprinted,Paternal,HT_F3,0,HT Female,0
Peg10_129,Maternal,Peg10,Imprinted,Paternal,KO_M1,0,KO Male,0
Peg10_129,Maternal,Peg10,Imprinted,Paternal,KO_M2,0,KO Male,0
Peg10_129,Maternal,Peg10,Imprinted,Paternal,KO_M3,5,KO Male,2.584962500721156
Peg10_JF1,Paternal,Peg10,Imprinted,Paternal,WT_M1,1393,WT Male,10.445014845868423
Peg10_JF1,Paternal,Peg10,Imprinted,Paternal,WT_M2,3437,WT Male,11.747353829478062
Peg10_JF1,Paternal,Peg10,Imprinted,Paternal,WT_M3,775,WT Male,9.599912842187127
Peg10_JF1,Paternal,Peg10,Imprinted,Paternal,WT_F1,2904,WT Female,11.50432244829189
Peg10_JF1,Paternal,Peg10,Imprinted,Paternal,WT_F2,960,WT Female,9.90839262077375
Peg10_JF1,Paternal,Peg10,Imprinted,Paternal,WT_F3,3504,WT Female,11.775198728897985
Peg10_JF1,Paternal,Peg10,Imprinted,Paternal,HT_F1,10884,HT Female,13.410053787075569
Peg10_JF1,Paternal,Peg10,Imprinted,Paternal,HT_F2,1426,HT Female,10.478769619475763
Peg10_JF1,Paternal,Peg10,Imprinted,Paternal,HT_F3,1098,HT Female,10.101975670949232
Peg10_JF1,Paternal,Peg10,Imprinted,Paternal,KO_M1,2504,KO Male,11.290594888082572
Peg10_JF1,Paternal,Peg10,Imprinted,Paternal,KO_M2,5937,KO Male,12.535761377986656
Peg10_JF1,Paternal,Peg10,Imprinted,Paternal,KO_M3,3338,KO Male,11.705200378063116
Peg12_129,Maternal,Peg12,Imprinted,Paternal,WT_M1,12,WT Male,3.700439718141092
Peg12_129,Maternal,Peg12,Imprinted,Paternal,WT_M2,23,WT Male,4.584962500721156
Peg12_129,Maternal,Peg12,Imprinted,Paternal,WT_M3,5,WT Male,2.584962500721156
Peg12_129,Maternal,Peg12,Imprinted,Paternal,WT_F1,12,WT Female,3.700439718141092
Peg12_129,Maternal,Peg12,Imprinted,Paternal,WT_F2,15,WT Female,4
Peg12_129,Maternal,Peg12,Imprinted,Paternal,WT_F3,13,WT Female,3.807354922057604
Peg12_129,Maternal,Peg12,Imprinted,Paternal,HT_F1,29,HT Female,4.906890595608519
Peg12_129,Maternal,Peg12,Imprinted,Paternal,HT_F2,17,HT Female,4.169925001442312
Peg12_129,Maternal,Peg12,Imprinted,Paternal,HT_F3,12,HT Female,3.700439718141092
Peg12_129,Maternal,Peg12,Imprinted,Paternal,KO_M1,22,KO Male,4.523561956057013
Peg12_129,Maternal,Peg12,Imprinted,Paternal,KO_M2,24,KO Male,4.643856189774724
Peg12_129,Maternal,Peg12,Imprinted,Paternal,KO_M3,16,KO Male,4.087462841250339
Peg12_JF1,Paternal,Peg12,Imprinted,Paternal,WT_M1,0,WT Male,0
Peg12_JF1,Paternal,Peg12,Imprinted,Paternal,WT_M2,0,WT Male,0
Peg12_JF1,Paternal,Peg12,Imprinted,Paternal,WT_M3,0,WT Male,0
Peg12_JF1,Paternal,Peg12,Imprinted,Paternal,WT_F1,0,WT Female,0
Peg12_JF1,Paternal,Peg12,Imprinted,Paternal,WT_F2,0,WT Female,0
Peg12_JF1,Paternal,Peg12,Imprinted,Paternal,WT_F3,0,WT Female,0
Peg12_JF1,Paternal,Peg12,Imprinted,Paternal,HT_F1,0,HT Female,0
Peg12_JF1,Paternal,Peg12,Imprinted,Paternal,HT_F2,0,HT Female,0
Peg12_JF1,Paternal,Peg12,Imprinted,Paternal,HT_F3,0,HT Female,0
Peg12_JF1,Paternal,Peg12,Imprinted,Paternal,KO_M1,0,KO Male,0
Peg12_JF1,Paternal,Peg12,Imprinted,Paternal,KO_M2,0,KO Male,0
Peg12_JF1,Paternal,Peg12,Imprinted,Paternal,KO_M3,0,KO Male,0
Peg13_129,Maternal,Peg13,Imprinted,Paternal,WT_M1,58,WT Male,5.882643049361842
Peg13_129,Maternal,Peg13,Imprinted,Paternal,WT_M2,53,WT Male,5.754887502163468
Peg13_129,Maternal,Peg13,Imprinted,Paternal,WT_M3,26,WT Male,4.754887502163468
Peg13_129,Maternal,Peg13,Imprinted,Paternal,WT_F1,10,WT Female,3.4594316186372973
Peg13_129,Maternal,Peg13,Imprinted,Paternal,WT_F2,8,WT Female,3.169925001442312
Peg13_129,Maternal,Peg13,Imprinted,Paternal,WT_F3,22,WT Female,4.523561956057013
Peg13_129,Maternal,Peg13,Imprinted,Paternal,HT_F1,47,HT Female,5.584962500721156
Peg13_129,Maternal,Peg13,Imprinted,Paternal,HT_F2,6,HT Female,2.807354922057604
Peg13_129,Maternal,Peg13,Imprinted,Paternal,HT_F3,37,HT Female,5.247927513443585
Peg13_129,Maternal,Peg13,Imprinted,Paternal,KO_M1,8,KO Male,3.169925001442312
Peg13_129,Maternal,Peg13,Imprinted,Paternal,KO_M2,9,KO Male,3.321928094887362
Peg13_129,Maternal,Peg13,Imprinted,Paternal,KO_M3,7,KO Male,3
Peg13_JF1,Paternal,Peg13,Imprinted,Paternal,WT_M1,13280,WT Male,13.697076158819021
Peg13_JF1,Paternal,Peg13,Imprinted,Paternal,WT_M2,21263,WT Male,14.376125389276174
Peg13_JF1,Paternal,Peg13,Imprinted,Paternal,WT_M3,9488,WT Male,13.21204034123855
Peg13_JF1,Paternal,Peg13,Imprinted,Paternal,WT_F1,13886,WT Female,13.761447348013048
Peg13_JF1,Paternal,Peg13,Imprinted,Paternal,WT_F2,11443,WT Female,13.482303782323182
Peg13_JF1,Paternal,Peg13,Imprinted,Paternal,WT_F3,15488,WT Female,13.918956383482517
Peg13_JF1,Paternal,Peg13,Imprinted,Paternal,HT_F1,22288,HT Female,14.444044270826174
Peg13_JF1,Paternal,Peg13,Imprinted,Paternal,HT_F2,13146,HT Female,13.682446009569256
Peg13_JF1,Paternal,Peg13,Imprinted,Paternal,HT_F3,13478,HT Female,13.718425847244594
Peg13_JF1,Paternal,Peg13,Imprinted,Paternal,KO_M1,9782,KO Male,13.25606122646962
Peg13_JF1,Paternal,Peg13,Imprinted,Paternal,KO_M2,13556,KO Male,13.72675034239216
Peg13_JF1,Paternal,Peg13,Imprinted,Paternal,KO_M3,14859,KO Male,13.859146495425959
Peg3_129,Maternal,Peg3,Imprinted,Paternal,WT_M1,23,WT Male,4.584962500721156
Peg3_129,Maternal,Peg3,Imprinted,Paternal,WT_M2,3,WT Male,2
Peg3_129,Maternal,Peg3,Imprinted,Paternal,WT_M3,2,WT Male,1.584962500721156
Peg3_129,Maternal,Peg3,Imprinted,Paternal,WT_F1,22,WT Female,4.523561956057013
Peg3_129,Maternal,Peg3,Imprinted,Paternal,WT_F2,1,WT Female,1
Peg3_129,Maternal,Peg3,Imprinted,Paternal,WT_F3,20,WT Female,4.392317422778761
Peg3_129,Maternal,Peg3,Imprinted,Paternal,HT_F1,215,HT Female,7.754887502163468
Peg3_129,Maternal,Peg3,Imprinted,Paternal,HT_F2,3,HT Female,2
Peg3_129,Maternal,Peg3,Imprinted,Paternal,HT_F3,3,HT Female,2
Peg3_129,Maternal,Peg3,Imprinted,Paternal,KO_M1,2,KO Male,1.584962500721156
Peg3_129,Maternal,Peg3,Imprinted,Paternal,KO_M2,2,KO Male,1.584962500721156
Peg3_129,Maternal,Peg3,Imprinted,Paternal,KO_M3,5,KO Male,2.584962500721156
Peg3_JF1,Paternal,Peg3,Imprinted,Paternal,WT_M1,22702,WT Male,14.470595329010619
Peg3_JF1,Paternal,Peg3,Imprinted,Paternal,WT_M2,38087,WT Male,15.217048913556338
Peg3_JF1,Paternal,Peg3,Imprinted,Paternal,WT_M3,16541,WT Male,14.013846052731347
Peg3_JF1,Paternal,Peg3,Imprinted,Paternal,WT_F1,25650,WT Female,14.646727449706102
Peg3_JF1,Paternal,Peg3,Imprinted,Paternal,WT_F2,22474,WT Female,14.456033495289171
Peg3_JF1,Paternal,Peg3,Imprinted,Paternal,WT_F3,27475,WT Female,14.74588436914204
Peg3_JF1,Paternal,Peg3,Imprinted,Paternal,HT_F1,50798,HT Female,15.632512476758686
Peg3_JF1,Paternal,Peg3,Imprinted,Paternal,HT_F2,21278,HT Female,14.377142732975965
Peg3_JF1,Paternal,Peg3,Imprinted,Paternal,HT_F3,21807,HT Female,14.41256984680521
Peg3_JF1,Paternal,Peg3,Imprinted,Paternal,KO_M1,16120,KO Male,13.97665361785045
Peg3_JF1,Paternal,Peg3,Imprinted,Paternal,KO_M2,25695,KO Male,14.649256177517314
Peg3_JF1,Paternal,Peg3,Imprinted,Paternal,KO_M3,23391,KO Male,14.513727595952437
Peg3os_129,Maternal,Peg3os,Imprinted,Paternal,WT_M1,12,WT Male,3.700439718141092
Peg3os_129,Maternal,Peg3os,Imprinted,Paternal,WT_M2,16,WT Male,4.087462841250339
Peg3os_129,Maternal,Peg3os,Imprinted,Paternal,WT_M3,2,WT Male,1.584962500721156
Peg3os_129,Maternal,Peg3os,Imprinted,Paternal,WT_F1,4,WT Female,2.321928094887362
Peg3os_129,Maternal,Peg3os,Imprinted,Paternal,WT_F2,8,WT Female,3.169925001442312
Peg3os_129,Maternal,Peg3os,Imprinted,Paternal,WT_F3,1,WT Female,1
Peg3os_129,Maternal,Peg3os,Imprinted,Paternal,HT_F1,17,HT Female,4.169925001442312
Peg3os_129,Maternal,Peg3os,Imprinted,Paternal,HT_F2,12,HT Female,3.700439718141092
Peg3os_129,Maternal,Peg3os,Imprinted,Paternal,HT_F3,9,HT Female,3.321928094887362
Peg3os_129,Maternal,Peg3os,Imprinted,Paternal,KO_M1,4,KO Male,2.321928094887362
Peg3os_129,Maternal,Peg3os,Imprinted,Paternal,KO_M2,8,KO Male,3.169925001442312
Peg3os_129,Maternal,Peg3os,Imprinted,Paternal,KO_M3,5,KO Male,2.584962500721156
Peg3os_JF1,Paternal,Peg3os,Imprinted,Paternal,WT_M1,0,WT Male,0
Peg3os_JF1,Paternal,Peg3os,Imprinted,Paternal,WT_M2,0,WT Male,0
Peg3os_JF1,Paternal,Peg3os,Imprinted,Paternal,WT_M3,0,WT Male,0
Peg3os_JF1,Paternal,Peg3os,Imprinted,Paternal,WT_F1,0,WT Female,0
Peg3os_JF1,Paternal,Peg3os,Imprinted,Paternal,WT_F2,0,WT Female,0
Peg3os_JF1,Paternal,Peg3os,Imprinted,Paternal,WT_F3,0,WT Female,0
Peg3os_JF1,Paternal,Peg3os,Imprinted,Paternal,HT_F1,0,HT Female,0
Peg3os_JF1,Paternal,Peg3os,Imprinted,Paternal,HT_F2,0,HT Female,0
Peg3os_JF1,Paternal,Peg3os,Imprinted,Paternal,HT_F3,0,HT Female,0
Peg3os_JF1,Paternal,Peg3os,Imprinted,Paternal,KO_M1,0,KO Male,0
Peg3os_JF1,Paternal,Peg3os,Imprinted,Paternal,KO_M2,0,KO Male,0
Peg3os_JF1,Paternal,Peg3os,Imprinted,Paternal,KO_M3,0,KO Male,0
Phlda2_129,Maternal,Phlda2,Imprinted,Maternal,WT_M1,0,WT Male,0
Phlda2_129,Maternal,Phlda2,Imprinted,Maternal,WT_M2,0,WT Male,0
Phlda2_129,Maternal,Phlda2,Imprinted,Maternal,WT_M3,0,WT Male,0
Phlda2_129,Maternal,Phlda2,Imprinted,Maternal,WT_F1,1,WT Female,1
Phlda2_129,Maternal,Phlda2,Imprinted,Maternal,WT_F2,0,WT Female,0
Phlda2_129,Maternal,Phlda2,Imprinted,Maternal,WT_F3,0,WT Female,0
Phlda2_129,Maternal,Phlda2,Imprinted,Maternal,HT_F1,0,HT Female,0
Phlda2_129,Maternal,Phlda2,Imprinted,Maternal,HT_F2,0,HT Female,0
Phlda2_129,Maternal,Phlda2,Imprinted,Maternal,HT_F3,0,HT Female,0
Phlda2_129,Maternal,Phlda2,Imprinted,Maternal,KO_M1,4,KO Male,2.321928094887362
Phlda2_129,Maternal,Phlda2,Imprinted,Maternal,KO_M2,0,KO Male,0
Phlda2_129,Maternal,Phlda2,Imprinted,Maternal,KO_M3,0,KO Male,0
Phlda2_JF1,Paternal,Phlda2,Imprinted,Maternal,WT_M1,0,WT Male,0
Phlda2_JF1,Paternal,Phlda2,Imprinted,Maternal,WT_M2,0,WT Male,0
Phlda2_JF1,Paternal,Phlda2,Imprinted,Maternal,WT_M3,0,WT Male,0
Phlda2_JF1,Paternal,Phlda2,Imprinted,Maternal,WT_F1,0,WT Female,0
Phlda2_JF1,Paternal,Phlda2,Imprinted,Maternal,WT_F2,0,WT Female,0
Phlda2_JF1,Paternal,Phlda2,Imprinted,Maternal,WT_F3,0,WT Female,0
Phlda2_JF1,Paternal,Phlda2,Imprinted,Maternal,HT_F1,0,HT Female,0
Phlda2_JF1,Paternal,Phlda2,Imprinted,Maternal,HT_F2,0,HT Female,0
Phlda2_JF1,Paternal,Phlda2,Imprinted,Maternal,HT_F3,0,HT Female,0
Phlda2_JF1,Paternal,Phlda2,Imprinted,Maternal,KO_M1,0,KO Male,0
Phlda2_JF1,Paternal,Phlda2,Imprinted,Maternal,KO_M2,0,KO Male,0
Phlda2_JF1,Paternal,Phlda2,Imprinted,Maternal,KO_M3,0,KO Male,0
Plagl1_129,Maternal,Plagl1,Imprinted,Paternal,WT_M1,52,WT Male,5.727920454563199
Plagl1_129,Maternal,Plagl1,Imprinted,Paternal,WT_M2,238,WT Male,7.900866807980749
Plagl1_129,Maternal,Plagl1,Imprinted,Paternal,WT_M3,122,WT Male,6.94251450533924
Plagl1_129,Maternal,Plagl1,Imprinted,Paternal,WT_F1,196,WT Female,7.6220518194563764
Plagl1_129,Maternal,Plagl1,Imprinted,Paternal,WT_F2,188,WT Female,7.562242424221073
Plagl1_129,Maternal,Plagl1,Imprinted,Paternal,WT_F3,161,WT Female,7.339850002884624
Plagl1_129,Maternal,Plagl1,Imprinted,Paternal,HT_F1,142,HT Female,7.159871336778389
Plagl1_129,Maternal,Plagl1,Imprinted,Paternal,HT_F2,146,HT Female,7.199672344836364
Plagl1_129,Maternal,Plagl1,Imprinted,Paternal,HT_F3,39,HT Female,5.321928094887363
Plagl1_129,Maternal,Plagl1,Imprinted,Paternal,KO_M1,198,KO Male,7.636624620543649
Plagl1_129,Maternal,Plagl1,Imprinted,Paternal,KO_M2,182,KO Male,7.515699838284043
Plagl1_129,Maternal,Plagl1,Imprinted,Paternal,KO_M3,177,KO Male,7.475733430966398
Plagl1_JF1,Paternal,Plagl1,Imprinted,Paternal,WT_M1,1615,WT Male,10.658211482751796
Plagl1_JF1,Paternal,Plagl1,Imprinted,Paternal,WT_M2,7928,WT Male,12.952923210362727
Plagl1_JF1,Paternal,Plagl1,Imprinted,Paternal,WT_M3,4081,WT Male,11.995060467032719
Plagl1_JF1,Paternal,Plagl1,Imprinted,Paternal,WT_F1,6237,WT Female,12.606867837374152
Plagl1_JF1,Paternal,Plagl1,Imprinted,Paternal,WT_F2,4748,WT Female,12.213408040858337
Plagl1_JF1,Paternal,Plagl1,Imprinted,Paternal,WT_F3,6530,WT Female,12.673088192909363
Plagl1_JF1,Paternal,Plagl1,Imprinted,Paternal,HT_F1,9837,HT Female,13.264149339723328
Plagl1_JF1,Paternal,Plagl1,Imprinted,Paternal,HT_F2,3372,HT Female,11.719816603018126
Plagl1_JF1,Paternal,Plagl1,Imprinted,Paternal,HT_F3,868,HT Female,9.7632123668144
Plagl1_JF1,Paternal,Plagl1,Imprinted,Paternal,KO_M1,3401,KO Male,11.732167425663386
Plagl1_JF1,Paternal,Plagl1,Imprinted,Paternal,KO_M2,7530,KO Male,12.878625729805357
Plagl1_JF1,Paternal,Plagl1,Imprinted,Paternal,KO_M3,5136,KO Male,12.32671035834696
Platr20_129,Maternal,Platr20,Imprinted,Paternal,WT_M1,0,WT Male,0
Platr20_129,Maternal,Platr20,Imprinted,Paternal,WT_M2,0,WT Male,0
Platr20_129,Maternal,Platr20,Imprinted,Paternal,WT_M3,0,WT Male,0
Platr20_129,Maternal,Platr20,Imprinted,Paternal,WT_F1,0,WT Female,0
Platr20_129,Maternal,Platr20,Imprinted,Paternal,WT_F2,0,WT Female,0
Platr20_129,Maternal,Platr20,Imprinted,Paternal,WT_F3,0,WT Female,0
Platr20_129,Maternal,Platr20,Imprinted,Paternal,HT_F1,1,HT Female,1
Platr20_129,Maternal,Platr20,Imprinted,Paternal,HT_F2,0,HT Female,0
Platr20_129,Maternal,Platr20,Imprinted,Paternal,HT_F3,0,HT Female,0
Platr20_129,Maternal,Platr20,Imprinted,Paternal,KO_M1,0,KO Male,0
Platr20_129,Maternal,Platr20,Imprinted,Paternal,KO_M2,0,KO Male,0
Platr20_129,Maternal,Platr20,Imprinted,Paternal,KO_M3,0,KO Male,0
Platr20_JF1,Paternal,Platr20,Imprinted,Paternal,WT_M1,0,WT Male,0
Platr20_JF1,Paternal,Platr20,Imprinted,Paternal,WT_M2,0,WT Male,0
Platr20_JF1,Paternal,Platr20,Imprinted,Paternal,WT_M3,0,WT Male,0
Platr20_JF1,Paternal,Platr20,Imprinted,Paternal,WT_F1,0,WT Female,0
Platr20_JF1,Paternal,Platr20,Imprinted,Paternal,WT_F2,0,WT Female,0
Platr20_JF1,Paternal,Platr20,Imprinted,Paternal,WT_F3,0,WT Female,0
Platr20_JF1,Paternal,Platr20,Imprinted,Paternal,HT_F1,0,HT Female,0
Platr20_JF1,Paternal,Platr20,Imprinted,Paternal,HT_F2,0,HT Female,0
Platr20_JF1,Paternal,Platr20,Imprinted,Paternal,HT_F3,0,HT Female,0
Platr20_JF1,Paternal,Platr20,Imprinted,Paternal,KO_M1,0,KO Male,0
Platr20_JF1,Paternal,Platr20,Imprinted,Paternal,KO_M2,0,KO Male,0
Platr20_JF1,Paternal,Platr20,Imprinted,Paternal,KO_M3,0,KO Male,0
Pon2_129,Maternal,Pon2,Imprinted,Maternal,WT_M1,1218,WT Male,10.251482410620213
Pon2_129,Maternal,Pon2,Imprinted,Maternal,WT_M2,587,WT Male,9.199672344836364
Pon2_129,Maternal,Pon2,Imprinted,Maternal,WT_M3,729,WT Male,9.51175265376738
Pon2_129,Maternal,Pon2,Imprinted,Maternal,WT_F1,1220,WT Female,10.253847484987404
Pon2_129,Maternal,Pon2,Imprinted,Maternal,WT_F2,794,WT Female,9.634811050171718
Pon2_129,Maternal,Pon2,Imprinted,Maternal,WT_F3,1273,WT Female,10.3151495622563
Pon2_129,Maternal,Pon2,Imprinted,Maternal,HT_F1,556,HT Female,9.121533517340032
Pon2_129,Maternal,Pon2,Imprinted,Maternal,HT_F2,297,HT Female,8.219168520462162
Pon2_129,Maternal,Pon2,Imprinted,Maternal,HT_F3,911,HT Female,9.832890014164741
Pon2_129,Maternal,Pon2,Imprinted,Maternal,KO_M1,182,KO Male,7.515699838284043
Pon2_129,Maternal,Pon2,Imprinted,Maternal,KO_M2,868,KO Male,9.7632123668144
Pon2_129,Maternal,Pon2,Imprinted,Maternal,KO_M3,932,KO Male,9.86573327085176
Pon2_JF1,Paternal,Pon2,Imprinted,Maternal,WT_M1,578,WT Male,9.177419537989236
Pon2_JF1,Paternal,Pon2,Imprinted,Maternal,WT_M2,1956,WT Male,10.934428040626804
Pon2_JF1,Paternal,Pon2,Imprinted,Maternal,WT_M3,417,WT Male,8.707359132080883
Pon2_JF1,Paternal,Pon2,Imprinted,Maternal,WT_F1,684,WT Female,9.419960177847889
Pon2_JF1,Paternal,Pon2,Imprinted,Maternal,WT_F2,505,WT Female,8.98299357469431
Pon2_JF1,Paternal,Pon2,Imprinted,Maternal,WT_F3,658,WT Female,9.364134655008051
Pon2_JF1,Paternal,Pon2,Imprinted,Maternal,HT_F1,1999,HT Female,10.965784284662087
Pon2_JF1,Paternal,Pon2,Imprinted,Maternal,HT_F2,1410,HT Female,10.462502272597265
Pon2_JF1,Paternal,Pon2,Imprinted,Maternal,HT_F3,549,HT Female,9.103287808412022
Pon2_JF1,Paternal,Pon2,Imprinted,Maternal,KO_M1,749,KO Male,9.550746785383243
Pon2_JF1,Paternal,Pon2,Imprinted,Maternal,KO_M2,489,KO Male,8.936637939002571
Pon2_JF1,Paternal,Pon2,Imprinted,Maternal,KO_M3,545,KO Male,9.092757140919852
Pon3_129,Maternal,Pon3,Imprinted,Maternal,WT_M1,678,WT Male,9.407267764244732
Pon3_129,Maternal,Pon3,Imprinted,Maternal,WT_M2,721,WT Male,9.49585502688717
Pon3_129,Maternal,Pon3,Imprinted,Maternal,WT_M3,440,WT Male,8.784634845557521
Pon3_129,Maternal,Pon3,Imprinted,Maternal,WT_F1,971,WT Female,9.92481250360578
Pon3_129,Maternal,Pon3,Imprinted,Maternal,WT_F2,139,WT Female,7.129283016944966
Pon3_129,Maternal,Pon3,Imprinted,Maternal,WT_F3,824,WT Female,9.688250309133178
Pon3_129,Maternal,Pon3,Imprinted,Maternal,HT_F1,778,HT Female,9.605479518061669
Pon3_129,Maternal,Pon3,Imprinted,Maternal,HT_F2,270,HT Female,8.08214904135387
Pon3_129,Maternal,Pon3,Imprinted,Maternal,HT_F3,169,HT Female,7.409390936137702
Pon3_129,Maternal,Pon3,Imprinted,Maternal,KO_M1,193,KO Male,7.599912842187128
Pon3_129,Maternal,Pon3,Imprinted,Maternal,KO_M2,61,KO Male,5.954196310386875
Pon3_129,Maternal,Pon3,Imprinted,Maternal,KO_M3,131,KO Male,7.044394119358453
Pon3_JF1,Paternal,Pon3,Imprinted,Maternal,WT_M1,244,WT Male,7.936637939002571
Pon3_JF1,Paternal,Pon3,Imprinted,Maternal,WT_M2,363,WT Male,8.507794640198696
Pon3_JF1,Paternal,Pon3,Imprinted,Maternal,WT_M3,220,WT Male,7.787902559391432
Pon3_JF1,Paternal,Pon3,Imprinted,Maternal,WT_F1,520,WT Female,9.025139562278508
Pon3_JF1,Paternal,Pon3,Imprinted,Maternal,WT_F2,51,WT Female,5.700439718141092
Pon3_JF1,Paternal,Pon3,Imprinted,Maternal,WT_F3,321,WT Female,8.330916878114618
Pon3_JF1,Paternal,Pon3,Imprinted,Maternal,HT_F1,360,HT Female,8.49585502688717
Pon3_JF1,Paternal,Pon3,Imprinted,Maternal,HT_F2,113,HT Female,6.832890014164741
Pon3_JF1,Paternal,Pon3,Imprinted,Maternal,HT_F3,30,HT Female,4.954196310386875
Pon3_JF1,Paternal,Pon3,Imprinted,Maternal,KO_M1,130,KO Male,7.03342300153745
Pon3_JF1,Paternal,Pon3,Imprinted,Maternal,KO_M2,86,KO Male,6.442943495848728
Pon3_JF1,Paternal,Pon3,Imprinted,Maternal,KO_M3,33,KO Male,5.087462841250339
Ppp1r9a_129,Maternal,Ppp1r9a,Imprinted,Maternal,WT_M1,13085,WT Male,13.675736555361906
Ppp1r9a_129,Maternal,Ppp1r9a,Imprinted,Maternal,WT_M2,22243,WT Male,14.441128621804697
Ppp1r9a_129,Maternal,Ppp1r9a,Imprinted,Maternal,WT_M3,8355,WT Male,13.028596777067108
Ppp1r9a_129,Maternal,Ppp1r9a,Imprinted,Maternal,WT_F1,14149,WT Female,13.788514432606608
Ppp1r9a_129,Maternal,Ppp1r9a,Imprinted,Maternal,WT_F2,11806,WT Female,13.527354821428446
Ppp1r9a_129,Maternal,Ppp1r9a,Imprinted,Maternal,WT_F3,15702,WT Female,13.93875258654304
Ppp1r9a_129,Maternal,Ppp1r9a,Imprinted,Maternal,HT_F1,23625,HT Female,14.528087774047542
Ppp1r9a_129,Maternal,Ppp1r9a,Imprinted,Maternal,HT_F2,13537,HT Female,13.724727001534445
Ppp1r9a_129,Maternal,Ppp1r9a,Imprinted,Maternal,HT_F3,14613,HT Female,13.835063492005094
Ppp1r9a_129,Maternal,Ppp1r9a,Imprinted,Maternal,KO_M1,9363,KO Male,13.192909219112012
Ppp1r9a_129,Maternal,Ppp1r9a,Imprinted,Maternal,KO_M2,13036,KO Male,13.670324302564637
Ppp1r9a_129,Maternal,Ppp1r9a,Imprinted,Maternal,KO_M3,14307,KO Male,13.804534402995225
Ppp1r9a_JF1,Paternal,Ppp1r9a,Imprinted,Maternal,WT_M1,15209,WT Male,13.89273253261186
Ppp1r9a_JF1,Paternal,Ppp1r9a,Imprinted,Maternal,WT_M2,21410,WT Male,14.386064557867448
Ppp1r9a_JF1,Paternal,Ppp1r9a,Imprinted,Maternal,WT_M3,9134,WT Male,13.15718901351485
Ppp1r9a_JF1,Paternal,Ppp1r9a,Imprinted,Maternal,WT_F1,14222,WT Female,13.795938178447551
Ppp1r9a_JF1,Paternal,Ppp1r9a,Imprinted,Maternal,WT_F2,12821,WT Female,13.646333693380967
Ppp1r9a_JF1,Paternal,Ppp1r9a,Imprinted,Maternal,WT_F3,16348,WT Female,13.99691477434548
Ppp1r9a_JF1,Paternal,Ppp1r9a,Imprinted,Maternal,HT_F1,20365,HT Female,14.313875034039125
Ppp1r9a_JF1,Paternal,Ppp1r9a,Imprinted,Maternal,HT_F2,14225,HT Female,13.796242448203165
Ppp1r9a_JF1,Paternal,Ppp1r9a,Imprinted,Maternal,HT_F3,16208,HT Female,13.984507467348589
Ppp1r9a_JF1,Paternal,Ppp1r9a,Imprinted,Maternal,KO_M1,8798,KO Male,13.103123856478112
Ppp1r9a_JF1,Paternal,Ppp1r9a,Imprinted,Maternal,KO_M2,13894,KO Male,13.762278214087925
Ppp1r9a_JF1,Paternal,Ppp1r9a,Imprinted,Maternal,KO_M3,15638,KO Male,13.932860645317168
Prkn_129,Maternal,Prkn,Imprinted,Maternal,WT_M1,121,WT Male,6.930737337562887
Prkn_129,Maternal,Prkn,Imprinted,Maternal,WT_M2,565,WT Male,9.144658242831882
Prkn_129,Maternal,Prkn,Imprinted,Maternal,WT_M3,205,WT Male,7.6865005271832185
Prkn_129,Maternal,Prkn,Imprinted,Maternal,WT_F1,165,WT Female,7.3750394313469245
Prkn_129,Maternal,Prkn,Imprinted,Maternal,WT_F2,104,WT Female,6.714245517666122
Prkn_129,Maternal,Prkn,Imprinted,Maternal,WT_F3,311,WT Female,8.285402218862249
Prkn_129,Maternal,Prkn,Imprinted,Maternal,HT_F1,581,HT Female,9.184875342908283
Prkn_129,Maternal,Prkn,Imprinted,Maternal,HT_F2,227,HT Female,7.832890014164741
Prkn_129,Maternal,Prkn,Imprinted,Maternal,HT_F3,124,HT Female,6.965784284662087
Prkn_129,Maternal,Prkn,Imprinted,Maternal,KO_M1,162,KO Male,7.348728154231077
Prkn_129,Maternal,Prkn,Imprinted,Maternal,KO_M2,288,KO Male,8.174925682500678
Prkn_129,Maternal,Prkn,Imprinted,Maternal,KO_M3,375,KO Male,8.554588851677638
Prkn_JF1,Paternal,Prkn,Imprinted,Maternal,WT_M1,311,WT Male,8.285402218862249
Prkn_JF1,Paternal,Prkn,Imprinted,Maternal,WT_M2,586,WT Male,9.197216693110052
Prkn_JF1,Paternal,Prkn,Imprinted,Maternal,WT_M3,294,WT Male,8.204571144249204
Prkn_JF1,Paternal,Prkn,Imprinted,Maternal,WT_F1,333,WT Female,8.383704292474052
Prkn_JF1,Paternal,Prkn,Imprinted,Maternal,WT_F2,340,WT Female,8.413627929024173
Prkn_JF1,Paternal,Prkn,Imprinted,Maternal,WT_F3,339,WT Female,8.409390936137703
Prkn_JF1,Paternal,Prkn,Imprinted,Maternal,HT_F1,357,HT Female,8.483815777264256
Prkn_JF1,Paternal,Prkn,Imprinted,Maternal,HT_F2,381,HT Female,8.57742882803575
Prkn_JF1,Paternal,Prkn,Imprinted,Maternal,HT_F3,336,HT Female,8.396604781181859
Prkn_JF1,Paternal,Prkn,Imprinted,Maternal,KO_M1,169,KO Male,7.409390936137702
Prkn_JF1,Paternal,Prkn,Imprinted,Maternal,KO_M2,288,KO Male,8.174925682500678
Prkn_JF1,Paternal,Prkn,Imprinted,Maternal,KO_M3,396,KO Male,8.632995197142957
Qpct_129,Maternal,Qpct,Imprinted,Maternal,WT_M1,416,WT Male,8.703903573444663
Qpct_129,Maternal,Qpct,Imprinted,Maternal,WT_M2,617,WT Male,9.271463027904375
Qpct_129,Maternal,Qpct,Imprinted,Maternal,WT_M3,265,WT Male,8.055282435501189
Qpct_129,Maternal,Qpct,Imprinted,Maternal,WT_F1,368,WT Female,8.527477006060396
Qpct_129,Maternal,Qpct,Imprinted,Maternal,WT_F2,329,WT Female,8.366322214245816
Qpct_129,Maternal,Qpct,Imprinted,Maternal,WT_F3,437,WT Female,8.774787059601174
Qpct_129,Maternal,Qpct,Imprinted,Maternal,HT_F1,675,HT Female,9.400879436282183
Qpct_129,Maternal,Qpct,Imprinted,Maternal,HT_F2,235,HT Female,7.882643049361842
Qpct_129,Maternal,Qpct,Imprinted,Maternal,HT_F3,365,HT Female,8.515699838284043
Qpct_129,Maternal,Qpct,Imprinted,Maternal,KO_M1,218,KO Male,7.774787059601174
Qpct_129,Maternal,Qpct,Imprinted,Maternal,KO_M2,462,KO Male,8.854868383260236
Qpct_129,Maternal,Qpct,Imprinted,Maternal,KO_M3,408,KO Male,8.67595703294175
Qpct_JF1,Paternal,Qpct,Imprinted,Maternal,WT_M1,271,WT Male,8.087462841250339
Qpct_JF1,Paternal,Qpct,Imprinted,Maternal,WT_M2,665,WT Male,9.379378367071261
Qpct_JF1,Paternal,Qpct,Imprinted,Maternal,WT_M3,345,WT Male,8.434628227636725
Qpct_JF1,Paternal,Qpct,Imprinted,Maternal,WT_F1,445,WT Female,8.800899899920305
Qpct_JF1,Paternal,Qpct,Imprinted,Maternal,WT_F2,481,WT Female,8.912889336229961
Qpct_JF1,Paternal,Qpct,Imprinted,Maternal,WT_F3,446,WT Female,8.804131021183318
Qpct_JF1,Paternal,Qpct,Imprinted,Maternal,HT_F1,811,HT Female,9.665335917185176
Qpct_JF1,Paternal,Qpct,Imprinted,Maternal,HT_F2,357,HT Female,8.483815777264256
Qpct_JF1,Paternal,Qpct,Imprinted,Maternal,HT_F3,202,HT Female,7.6653359171851765
Qpct_JF1,Paternal,Qpct,Imprinted,Maternal,KO_M1,291,KO Male,8.189824558880018
Qpct_JF1,Paternal,Qpct,Imprinted,Maternal,KO_M2,457,KO Male,8.839203788096944
Qpct_JF1,Paternal,Qpct,Imprinted,Maternal,KO_M3,346,KO Male,8.43879185257826
Rasgrf1_129,Maternal,Rasgrf1,Imprinted,Paternal,WT_M1,11646,WT Male,13.507670777134367
Rasgrf1_129,Maternal,Rasgrf1,Imprinted,Paternal,WT_M2,16248,WT Male,13.988063313725414
Rasgrf1_129,Maternal,Rasgrf1,Imprinted,Paternal,WT_M3,7773,WT Male,12.924441392339197
Rasgrf1_129,Maternal,Rasgrf1,Imprinted,Paternal,WT_F1,8782,WT Female,13.100498088416886
Rasgrf1_129,Maternal,Rasgrf1,Imprinted,Paternal,WT_F2,8516,WT Female,13.056129634445547
Rasgrf1_129,Maternal,Rasgrf1,Imprinted,Paternal,WT_F3,11635,WT Female,13.506307581100307
Rasgrf1_129,Maternal,Rasgrf1,Imprinted,Paternal,HT_F1,13703,HT Female,13.742309436084
Rasgrf1_129,Maternal,Rasgrf1,Imprinted,Paternal,HT_F2,10360,HT Female,13.338875632131565
Rasgrf1_129,Maternal,Rasgrf1,Imprinted,Paternal,HT_F3,11818,HT Female,13.528820354483504
Rasgrf1_129,Maternal,Rasgrf1,Imprinted,Paternal,KO_M1,6604,KO Male,12.68934284613419
Rasgrf1_129,Maternal,Rasgrf1,Imprinted,Paternal,KO_M2,13617,KO Male,13.733227217851562
Rasgrf1_129,Maternal,Rasgrf1,Imprinted,Paternal,KO_M3,11107,KO Male,13.439311461818846
Rasgrf1_JF1,Paternal,Rasgrf1,Imprinted,Paternal,WT_M1,29190,WT Male,14.833236013833593
Rasgrf1_JF1,Paternal,Rasgrf1,Imprinted,Paternal,WT_M2,50293,WT Male,15.61809867845582
Rasgrf1_JF1,Paternal,Rasgrf1,Imprinted,Paternal,WT_M3,22791,WT Male,14.476239906323851
Rasgrf1_JF1,Paternal,Rasgrf1,Imprinted,Paternal,WT_F1,29317,WT Female,14.839499069361674
Rasgrf1_JF1,Paternal,Rasgrf1,Imprinted,Paternal,WT_F2,27420,WT Female,14.742993564405982
Rasgrf1_JF1,Paternal,Rasgrf1,Imprinted,Paternal,WT_F3,33858,WT Female,15.047251744503466
Rasgrf1_JF1,Paternal,Rasgrf1,Imprinted,Paternal,HT_F1,47472,HT Female,15.534819601601725
Rasgrf1_JF1,Paternal,Rasgrf1,Imprinted,Paternal,HT_F2,28463,HT Female,14.79685079526716
Rasgrf1_JF1,Paternal,Rasgrf1,Imprinted,Paternal,HT_F3,29445,HT Female,14.845784048508323
Rasgrf1_JF1,Paternal,Rasgrf1,Imprinted,Paternal,KO_M1,17114,KO Male,14.0629736718972
Rasgrf1_JF1,Paternal,Rasgrf1,Imprinted,Paternal,KO_M2,33919,KO Male,15.049848549450562
Rasgrf1_JF1,Paternal,Rasgrf1,Imprinted,Paternal,KO_M3,34009,KO Male,15.053671385595205
Rian_129,Maternal,Rian,Imprinted,Maternal,WT_M1,24459,WT Male,14.578136783414749
Rian_129,Maternal,Rian,Imprinted,Maternal,WT_M2,734,WT Male,9.521600439723727
Rian_129,Maternal,Rian,Imprinted,Maternal,WT_M3,21444,WT Male,14.388353695522918
Rian_129,Maternal,Rian,Imprinted,Maternal,WT_F1,892,WT Female,9.802516365121223
Rian_129,Maternal,Rian,Imprinted,Maternal,WT_F2,24882,WT Female,14.602872812936214
Rian_129,Maternal,Rian,Imprinted,Maternal,WT_F3,1192,WT Female,10.220378327695228
Rian_129,Maternal,Rian,Imprinted,Maternal,HT_F1,59163,HT Female,15.852431973992545
Rian_129,Maternal,Rian,Imprinted,Maternal,HT_F2,33840,HT Female,15.046484580209585
Rian_129,Maternal,Rian,Imprinted,Maternal,HT_F3,371,HT Female,8.539158811108031
Rian_129,Maternal,Rian,Imprinted,Maternal,KO_M1,497,KO Male,8.960001932068081
Rian_129,Maternal,Rian,Imprinted,Maternal,KO_M2,660,KO Male,9.368506461507693
Rian_129,Maternal,Rian,Imprinted,Maternal,KO_M3,859,KO Male,9.74819284958946
Rian_JF1,Paternal,Rian,Imprinted,Maternal,WT_M1,40,WT Male,5.357552004618084
Rian_JF1,Paternal,Rian,Imprinted,Maternal,WT_M2,28272,WT Male,14.787137352760691
Rian_JF1,Paternal,Rian,Imprinted,Maternal,WT_M3,119,WT Male,6.906890595608519
Rian_JF1,Paternal,Rian,Imprinted,Maternal,WT_F1,18806,WT Female,14.198982115156877
Rian_JF1,Paternal,Rian,Imprinted,Maternal,WT_F2,23,WT Female,4.584962500721156
Rian_JF1,Paternal,Rian,Imprinted,Maternal,WT_F3,22409,WT Female,14.451855028397755
Rian_JF1,Paternal,Rian,Imprinted,Maternal,HT_F1,67,HT Female,6.087462841250339
Rian_JF1,Paternal,Rian,Imprinted,Maternal,HT_F2,30,HT Female,4.954196310386875
Rian_JF1,Paternal,Rian,Imprinted,Maternal,HT_F3,16599,HT Female,14.018895621121649
Rian_JF1,Paternal,Rian,Imprinted,Maternal,KO_M1,11772,KO Male,13.523194374830966
Rian_JF1,Paternal,Rian,Imprinted,Maternal,KO_M2,22233,KO Male,14.440479898811219
Rian_JF1,Paternal,Rian,Imprinted,Maternal,KO_M3,22814,KO Male,14.477695033333015
Rtl1_129,Maternal,Rtl1,Imprinted,Paternal,WT_M1,13,WT Male,3.807354922057604
Rtl1_129,Maternal,Rtl1,Imprinted,Paternal,WT_M2,22,WT Male,4.523561956057013
Rtl1_129,Maternal,Rtl1,Imprinted,Paternal,WT_M3,11,WT Male,3.584962500721156
Rtl1_129,Maternal,Rtl1,Imprinted,Paternal,WT_F1,15,WT Female,4
Rtl1_129,Maternal,Rtl1,Imprinted,Paternal,WT_F2,11,WT Female,3.584962500721156
Rtl1_129,Maternal,Rtl1,Imprinted,Paternal,WT_F3,27,WT Female,4.807354922057604
Rtl1_129,Maternal,Rtl1,Imprinted,Paternal,HT_F1,0,HT Female,0
Rtl1_129,Maternal,Rtl1,Imprinted,Paternal,HT_F2,14,HT Female,3.9068905956085187
Rtl1_129,Maternal,Rtl1,Imprinted,Paternal,HT_F3,4,HT Female,2.321928094887362
Rtl1_129,Maternal,Rtl1,Imprinted,Paternal,KO_M1,56,KO Male,5.832890014164741
Rtl1_129,Maternal,Rtl1,Imprinted,Paternal,KO_M2,20,KO Male,4.392317422778761
Rtl1_129,Maternal,Rtl1,Imprinted,Paternal,KO_M3,9,KO Male,3.321928094887362
Rtl1_JF1,Paternal,Rtl1,Imprinted,Paternal,WT_M1,0,WT Male,0
Rtl1_JF1,Paternal,Rtl1,Imprinted,Paternal,WT_M2,0,WT Male,0
Rtl1_JF1,Paternal,Rtl1,Imprinted,Paternal,WT_M3,0,WT Male,0
Rtl1_JF1,Paternal,Rtl1,Imprinted,Paternal,WT_F1,0,WT Female,0
Rtl1_JF1,Paternal,Rtl1,Imprinted,Paternal,WT_F2,0,WT Female,0
Rtl1_JF1,Paternal,Rtl1,Imprinted,Paternal,WT_F3,0,WT Female,0
Rtl1_JF1,Paternal,Rtl1,Imprinted,Paternal,HT_F1,242,HT Female,7.924812503605781
Rtl1_JF1,Paternal,Rtl1,Imprinted,Paternal,HT_F2,0,HT Female,0
Rtl1_JF1,Paternal,Rtl1,Imprinted,Paternal,HT_F3,0,HT Female,0
Rtl1_JF1,Paternal,Rtl1,Imprinted,Paternal,KO_M1,0,KO Male,0
Rtl1_JF1,Paternal,Rtl1,Imprinted,Paternal,KO_M2,0,KO Male,0
Rtl1_JF1,Paternal,Rtl1,Imprinted,Paternal,KO_M3,0,KO Male,0
Sall1_129,Maternal,Sall1,Imprinted,Paternal,WT_M1,71,WT Male,6.169925001442312
Sall1_129,Maternal,Sall1,Imprinted,Paternal,WT_M2,941,WT Male,9.879583249612784
Sall1_129,Maternal,Sall1,Imprinted,Paternal,WT_M3,545,WT Male,9.092757140919852
Sall1_129,Maternal,Sall1,Imprinted,Paternal,WT_F1,910,WT Female,9.831307243802051
Sall1_129,Maternal,Sall1,Imprinted,Paternal,WT_F2,827,WT Female,9.693486957499326
Sall1_129,Maternal,Sall1,Imprinted,Paternal,WT_F3,54,WT Female,5.78135971352466
Sall1_129,Maternal,Sall1,Imprinted,Paternal,HT_F1,1240,HT Female,10.277287400130357
Sall1_129,Maternal,Sall1,Imprinted,Paternal,HT_F2,754,HT Female,9.560332834212442
Sall1_129,Maternal,Sall1,Imprinted,Paternal,HT_F3,731,HT Female,9.515699838284043
Sall1_129,Maternal,Sall1,Imprinted,Paternal,KO_M1,359,KO Male,8.491853096329674
Sall1_129,Maternal,Sall1,Imprinted,Paternal,KO_M2,700,KO Male,9.453270634010623
Sall1_129,Maternal,Sall1,Imprinted,Paternal,KO_M3,54,KO Male,5.78135971352466
Sall1_JF1,Paternal,Sall1,Imprinted,Paternal,WT_M1,1711,WT Male,10.741466986401146
Sall1_JF1,Paternal,Sall1,Imprinted,Paternal,WT_M2,1424,WT Male,10.476746203939467
Sall1_JF1,Paternal,Sall1,Imprinted,Paternal,WT_M3,678,WT Male,9.407267764244732
Sall1_JF1,Paternal,Sall1,Imprinted,Paternal,WT_F1,917,WT Female,9.842350343413807
Sall1_JF1,Paternal,Sall1,Imprinted,Paternal,WT_F2,873,WT Female,9.7714894695006
Sall1_JF1,Paternal,Sall1,Imprinted,Paternal,WT_F3,1815,WT Female,10.826548487290914
Sall1_JF1,Paternal,Sall1,Imprinted,Paternal,HT_F1,1575,HT Female,10.622051819456376
Sall1_JF1,Paternal,Sall1,Imprinted,Paternal,HT_F2,890,HT Female,9.799281621521923
Sall1_JF1,Paternal,Sall1,Imprinted,Paternal,HT_F3,802,HT Female,9.649256177517314
Sall1_JF1,Paternal,Sall1,Imprinted,Paternal,KO_M1,469,KO Male,8.876516946565
Sall1_JF1,Paternal,Sall1,Imprinted,Paternal,KO_M2,908,KO Male,9.828136484194108
Sall1_JF1,Paternal,Sall1,Imprinted,Paternal,KO_M3,1511,KO Male,10.562242424221072
Sfmbt2_129,Maternal,Sfmbt2,Imprinted,Paternal,WT_M1,362,WT Male,8.50382573799575
Sfmbt2_129,Maternal,Sfmbt2,Imprinted,Paternal,WT_M2,268,WT Male,8.071462362556623
Sfmbt2_129,Maternal,Sfmbt2,Imprinted,Paternal,WT_M3,424,WT Male,8.731319031025064
Sfmbt2_129,Maternal,Sfmbt2,Imprinted,Paternal,WT_F1,256,WT Female,8.005624549193879
Sfmbt2_129,Maternal,Sfmbt2,Imprinted,Paternal,WT_F2,158,WT Female,7.312882955284356
Sfmbt2_129,Maternal,Sfmbt2,Imprinted,Paternal,WT_F3,583,WT Female,9.189824558880018
Sfmbt2_129,Maternal,Sfmbt2,Imprinted,Paternal,HT_F1,528,HT Female,9.047123912114026
Sfmbt2_129,Maternal,Sfmbt2,Imprinted,Paternal,HT_F2,127,HT Female,7
Sfmbt2_129,Maternal,Sfmbt2,Imprinted,Paternal,HT_F3,214,HT Female,7.7481928495894605
Sfmbt2_129,Maternal,Sfmbt2,Imprinted,Paternal,KO_M1,326,KO Male,8.353146825498083
Sfmbt2_129,Maternal,Sfmbt2,Imprinted,Paternal,KO_M2,306,KO Male,8.262094845370179
Sfmbt2_129,Maternal,Sfmbt2,Imprinted,Paternal,KO_M3,395,KO Male,8.62935662007961
Sfmbt2_JF1,Paternal,Sfmbt2,Imprinted,Paternal,WT_M1,316,WT Male,8.308339030139408
Sfmbt2_JF1,Paternal,Sfmbt2,Imprinted,Paternal,WT_M2,584,WT Male,9.192292814470767
Sfmbt2_JF1,Paternal,Sfmbt2,Imprinted,Paternal,WT_M3,266,WT Male,8.060695931687555
Sfmbt2_JF1,Paternal,Sfmbt2,Imprinted,Paternal,WT_F1,467,WT Female,8.870364719583405
Sfmbt2_JF1,Paternal,Sfmbt2,Imprinted,Paternal,WT_F2,355,WT Female,8.475733430966399
Sfmbt2_JF1,Paternal,Sfmbt2,Imprinted,Paternal,WT_F3,411,WT Female,8.686500527183219
Sfmbt2_JF1,Paternal,Sfmbt2,Imprinted,Paternal,HT_F1,934,HT Female,9.868822554774999
Sfmbt2_JF1,Paternal,Sfmbt2,Imprinted,Paternal,HT_F2,287,HT Female,8.169925001442312
Sfmbt2_JF1,Paternal,Sfmbt2,Imprinted,Paternal,HT_F3,457,HT Female,8.839203788096944
Sfmbt2_JF1,Paternal,Sfmbt2,Imprinted,Paternal,KO_M1,217,KO Male,7.768184324776926
Sfmbt2_JF1,Paternal,Sfmbt2,Imprinted,Paternal,KO_M2,425,KO Male,8.734709620225837
Sfmbt2_JF1,Paternal,Sfmbt2,Imprinted,Paternal,KO_M3,404,KO Male,8.661778097771988
Sgce_129,Maternal,Sgce,Imprinted,Paternal,WT_M1,1,WT Male,1
Sgce_129,Maternal,Sgce,Imprinted,Paternal,WT_M2,0,WT Male,0
Sgce_129,Maternal,Sgce,Imprinted,Paternal,WT_M3,0,WT Male,0
Sgce_129,Maternal,Sgce,Imprinted,Paternal,WT_F1,2,WT Female,1.584962500721156
Sgce_129,Maternal,Sgce,Imprinted,Paternal,WT_F2,0,WT Female,0
Sgce_129,Maternal,Sgce,Imprinted,Paternal,WT_F3,1,WT Female,1
Sgce_129,Maternal,Sgce,Imprinted,Paternal,HT_F1,1,HT Female,1
Sgce_129,Maternal,Sgce,Imprinted,Paternal,HT_F2,0,HT Female,0
Sgce_129,Maternal,Sgce,Imprinted,Paternal,HT_F3,3,HT Female,2
Sgce_129,Maternal,Sgce,Imprinted,Paternal,KO_M1,0,KO Male,0
Sgce_129,Maternal,Sgce,Imprinted,Paternal,KO_M2,0,KO Male,0
Sgce_129,Maternal,Sgce,Imprinted,Paternal,KO_M3,3,KO Male,2
Sgce_JF1,Paternal,Sgce,Imprinted,Paternal,WT_M1,1192,WT Male,10.220378327695228
Sgce_JF1,Paternal,Sgce,Imprinted,Paternal,WT_M2,1885,WT Male,10.881113960675096
Sgce_JF1,Paternal,Sgce,Imprinted,Paternal,WT_M3,753,WT Male,9.558420713268664
Sgce_JF1,Paternal,Sgce,Imprinted,Paternal,WT_F1,1242,WT Female,10.279610581052484
Sgce_JF1,Paternal,Sgce,Imprinted,Paternal,WT_F2,1027,WT Female,10.005624549193879
Sgce_JF1,Paternal,Sgce,Imprinted,Paternal,WT_F3,1274,WT Female,10.31628153174622
Sgce_JF1,Paternal,Sgce,Imprinted,Paternal,HT_F1,2097,HT Female,11.034798962577268
Sgce_JF1,Paternal,Sgce,Imprinted,Paternal,HT_F2,1145,HT Female,10.162391328756906
Sgce_JF1,Paternal,Sgce,Imprinted,Paternal,HT_F3,1243,HT Female,10.280770770130603
Sgce_JF1,Paternal,Sgce,Imprinted,Paternal,KO_M1,599,KO Male,9.228818690495881
Sgce_JF1,Paternal,Sgce,Imprinted,Paternal,KO_M2,1166,KO Male,10.188588845707349
Sgce_JF1,Paternal,Sgce,Imprinted,Paternal,KO_M3,1087,KO Male,10.087462841250339
Slc22a18_129,Maternal,Slc22a18,Imprinted,Maternal,WT_M1,19,WT Male,4.321928094887363
Slc22a18_129,Maternal,Slc22a18,Imprinted,Maternal,WT_M2,27,WT Male,4.807354922057604
Slc22a18_129,Maternal,Slc22a18,Imprinted,Maternal,WT_M3,16,WT Male,4.087462841250339
Slc22a18_129,Maternal,Slc22a18,Imprinted,Maternal,WT_F1,32,WT Female,5.044394119358453
Slc22a18_129,Maternal,Slc22a18,Imprinted,Maternal,WT_F2,6,WT Female,2.807354922057604
Slc22a18_129,Maternal,Slc22a18,Imprinted,Maternal,WT_F3,29,WT Female,4.906890595608519
Slc22a18_129,Maternal,Slc22a18,Imprinted,Maternal,HT_F1,42,HT Female,5.426264754702098
Slc22a18_129,Maternal,Slc22a18,Imprinted,Maternal,HT_F2,12,HT Female,3.700439718141092
Slc22a18_129,Maternal,Slc22a18,Imprinted,Maternal,HT_F3,4,HT Female,2.321928094887362
Slc22a18_129,Maternal,Slc22a18,Imprinted,Maternal,KO_M1,12,KO Male,3.700439718141092
Slc22a18_129,Maternal,Slc22a18,Imprinted,Maternal,KO_M2,3,KO Male,2
Slc22a18_129,Maternal,Slc22a18,Imprinted,Maternal,KO_M3,7,KO Male,3
Slc22a18_JF1,Paternal,Slc22a18,Imprinted,Maternal,WT_M1,0,WT Male,0
Slc22a18_JF1,Paternal,Slc22a18,Imprinted,Maternal,WT_M2,0,WT Male,0
Slc22a18_JF1,Paternal,Slc22a18,Imprinted,Maternal,WT_M3,0,WT Male,0
Slc22a18_JF1,Paternal,Slc22a18,Imprinted,Maternal,WT_F1,0,WT Female,0
Slc22a18_JF1,Paternal,Slc22a18,Imprinted,Maternal,WT_F2,0,WT Female,0
Slc22a18_JF1,Paternal,Slc22a18,Imprinted,Maternal,WT_F3,0,WT Female,0
Slc22a18_JF1,Paternal,Slc22a18,Imprinted,Maternal,HT_F1,11,HT Female,3.584962500721156
Slc22a18_JF1,Paternal,Slc22a18,Imprinted,Maternal,HT_F2,0,HT Female,0
Slc22a18_JF1,Paternal,Slc22a18,Imprinted,Maternal,HT_F3,0,HT Female,0
Slc22a18_JF1,Paternal,Slc22a18,Imprinted,Maternal,KO_M1,0,KO Male,0
Slc22a18_JF1,Paternal,Slc22a18,Imprinted,Maternal,KO_M2,0,KO Male,0
Slc22a18_JF1,Paternal,Slc22a18,Imprinted,Maternal,KO_M3,0,KO Male,0
Slc22a2_129,Maternal,Slc22a2,Imprinted,Maternal,WT_M1,5,WT Male,2.584962500721156
Slc22a2_129,Maternal,Slc22a2,Imprinted,Maternal,WT_M2,8,WT Male,3.169925001442312
Slc22a2_129,Maternal,Slc22a2,Imprinted,Maternal,WT_M3,2,WT Male,1.584962500721156
Slc22a2_129,Maternal,Slc22a2,Imprinted,Maternal,WT_F1,6,WT Female,2.807354922057604
Slc22a2_129,Maternal,Slc22a2,Imprinted,Maternal,WT_F2,1,WT Female,1
Slc22a2_129,Maternal,Slc22a2,Imprinted,Maternal,WT_F3,12,WT Female,3.700439718141092
Slc22a2_129,Maternal,Slc22a2,Imprinted,Maternal,HT_F1,27,HT Female,4.807354922057604
Slc22a2_129,Maternal,Slc22a2,Imprinted,Maternal,HT_F2,2,HT Female,1.584962500721156
Slc22a2_129,Maternal,Slc22a2,Imprinted,Maternal,HT_F3,3,HT Female,2
Slc22a2_129,Maternal,Slc22a2,Imprinted,Maternal,KO_M1,2,KO Male,1.584962500721156
Slc22a2_129,Maternal,Slc22a2,Imprinted,Maternal,KO_M2,3,KO Male,2
Slc22a2_129,Maternal,Slc22a2,Imprinted,Maternal,KO_M3,5,KO Male,2.584962500721156
Slc22a2_JF1,Paternal,Slc22a2,Imprinted,Maternal,WT_M1,0,WT Male,0
Slc22a2_JF1,Paternal,Slc22a2,Imprinted,Maternal,WT_M2,0,WT Male,0
Slc22a2_JF1,Paternal,Slc22a2,Imprinted,Maternal,WT_M3,0,WT Male,0
Slc22a2_JF1,Paternal,Slc22a2,Imprinted,Maternal,WT_F1,0,WT Female,0
Slc22a2_JF1,Paternal,Slc22a2,Imprinted,Maternal,WT_F2,0,WT Female,0
Slc22a2_JF1,Paternal,Slc22a2,Imprinted,Maternal,WT_F3,0,WT Female,0
Slc22a2_JF1,Paternal,Slc22a2,Imprinted,Maternal,HT_F1,0,HT Female,0
Slc22a2_JF1,Paternal,Slc22a2,Imprinted,Maternal,HT_F2,0,HT Female,0
Slc22a2_JF1,Paternal,Slc22a2,Imprinted,Maternal,HT_F3,0,HT Female,0
Slc22a2_JF1,Paternal,Slc22a2,Imprinted,Maternal,KO_M1,0,KO Male,0
Slc22a2_JF1,Paternal,Slc22a2,Imprinted,Maternal,KO_M2,0,KO Male,0
Slc22a2_JF1,Paternal,Slc22a2,Imprinted,Maternal,KO_M3,0,KO Male,0
Slc22a3_129,Maternal,Slc22a3,Imprinted,Maternal,WT_M1,13,WT Male,3.807354922057604
Slc22a3_129,Maternal,Slc22a3,Imprinted,Maternal,WT_M2,19,WT Male,4.321928094887363
Slc22a3_129,Maternal,Slc22a3,Imprinted,Maternal,WT_M3,22,WT Male,4.523561956057013
Slc22a3_129,Maternal,Slc22a3,Imprinted,Maternal,WT_F1,47,WT Female,5.584962500721156
Slc22a3_129,Maternal,Slc22a3,Imprinted,Maternal,WT_F2,7,WT Female,3
Slc22a3_129,Maternal,Slc22a3,Imprinted,Maternal,WT_F3,44,WT Female,5.491853096329675
Slc22a3_129,Maternal,Slc22a3,Imprinted,Maternal,HT_F1,57,HT Female,5.857980995127572
Slc22a3_129,Maternal,Slc22a3,Imprinted,Maternal,HT_F2,12,HT Female,3.700439718141092
Slc22a3_129,Maternal,Slc22a3,Imprinted,Maternal,HT_F3,26,HT Female,4.754887502163468
Slc22a3_129,Maternal,Slc22a3,Imprinted,Maternal,KO_M1,17,KO Male,4.169925001442312
Slc22a3_129,Maternal,Slc22a3,Imprinted,Maternal,KO_M2,13,KO Male,3.807354922057604
Slc22a3_129,Maternal,Slc22a3,Imprinted,Maternal,KO_M3,18,KO Male,4.247927513443585
Slc22a3_JF1,Paternal,Slc22a3,Imprinted,Maternal,WT_M1,0,WT Male,0
Slc22a3_JF1,Paternal,Slc22a3,Imprinted,Maternal,WT_M2,0,WT Male,0
Slc22a3_JF1,Paternal,Slc22a3,Imprinted,Maternal,WT_M3,0,WT Male,0
Slc22a3_JF1,Paternal,Slc22a3,Imprinted,Maternal,WT_F1,0,WT Female,0
Slc22a3_JF1,Paternal,Slc22a3,Imprinted,Maternal,WT_F2,0,WT Female,0
Slc22a3_JF1,Paternal,Slc22a3,Imprinted,Maternal,WT_F3,0,WT Female,0
Slc22a3_JF1,Paternal,Slc22a3,Imprinted,Maternal,HT_F1,24,HT Female,4.643856189774724
Slc22a3_JF1,Paternal,Slc22a3,Imprinted,Maternal,HT_F2,0,HT Female,0
Slc22a3_JF1,Paternal,Slc22a3,Imprinted,Maternal,HT_F3,0,HT Female,0
Slc22a3_JF1,Paternal,Slc22a3,Imprinted,Maternal,KO_M1,0,KO Male,0
Slc22a3_JF1,Paternal,Slc22a3,Imprinted,Maternal,KO_M2,0,KO Male,0
Slc22a3_JF1,Paternal,Slc22a3,Imprinted,Maternal,KO_M3,0,KO Male,0
Slc38a4_129,Maternal,Slc38a4,Imprinted,Paternal,WT_M1,20,WT Male,4.392317422778761
Slc38a4_129,Maternal,Slc38a4,Imprinted,Paternal,WT_M2,51,WT Male,5.700439718141092
Slc38a4_129,Maternal,Slc38a4,Imprinted,Paternal,WT_M3,39,WT Male,5.321928094887363
Slc38a4_129,Maternal,Slc38a4,Imprinted,Paternal,WT_F1,18,WT Female,4.247927513443585
Slc38a4_129,Maternal,Slc38a4,Imprinted,Paternal,WT_F2,44,WT Female,5.491853096329675
Slc38a4_129,Maternal,Slc38a4,Imprinted,Paternal,WT_F3,34,WT Female,5.129283016944966
Slc38a4_129,Maternal,Slc38a4,Imprinted,Paternal,HT_F1,55,HT Female,5.807354922057604
Slc38a4_129,Maternal,Slc38a4,Imprinted,Paternal,HT_F2,78,HT Female,6.303780748177103
Slc38a4_129,Maternal,Slc38a4,Imprinted,Paternal,HT_F3,73,HT Female,6.20945336562895
Slc38a4_129,Maternal,Slc38a4,Imprinted,Paternal,KO_M1,17,KO Male,4.169925001442312
Slc38a4_129,Maternal,Slc38a4,Imprinted,Paternal,KO_M2,55,KO Male,5.807354922057604
Slc38a4_129,Maternal,Slc38a4,Imprinted,Paternal,KO_M3,41,KO Male,5.392317422778761
Slc38a4_JF1,Paternal,Slc38a4,Imprinted,Paternal,WT_M1,29,WT Male,4.906890595608519
Slc38a4_JF1,Paternal,Slc38a4,Imprinted,Paternal,WT_M2,55,WT Male,5.807354922057604
Slc38a4_JF1,Paternal,Slc38a4,Imprinted,Paternal,WT_M3,0,WT Male,0
Slc38a4_JF1,Paternal,Slc38a4,Imprinted,Paternal,WT_F1,43,WT Female,5.459431618637297
Slc38a4_JF1,Paternal,Slc38a4,Imprinted,Paternal,WT_F2,0,WT Female,0
Slc38a4_JF1,Paternal,Slc38a4,Imprinted,Paternal,WT_F3,51,WT Female,5.700439718141092
Slc38a4_JF1,Paternal,Slc38a4,Imprinted,Paternal,HT_F1,89,HT Female,6.491853096329675
Slc38a4_JF1,Paternal,Slc38a4,Imprinted,Paternal,HT_F2,19,HT Female,4.321928094887363
Slc38a4_JF1,Paternal,Slc38a4,Imprinted,Paternal,HT_F3,0,HT Female,0
Slc38a4_JF1,Paternal,Slc38a4,Imprinted,Paternal,KO_M1,0,KO Male,0
Slc38a4_JF1,Paternal,Slc38a4,Imprinted,Paternal,KO_M2,0,KO Male,0
Slc38a4_JF1,Paternal,Slc38a4,Imprinted,Paternal,KO_M3,18,KO Male,4.247927513443585
Smoc1_129,Maternal,Smoc1,Imprinted,Paternal,WT_M1,365,WT Male,8.515699838284043
Smoc1_129,Maternal,Smoc1,Imprinted,Paternal,WT_M2,1068,WT Male,10.06204613772049
Smoc1_129,Maternal,Smoc1,Imprinted,Paternal,WT_M3,430,WT Male,8.751544059089099
Smoc1_129,Maternal,Smoc1,Imprinted,Paternal,WT_F1,411,WT Female,8.686500527183219
Smoc1_129,Maternal,Smoc1,Imprinted,Paternal,WT_F2,425,WT Female,8.734709620225837
Smoc1_129,Maternal,Smoc1,Imprinted,Paternal,WT_F3,777,WT Female,9.603626344986193
Smoc1_129,Maternal,Smoc1,Imprinted,Paternal,HT_F1,2247,HT Female,11.134426320220927
Smoc1_129,Maternal,Smoc1,Imprinted,Paternal,HT_F2,410,HT Female,8.682994583681683
Smoc1_129,Maternal,Smoc1,Imprinted,Paternal,HT_F3,266,HT Female,8.060695931687555
Smoc1_129,Maternal,Smoc1,Imprinted,Paternal,KO_M1,677,KO Male,9.405141463136344
Smoc1_129,Maternal,Smoc1,Imprinted,Paternal,KO_M2,745,KO Male,9.543031820255237
Smoc1_129,Maternal,Smoc1,Imprinted,Paternal,KO_M3,704,KO Male,9.461479447286155
Smoc1_JF1,Paternal,Smoc1,Imprinted,Paternal,WT_M1,244,WT Male,7.936637939002571
Smoc1_JF1,Paternal,Smoc1,Imprinted,Paternal,WT_M2,451,WT Male,8.820178962415188
Smoc1_JF1,Paternal,Smoc1,Imprinted,Paternal,WT_M3,198,WT Male,7.636624620543649
Smoc1_JF1,Paternal,Smoc1,Imprinted,Paternal,WT_F1,348,WT Female,8.447083226209653
Smoc1_JF1,Paternal,Smoc1,Imprinted,Paternal,WT_F2,237,WT Female,7.894817763307944
Smoc1_JF1,Paternal,Smoc1,Imprinted,Paternal,WT_F3,453,WT Female,8.826548487290914
Smoc1_JF1,Paternal,Smoc1,Imprinted,Paternal,HT_F1,1777,HT Female,10.79603960882977
Smoc1_JF1,Paternal,Smoc1,Imprinted,Paternal,HT_F2,238,HT Female,7.900866807980749
Smoc1_JF1,Paternal,Smoc1,Imprinted,Paternal,HT_F3,184,HT Female,7.531381460516312
Smoc1_JF1,Paternal,Smoc1,Imprinted,Paternal,KO_M1,433,KO Male,8.761551232444479
Smoc1_JF1,Paternal,Smoc1,Imprinted,Paternal,KO_M2,602,KO Male,9.236014191900084
Smoc1_JF1,Paternal,Smoc1,Imprinted,Paternal,KO_M3,344,KO Male,8.430452551665532
Smoc2_129,Maternal,Smoc2,Imprinted,Maternal,WT_M1,1382,WT Male,10.433585441150495
Smoc2_129,Maternal,Smoc2,Imprinted,Maternal,WT_M2,2210,WT Male,11.110483309816226
Smoc2_129,Maternal,Smoc2,Imprinted,Maternal,WT_M3,1023,WT Male,10
Smoc2_129,Maternal,Smoc2,Imprinted,Maternal,WT_F1,1818,WT Female,10.828929827651486
Smoc2_129,Maternal,Smoc2,Imprinted,Maternal,WT_F2,1682,WT Female,10.71681946132995
Smoc2_129,Maternal,Smoc2,Imprinted,Maternal,WT_F3,1157,WT Female,10.177419537989236
Smoc2_129,Maternal,Smoc2,Imprinted,Maternal,HT_F1,1507,HT Female,10.558420713268664
Smoc2_129,Maternal,Smoc2,Imprinted,Maternal,HT_F2,398,HT Female,8.640244936222345
Smoc2_129,Maternal,Smoc2,Imprinted,Maternal,HT_F3,1813,HT Female,10.824958740528523
Smoc2_129,Maternal,Smoc2,Imprinted,Maternal,KO_M1,805,KO Male,9.654636028527968
Smoc2_129,Maternal,Smoc2,Imprinted,Maternal,KO_M2,1353,KO Male,10.403012023574997
Smoc2_129,Maternal,Smoc2,Imprinted,Maternal,KO_M3,1618,KO Male,10.660887270302567
Smoc2_JF1,Paternal,Smoc2,Imprinted,Maternal,WT_M1,1546,WT Male,10.595257481449035
Smoc2_JF1,Paternal,Smoc2,Imprinted,Maternal,WT_M2,2055,WT Male,11.005624549193879
Smoc2_JF1,Paternal,Smoc2,Imprinted,Maternal,WT_M3,792,WT Male,9.63117705570398
Smoc2_JF1,Paternal,Smoc2,Imprinted,Maternal,WT_F1,1605,WT Female,10.649256177517314
Smoc2_JF1,Paternal,Smoc2,Imprinted,Maternal,WT_F2,1476,WT Female,10.52845411076479
Smoc2_JF1,Paternal,Smoc2,Imprinted,Maternal,WT_F3,899,WT Female,9.813781191217037
Smoc2_JF1,Paternal,Smoc2,Imprinted,Maternal,HT_F1,1538,HT Female,10.58777751632821
Smoc2_JF1,Paternal,Smoc2,Imprinted,Maternal,HT_F2,392,HT Female,8.618385502258606
Smoc2_JF1,Paternal,Smoc2,Imprinted,Maternal,HT_F3,1845,HT Female,10.850186837645774
Smoc2_JF1,Paternal,Smoc2,Imprinted,Maternal,KO_M1,930,KO Male,9.862637357558794
Smoc2_JF1,Paternal,Smoc2,Imprinted,Maternal,KO_M2,1174,KO Male,10.198445041452363
Smoc2_JF1,Paternal,Smoc2,Imprinted,Maternal,KO_M3,1299,KO Male,10.344295907915816
Snrpn_129,Maternal,Snrpn,Imprinted,Paternal,WT_M1,0,WT Male,0
Snrpn_129,Maternal,Snrpn,Imprinted,Paternal,WT_M2,6,WT Male,2.807354922057604
Snrpn_129,Maternal,Snrpn,Imprinted,Paternal,WT_M3,0,WT Male,0
Snrpn_129,Maternal,Snrpn,Imprinted,Paternal,WT_F1,0,WT Female,0
Snrpn_129,Maternal,Snrpn,Imprinted,Paternal,WT_F2,3,WT Female,2
Snrpn_129,Maternal,Snrpn,Imprinted,Paternal,WT_F3,3,WT Female,2
Snrpn_129,Maternal,Snrpn,Imprinted,Paternal,HT_F1,4,HT Female,2.321928094887362
Snrpn_129,Maternal,Snrpn,Imprinted,Paternal,HT_F2,8,HT Female,3.169925001442312
Snrpn_129,Maternal,Snrpn,Imprinted,Paternal,HT_F3,0,HT Female,0
Snrpn_129,Maternal,Snrpn,Imprinted,Paternal,KO_M1,2,KO Male,1.584962500721156
Snrpn_129,Maternal,Snrpn,Imprinted,Paternal,KO_M2,6,KO Male,2.807354922057604
Snrpn_129,Maternal,Snrpn,Imprinted,Paternal,KO_M3,2,KO Male,1.584962500721156
Snrpn_JF1,Paternal,Snrpn,Imprinted,Paternal,WT_M1,90,WT Male,6.507794640198696
Snrpn_JF1,Paternal,Snrpn,Imprinted,Paternal,WT_M2,181,WT Male,7.507794640198696
Snrpn_JF1,Paternal,Snrpn,Imprinted,Paternal,WT_M3,117,WT Male,6.882643049361842
Snrpn_JF1,Paternal,Snrpn,Imprinted,Paternal,WT_F1,108,WT Female,6.768184324776926
Snrpn_JF1,Paternal,Snrpn,Imprinted,Paternal,WT_F2,128,WT Female,7.011227255423254
Snrpn_JF1,Paternal,Snrpn,Imprinted,Paternal,WT_F3,158,WT Female,7.312882955284356
Snrpn_JF1,Paternal,Snrpn,Imprinted,Paternal,HT_F1,228,HT Female,7.839203788096944
Snrpn_JF1,Paternal,Snrpn,Imprinted,Paternal,HT_F2,151,HT Female,7.247927513443585
Snrpn_JF1,Paternal,Snrpn,Imprinted,Paternal,HT_F3,92,HT Female,6.539158811108031
Snrpn_JF1,Paternal,Snrpn,Imprinted,Paternal,KO_M1,49,KO Male,5.643856189774724
Snrpn_JF1,Paternal,Snrpn,Imprinted,Paternal,KO_M2,144,KO Male,7.1799090900149345
Snrpn_JF1,Paternal,Snrpn,Imprinted,Paternal,KO_M3,128,KO Male,7.011227255423254
Snurf_129,Maternal,Snurf,Imprinted,Paternal,WT_M1,0,WT Male,0
Snurf_129,Maternal,Snurf,Imprinted,Paternal,WT_M2,0,WT Male,0
Snurf_129,Maternal,Snurf,Imprinted,Paternal,WT_M3,0,WT Male,0
Snurf_129,Maternal,Snurf,Imprinted,Paternal,WT_F1,0,WT Female,0
Snurf_129,Maternal,Snurf,Imprinted,Paternal,WT_F2,0,WT Female,0
Snurf_129,Maternal,Snurf,Imprinted,Paternal,WT_F3,0,WT Female,0
Snurf_129,Maternal,Snurf,Imprinted,Paternal,HT_F1,0,HT Female,0
Snurf_129,Maternal,Snurf,Imprinted,Paternal,HT_F2,0,HT Female,0
Snurf_129,Maternal,Snurf,Imprinted,Paternal,HT_F3,0,HT Female,0
Snurf_129,Maternal,Snurf,Imprinted,Paternal,KO_M1,0,KO Male,0
Snurf_129,Maternal,Snurf,Imprinted,Paternal,KO_M2,0,KO Male,0
Snurf_129,Maternal,Snurf,Imprinted,Paternal,KO_M3,0,KO Male,0
Snurf_JF1,Paternal,Snurf,Imprinted,Paternal,WT_M1,0,WT Male,0
Snurf_JF1,Paternal,Snurf,Imprinted,Paternal,WT_M2,0,WT Male,0
Snurf_JF1,Paternal,Snurf,Imprinted,Paternal,WT_M3,0,WT Male,0
Snurf_JF1,Paternal,Snurf,Imprinted,Paternal,WT_F1,0,WT Female,0
Snurf_JF1,Paternal,Snurf,Imprinted,Paternal,WT_F2,0,WT Female,0
Snurf_JF1,Paternal,Snurf,Imprinted,Paternal,WT_F3,0,WT Female,0
Snurf_JF1,Paternal,Snurf,Imprinted,Paternal,HT_F1,0,HT Female,0
Snurf_JF1,Paternal,Snurf,Imprinted,Paternal,HT_F2,0,HT Female,0
Snurf_JF1,Paternal,Snurf,Imprinted,Paternal,HT_F3,0,HT Female,0
Snurf_JF1,Paternal,Snurf,Imprinted,Paternal,KO_M1,0,KO Male,0
Snurf_JF1,Paternal,Snurf,Imprinted,Paternal,KO_M2,0,KO Male,0
Snurf_JF1,Paternal,Snurf,Imprinted,Paternal,KO_M3,0,KO Male,0
Snx14_129,Maternal,Snx14,Imprinted,Paternal,WT_M1,1794,WT Male,10.809768128710413
Snx14_129,Maternal,Snx14,Imprinted,Paternal,WT_M2,2496,WT Male,11.285980105928212
Snx14_129,Maternal,Snx14,Imprinted,Paternal,WT_M3,1336,WT Male,10.384783750093353
Snx14_129,Maternal,Snx14,Imprinted,Paternal,WT_F1,2215,WT Female,11.113742166049189
Snx14_129,Maternal,Snx14,Imprinted,Paternal,WT_F2,1703,WT Female,10.734709620225837
Snx14_129,Maternal,Snx14,Imprinted,Paternal,WT_F3,2691,WT Female,11.394462694610317
Snx14_129,Maternal,Snx14,Imprinted,Paternal,HT_F1,3786,HT Female,11.88683970588442
Snx14_129,Maternal,Snx14,Imprinted,Paternal,HT_F2,2126,HT Female,11.054604317960672
Snx14_129,Maternal,Snx14,Imprinted,Paternal,HT_F3,2003,HT Female,10.968666793195208
Snx14_129,Maternal,Snx14,Imprinted,Paternal,KO_M1,1174,KO Male,10.198445041452363
Snx14_129,Maternal,Snx14,Imprinted,Paternal,KO_M2,1812,KO Male,10.824163209744158
Snx14_129,Maternal,Snx14,Imprinted,Paternal,KO_M3,2025,KO Male,10.984418458801137
Snx14_JF1,Paternal,Snx14,Imprinted,Paternal,WT_M1,2559,WT Male,11.321928094887362
Snx14_JF1,Paternal,Snx14,Imprinted,Paternal,WT_M2,4169,WT Male,12.025831668332026
Snx14_JF1,Paternal,Snx14,Imprinted,Paternal,WT_M3,1761,WT Male,10.782998208920414
Snx14_JF1,Paternal,Snx14,Imprinted,Paternal,WT_F1,2380,WT Female,11.217351905270334
Snx14_JF1,Paternal,Snx14,Imprinted,Paternal,WT_F2,2288,WT Female,11.160501747555687
Snx14_JF1,Paternal,Snx14,Imprinted,Paternal,WT_F3,2269,WT Female,11.148476582178278
Snx14_JF1,Paternal,Snx14,Imprinted,Paternal,HT_F1,3318,HT Female,11.6965329140783
Snx14_JF1,Paternal,Snx14,Imprinted,Paternal,HT_F2,2108,HT Female,11.042343379793692
Snx14_JF1,Paternal,Snx14,Imprinted,Paternal,HT_F3,1907,HT Female,10.897845456005511
Snx14_JF1,Paternal,Snx14,Imprinted,Paternal,KO_M1,976,KO Male,9.932214751968385
Snx14_JF1,Paternal,Snx14,Imprinted,Paternal,KO_M2,2164,KO Male,11.080151309614088
Snx14_JF1,Paternal,Snx14,Imprinted,Paternal,KO_M3,2279,KO Male,11.154818109052105
Tfpi2_129,Maternal,Tfpi2,Imprinted,Maternal,WT_M1,5,WT Male,2.584962500721156
Tfpi2_129,Maternal,Tfpi2,Imprinted,Maternal,WT_M2,5,WT Male,2.584962500721156
Tfpi2_129,Maternal,Tfpi2,Imprinted,Maternal,WT_M3,1,WT Male,1
Tfpi2_129,Maternal,Tfpi2,Imprinted,Maternal,WT_F1,3,WT Female,2
Tfpi2_129,Maternal,Tfpi2,Imprinted,Maternal,WT_F2,3,WT Female,2
Tfpi2_129,Maternal,Tfpi2,Imprinted,Maternal,WT_F3,3,WT Female,2
Tfpi2_129,Maternal,Tfpi2,Imprinted,Maternal,HT_F1,1,HT Female,1
Tfpi2_129,Maternal,Tfpi2,Imprinted,Maternal,HT_F2,1,HT Female,1
Tfpi2_129,Maternal,Tfpi2,Imprinted,Maternal,HT_F3,3,HT Female,2
Tfpi2_129,Maternal,Tfpi2,Imprinted,Maternal,KO_M1,0,KO Male,0
Tfpi2_129,Maternal,Tfpi2,Imprinted,Maternal,KO_M2,3,KO Male,2
Tfpi2_129,Maternal,Tfpi2,Imprinted,Maternal,KO_M3,2,KO Male,1.584962500721156
Tfpi2_JF1,Paternal,Tfpi2,Imprinted,Maternal,WT_M1,0,WT Male,0
Tfpi2_JF1,Paternal,Tfpi2,Imprinted,Maternal,WT_M2,0,WT Male,0
Tfpi2_JF1,Paternal,Tfpi2,Imprinted,Maternal,WT_M3,0,WT Male,0
Tfpi2_JF1,Paternal,Tfpi2,Imprinted,Maternal,WT_F1,0,WT Female,0
Tfpi2_JF1,Paternal,Tfpi2,Imprinted,Maternal,WT_F2,0,WT Female,0
Tfpi2_JF1,Paternal,Tfpi2,Imprinted,Maternal,WT_F3,0,WT Female,0
Tfpi2_JF1,Paternal,Tfpi2,Imprinted,Maternal,HT_F1,0,HT Female,0
Tfpi2_JF1,Paternal,Tfpi2,Imprinted,Maternal,HT_F2,0,HT Female,0
Tfpi2_JF1,Paternal,Tfpi2,Imprinted,Maternal,HT_F3,0,HT Female,0
Tfpi2_JF1,Paternal,Tfpi2,Imprinted,Maternal,KO_M1,0,KO Male,0
Tfpi2_JF1,Paternal,Tfpi2,Imprinted,Maternal,KO_M2,0,KO Male,0
Tfpi2_JF1,Paternal,Tfpi2,Imprinted,Maternal,KO_M3,0,KO Male,0
Th_129,Maternal,Th,Imprinted,Maternal,WT_M1,21,WT Male,4.459431618637297
Th_129,Maternal,Th,Imprinted,Maternal,WT_M2,44,WT Male,5.491853096329675
Th_129,Maternal,Th,Imprinted,Maternal,WT_M3,6,WT Male,2.807354922057604
Th_129,Maternal,Th,Imprinted,Maternal,WT_F1,71,WT Female,6.169925001442312
Th_129,Maternal,Th,Imprinted,Maternal,WT_F2,6,WT Female,2.807354922057604
Th_129,Maternal,Th,Imprinted,Maternal,WT_F3,19,WT Female,4.321928094887363
Th_129,Maternal,Th,Imprinted,Maternal,HT_F1,40,HT Female,5.357552004618084
Th_129,Maternal,Th,Imprinted,Maternal,HT_F2,8,HT Female,3.169925001442312
Th_129,Maternal,Th,Imprinted,Maternal,HT_F3,9,HT Female,3.321928094887362
Th_129,Maternal,Th,Imprinted,Maternal,KO_M1,15,KO Male,4
Th_129,Maternal,Th,Imprinted,Maternal,KO_M2,22,KO Male,4.523561956057013
Th_129,Maternal,Th,Imprinted,Maternal,KO_M3,14,KO Male,3.9068905956085187
Th_JF1,Paternal,Th,Imprinted,Maternal,WT_M1,0,WT Male,0
Th_JF1,Paternal,Th,Imprinted,Maternal,WT_M2,0,WT Male,0
Th_JF1,Paternal,Th,Imprinted,Maternal,WT_M3,0,WT Male,0
Th_JF1,Paternal,Th,Imprinted,Maternal,WT_F1,0,WT Female,0
Th_JF1,Paternal,Th,Imprinted,Maternal,WT_F2,0,WT Female,0
Th_JF1,Paternal,Th,Imprinted,Maternal,WT_F3,0,WT Female,0
Th_JF1,Paternal,Th,Imprinted,Maternal,HT_F1,61,HT Female,5.954196310386875
Th_JF1,Paternal,Th,Imprinted,Maternal,HT_F2,0,HT Female,0
Th_JF1,Paternal,Th,Imprinted,Maternal,HT_F3,0,HT Female,0
Th_JF1,Paternal,Th,Imprinted,Maternal,KO_M1,0,KO Male,0
Th_JF1,Paternal,Th,Imprinted,Maternal,KO_M2,0,KO Male,0
Th_JF1,Paternal,Th,Imprinted,Maternal,KO_M3,0,KO Male,0
Thbs2_129,Maternal,Thbs2,Imprinted,Maternal,WT_M1,455,WT Male,8.832890014164741
Thbs2_129,Maternal,Thbs2,Imprinted,Maternal,WT_M2,513,WT Male,9.005624549193879
Thbs2_129,Maternal,Thbs2,Imprinted,Maternal,WT_M3,250,WT Male,7.971543553950772
Thbs2_129,Maternal,Thbs2,Imprinted,Maternal,WT_F1,425,WT Female,8.734709620225837
Thbs2_129,Maternal,Thbs2,Imprinted,Maternal,WT_F2,101,WT Female,6.672425341971495
Thbs2_129,Maternal,Thbs2,Imprinted,Maternal,WT_F3,236,WT Female,7.888743248898259
Thbs2_129,Maternal,Thbs2,Imprinted,Maternal,HT_F1,278,HT Female,8.124121311829187
Thbs2_129,Maternal,Thbs2,Imprinted,Maternal,HT_F2,207,HT Female,7.700439718141092
Thbs2_129,Maternal,Thbs2,Imprinted,Maternal,HT_F3,106,HT Female,6.741466986401147
Thbs2_129,Maternal,Thbs2,Imprinted,Maternal,KO_M1,92,KO Male,6.539158811108031
Thbs2_129,Maternal,Thbs2,Imprinted,Maternal,KO_M2,72,KO Male,6.189824558880018
Thbs2_129,Maternal,Thbs2,Imprinted,Maternal,KO_M3,240,KO Male,7.912889336229962
Thbs2_JF1,Paternal,Thbs2,Imprinted,Maternal,WT_M1,477,WT Male,8.900866807980748
Thbs2_JF1,Paternal,Thbs2,Imprinted,Maternal,WT_M2,520,WT Male,9.025139562278508
Thbs2_JF1,Paternal,Thbs2,Imprinted,Maternal,WT_M3,322,WT Male,8.335390354693924
Thbs2_JF1,Paternal,Thbs2,Imprinted,Maternal,WT_F1,605,WT Female,9.243173983472952
Thbs2_JF1,Paternal,Thbs2,Imprinted,Maternal,WT_F2,134,WT Female,7.076815597050831
Thbs2_JF1,Paternal,Thbs2,Imprinted,Maternal,WT_F3,499,WT Female,8.965784284662087
Thbs2_JF1,Paternal,Thbs2,Imprinted,Maternal,HT_F1,519,HT Female,9.022367813028454
Thbs2_JF1,Paternal,Thbs2,Imprinted,Maternal,HT_F2,178,HT Female,7.483815777264256
Thbs2_JF1,Paternal,Thbs2,Imprinted,Maternal,HT_F3,172,HT Female,7.434628227636725
Thbs2_JF1,Paternal,Thbs2,Imprinted,Maternal,KO_M1,261,KO Male,8.03342300153745
Thbs2_JF1,Paternal,Thbs2,Imprinted,Maternal,KO_M2,127,KO Male,7
Thbs2_JF1,Paternal,Thbs2,Imprinted,Maternal,KO_M3,123,KO Male,6.954196310386875
Tnfrsf22_129,Maternal,Tnfrsf22,Imprinted,Maternal,WT_M1,90,WT Male,6.507794640198696
Tnfrsf22_129,Maternal,Tnfrsf22,Imprinted,Maternal,WT_M2,91,WT Male,6.523561956057013
Tnfrsf22_129,Maternal,Tnfrsf22,Imprinted,Maternal,WT_M3,57,WT Male,5.857980995127572
Tnfrsf22_129,Maternal,Tnfrsf22,Imprinted,Maternal,WT_F1,107,WT Female,6.754887502163468
Tnfrsf22_129,Maternal,Tnfrsf22,Imprinted,Maternal,WT_F2,52,WT Female,5.727920454563199
Tnfrsf22_129,Maternal,Tnfrsf22,Imprinted,Maternal,WT_F3,99,WT Female,6.643856189774724
Tnfrsf22_129,Maternal,Tnfrsf22,Imprinted,Maternal,HT_F1,45,HT Female,5.523561956057013
Tnfrsf22_129,Maternal,Tnfrsf22,Imprinted,Maternal,HT_F2,68,HT Female,6.108524456778169
Tnfrsf22_129,Maternal,Tnfrsf22,Imprinted,Maternal,HT_F3,34,HT Female,5.129283016944966
Tnfrsf22_129,Maternal,Tnfrsf22,Imprinted,Maternal,KO_M1,31,KO Male,5
Tnfrsf22_129,Maternal,Tnfrsf22,Imprinted,Maternal,KO_M2,38,KO Male,5.285402218862249
Tnfrsf22_129,Maternal,Tnfrsf22,Imprinted,Maternal,KO_M3,52,KO Male,5.727920454563199
Tnfrsf22_JF1,Paternal,Tnfrsf22,Imprinted,Maternal,WT_M1,0,WT Male,0
Tnfrsf22_JF1,Paternal,Tnfrsf22,Imprinted,Maternal,WT_M2,48,WT Male,5.614709844115208
Tnfrsf22_JF1,Paternal,Tnfrsf22,Imprinted,Maternal,WT_M3,0,WT Male,0
Tnfrsf22_JF1,Paternal,Tnfrsf22,Imprinted,Maternal,WT_F1,0,WT Female,0
Tnfrsf22_JF1,Paternal,Tnfrsf22,Imprinted,Maternal,WT_F2,19,WT Female,4.321928094887363
Tnfrsf22_JF1,Paternal,Tnfrsf22,Imprinted,Maternal,WT_F3,0,WT Female,0
Tnfrsf22_JF1,Paternal,Tnfrsf22,Imprinted,Maternal,HT_F1,105,HT Female,6.727920454563199
Tnfrsf22_JF1,Paternal,Tnfrsf22,Imprinted,Maternal,HT_F2,0,HT Female,0
Tnfrsf22_JF1,Paternal,Tnfrsf22,Imprinted,Maternal,HT_F3,34,HT Female,5.129283016944966
Tnfrsf22_JF1,Paternal,Tnfrsf22,Imprinted,Maternal,KO_M1,12,KO Male,3.700439718141092
Tnfrsf22_JF1,Paternal,Tnfrsf22,Imprinted,Maternal,KO_M2,21,KO Male,4.459431618637297
Tnfrsf22_JF1,Paternal,Tnfrsf22,Imprinted,Maternal,KO_M3,0,KO Male,0
Tnfrsf23_129,Maternal,Tnfrsf23,Imprinted,Maternal,WT_M1,23,WT Male,4.584962500721156
Tnfrsf23_129,Maternal,Tnfrsf23,Imprinted,Maternal,WT_M2,33,WT Male,5.087462841250339
Tnfrsf23_129,Maternal,Tnfrsf23,Imprinted,Maternal,WT_M3,14,WT Male,3.9068905956085187
Tnfrsf23_129,Maternal,Tnfrsf23,Imprinted,Maternal,WT_F1,27,WT Female,4.807354922057604
Tnfrsf23_129,Maternal,Tnfrsf23,Imprinted,Maternal,WT_F2,30,WT Female,4.954196310386875
Tnfrsf23_129,Maternal,Tnfrsf23,Imprinted,Maternal,WT_F3,18,WT Female,4.247927513443585
Tnfrsf23_129,Maternal,Tnfrsf23,Imprinted,Maternal,HT_F1,49,HT Female,5.643856189774724
Tnfrsf23_129,Maternal,Tnfrsf23,Imprinted,Maternal,HT_F2,17,HT Female,4.169925001442312
Tnfrsf23_129,Maternal,Tnfrsf23,Imprinted,Maternal,HT_F3,14,HT Female,3.9068905956085187
Tnfrsf23_129,Maternal,Tnfrsf23,Imprinted,Maternal,KO_M1,6,KO Male,2.807354922057604
Tnfrsf23_129,Maternal,Tnfrsf23,Imprinted,Maternal,KO_M2,12,KO Male,3.700439718141092
Tnfrsf23_129,Maternal,Tnfrsf23,Imprinted,Maternal,KO_M3,11,KO Male,3.584962500721156
Tnfrsf23_JF1,Paternal,Tnfrsf23,Imprinted,Maternal,WT_M1,0,WT Male,0
Tnfrsf23_JF1,Paternal,Tnfrsf23,Imprinted,Maternal,WT_M2,0,WT Male,0
Tnfrsf23_JF1,Paternal,Tnfrsf23,Imprinted,Maternal,WT_M3,0,WT Male,0
Tnfrsf23_JF1,Paternal,Tnfrsf23,Imprinted,Maternal,WT_F1,0,WT Female,0
Tnfrsf23_JF1,Paternal,Tnfrsf23,Imprinted,Maternal,WT_F2,0,WT Female,0
Tnfrsf23_JF1,Paternal,Tnfrsf23,Imprinted,Maternal,WT_F3,0,WT Female,0
Tnfrsf23_JF1,Paternal,Tnfrsf23,Imprinted,Maternal,HT_F1,0,HT Female,0
Tnfrsf23_JF1,Paternal,Tnfrsf23,Imprinted,Maternal,HT_F2,0,HT Female,0
Tnfrsf23_JF1,Paternal,Tnfrsf23,Imprinted,Maternal,HT_F3,0,HT Female,0
Tnfrsf23_JF1,Paternal,Tnfrsf23,Imprinted,Maternal,KO_M1,0,KO Male,0
Tnfrsf23_JF1,Paternal,Tnfrsf23,Imprinted,Maternal,KO_M2,0,KO Male,0
Tnfrsf23_JF1,Paternal,Tnfrsf23,Imprinted,Maternal,KO_M3,0,KO Male,0
Tnfrsf26_129,Maternal,Tnfrsf26,Imprinted,Maternal,WT_M1,1,WT Male,1
Tnfrsf26_129,Maternal,Tnfrsf26,Imprinted,Maternal,WT_M2,1,WT Male,1
Tnfrsf26_129,Maternal,Tnfrsf26,Imprinted,Maternal,WT_M3,2,WT Male,1.584962500721156
Tnfrsf26_129,Maternal,Tnfrsf26,Imprinted,Maternal,WT_F1,2,WT Female,1.584962500721156
Tnfrsf26_129,Maternal,Tnfrsf26,Imprinted,Maternal,WT_F2,1,WT Female,1
Tnfrsf26_129,Maternal,Tnfrsf26,Imprinted,Maternal,WT_F3,0,WT Female,0
Tnfrsf26_129,Maternal,Tnfrsf26,Imprinted,Maternal,HT_F1,2,HT Female,1.584962500721156
Tnfrsf26_129,Maternal,Tnfrsf26,Imprinted,Maternal,HT_F2,1,HT Female,1
Tnfrsf26_129,Maternal,Tnfrsf26,Imprinted,Maternal,HT_F3,0,HT Female,0
Tnfrsf26_129,Maternal,Tnfrsf26,Imprinted,Maternal,KO_M1,0,KO Male,0
Tnfrsf26_129,Maternal,Tnfrsf26,Imprinted,Maternal,KO_M2,1,KO Male,1
Tnfrsf26_129,Maternal,Tnfrsf26,Imprinted,Maternal,KO_M3,0,KO Male,0
Tnfrsf26_JF1,Paternal,Tnfrsf26,Imprinted,Maternal,WT_M1,0,WT Male,0
Tnfrsf26_JF1,Paternal,Tnfrsf26,Imprinted,Maternal,WT_M2,0,WT Male,0
Tnfrsf26_JF1,Paternal,Tnfrsf26,Imprinted,Maternal,WT_M3,0,WT Male,0
Tnfrsf26_JF1,Paternal,Tnfrsf26,Imprinted,Maternal,WT_F1,0,WT Female,0
Tnfrsf26_JF1,Paternal,Tnfrsf26,Imprinted,Maternal,WT_F2,0,WT Female,0
Tnfrsf26_JF1,Paternal,Tnfrsf26,Imprinted,Maternal,WT_F3,0,WT Female,0
Tnfrsf26_JF1,Paternal,Tnfrsf26,Imprinted,Maternal,HT_F1,0,HT Female,0
Tnfrsf26_JF1,Paternal,Tnfrsf26,Imprinted,Maternal,HT_F2,0,HT Female,0
Tnfrsf26_JF1,Paternal,Tnfrsf26,Imprinted,Maternal,HT_F3,0,HT Female,0
Tnfrsf26_JF1,Paternal,Tnfrsf26,Imprinted,Maternal,KO_M1,0,KO Male,0
Tnfrsf26_JF1,Paternal,Tnfrsf26,Imprinted,Maternal,KO_M2,0,KO Male,0
Tnfrsf26_JF1,Paternal,Tnfrsf26,Imprinted,Maternal,KO_M3,0,KO Male,0
Trappc9_129,Maternal,Trappc9,Imprinted,Maternal,WT_M1,1280,WT Male,10.323054760341646
Trappc9_129,Maternal,Trappc9,Imprinted,Maternal,WT_M2,2476,WT Male,11.274378153246364
Trappc9_129,Maternal,Trappc9,Imprinted,Maternal,WT_M3,1120,WT Male,10.130570562805426
Trappc9_129,Maternal,Trappc9,Imprinted,Maternal,WT_F1,1624,WT Female,10.66622400280318
Trappc9_129,Maternal,Trappc9,Imprinted,Maternal,WT_F2,1243,WT Female,10.280770770130603
Trappc9_129,Maternal,Trappc9,Imprinted,Maternal,WT_F3,1773,WT Female,10.792790294301064
Trappc9_129,Maternal,Trappc9,Imprinted,Maternal,HT_F1,2596,HT Female,11.342630298678408
Trappc9_129,Maternal,Trappc9,Imprinted,Maternal,HT_F2,1392,HT Female,10.443979542601253
Trappc9_129,Maternal,Trappc9,Imprinted,Maternal,HT_F3,978,HT Female,9.935165049603695
Trappc9_129,Maternal,Trappc9,Imprinted,Maternal,KO_M1,1012,KO Male,9.984418458801137
Trappc9_129,Maternal,Trappc9,Imprinted,Maternal,KO_M2,1521,KO Male,10.571752643503546
Trappc9_129,Maternal,Trappc9,Imprinted,Maternal,KO_M3,1554,KO Male,10.602698865017965
Trappc9_JF1,Paternal,Trappc9,Imprinted,Maternal,WT_M1,4607,WT Male,12.169925001442312
Trappc9_JF1,Paternal,Trappc9,Imprinted,Maternal,WT_M2,7905,WT Male,12.948732239819615
Trappc9_JF1,Paternal,Trappc9,Imprinted,Maternal,WT_M3,3414,WT Male,11.737669863177453
Trappc9_JF1,Paternal,Trappc9,Imprinted,Maternal,WT_F1,4652,WT Female,12.183945471757246
Trappc9_JF1,Paternal,Trappc9,Imprinted,Maternal,WT_F2,4416,WT Female,12.108851117040153
Trappc9_JF1,Paternal,Trappc9,Imprinted,Maternal,WT_F3,5399,WT Female,12.398743691938193
Trappc9_JF1,Paternal,Trappc9,Imprinted,Maternal,HT_F1,7925,HT Female,12.952377251967985
Trappc9_JF1,Paternal,Trappc9,Imprinted,Maternal,HT_F2,4559,HT Female,12.154818109052105
Trappc9_JF1,Paternal,Trappc9,Imprinted,Maternal,HT_F3,4488,HT Female,12.132178380915544
Trappc9_JF1,Paternal,Trappc9,Imprinted,Maternal,KO_M1,4144,KO Male,12.017156386383112
Trappc9_JF1,Paternal,Trappc9,Imprinted,Maternal,KO_M2,4800,KO Male,12.229119220658594
Trappc9_JF1,Paternal,Trappc9,Imprinted,Maternal,KO_M3,4929,KO Male,12.267371931265274
Tsix_129,Maternal,Tsix,Imprinted,Maternal,WT_M1,61,WT Male,5.954196310386875
Tsix_129,Maternal,Tsix,Imprinted,Maternal,WT_M2,60,WT Male,5.930737337562887
Tsix_129,Maternal,Tsix,Imprinted,Maternal,WT_M3,29,WT Male,4.906890595608519
Tsix_129,Maternal,Tsix,Imprinted,Maternal,WT_F1,71,WT Female,6.169925001442312
Tsix_129,Maternal,Tsix,Imprinted,Maternal,WT_F2,23,WT Female,4.584962500721156
Tsix_129,Maternal,Tsix,Imprinted,Maternal,WT_F3,51,WT Female,5.700439718141092
Tsix_129,Maternal,Tsix,Imprinted,Maternal,HT_F1,92,HT Female,6.539158811108031
Tsix_129,Maternal,Tsix,Imprinted,Maternal,HT_F2,24,HT Female,4.643856189774724
Tsix_129,Maternal,Tsix,Imprinted,Maternal,HT_F3,48,HT Female,5.614709844115208
Tsix_129,Maternal,Tsix,Imprinted,Maternal,KO_M1,6,KO Male,2.807354922057604
Tsix_129,Maternal,Tsix,Imprinted,Maternal,KO_M2,12,KO Male,3.700439718141092
Tsix_129,Maternal,Tsix,Imprinted,Maternal,KO_M3,12,KO Male,3.700439718141092
Tsix_JF1,Paternal,Tsix,Imprinted,Maternal,WT_M1,0,WT Male,0
Tsix_JF1,Paternal,Tsix,Imprinted,Maternal,WT_M2,0,WT Male,0
Tsix_JF1,Paternal,Tsix,Imprinted,Maternal,WT_M3,0,WT Male,0
Tsix_JF1,Paternal,Tsix,Imprinted,Maternal,WT_F1,0,WT Female,0
Tsix_JF1,Paternal,Tsix,Imprinted,Maternal,WT_F2,0,WT Female,0
Tsix_JF1,Paternal,Tsix,Imprinted,Maternal,WT_F3,0,WT Female,0
Tsix_JF1,Paternal,Tsix,Imprinted,Maternal,HT_F1,0,HT Female,0
Tsix_JF1,Paternal,Tsix,Imprinted,Maternal,HT_F2,0,HT Female,0
Tsix_JF1,Paternal,Tsix,Imprinted,Maternal,HT_F3,0,HT Female,0
Tsix_JF1,Paternal,Tsix,Imprinted,Maternal,KO_M1,0,KO Male,0
Tsix_JF1,Paternal,Tsix,Imprinted,Maternal,KO_M2,0,KO Male,0
Tsix_JF1,Paternal,Tsix,Imprinted,Maternal,KO_M3,0,KO Male,0
Tssc4_129,Maternal,Tssc4,Imprinted,Maternal,WT_M1,484,WT Male,8.92184093707449
Tssc4_129,Maternal,Tssc4,Imprinted,Maternal,WT_M2,840,WT Male,9.715961990255144
Tssc4_129,Maternal,Tssc4,Imprinted,Maternal,WT_M3,552,WT Male,9.111135670234708
Tssc4_129,Maternal,Tssc4,Imprinted,Maternal,WT_F1,606,WT Female,9.245552706255681
Tssc4_129,Maternal,Tssc4,Imprinted,Maternal,WT_F2,573,WT Female,9.164906926675688
Tssc4_129,Maternal,Tssc4,Imprinted,Maternal,WT_F3,631,WT Female,9.303780748177102
Tssc4_129,Maternal,Tssc4,Imprinted,Maternal,HT_F1,1001,HT Female,9.968666793195208
Tssc4_129,Maternal,Tssc4,Imprinted,Maternal,HT_F2,513,HT Female,9.005624549193879
Tssc4_129,Maternal,Tssc4,Imprinted,Maternal,HT_F3,402,HT Female,8.654636028527968
Tssc4_129,Maternal,Tssc4,Imprinted,Maternal,KO_M1,550,KO Male,9.105908508571158
Tssc4_129,Maternal,Tssc4,Imprinted,Maternal,KO_M2,446,KO Male,8.804131021183318
Tssc4_129,Maternal,Tssc4,Imprinted,Maternal,KO_M3,705,KO Male,9.46352437327118
Tssc4_JF1,Paternal,Tssc4,Imprinted,Maternal,WT_M1,554,WT Male,9.116343961237469
Tssc4_JF1,Paternal,Tssc4,Imprinted,Maternal,WT_M2,729,WT Male,9.51175265376738
Tssc4_JF1,Paternal,Tssc4,Imprinted,Maternal,WT_M3,264,WT Male,8.049848549450562
Tssc4_JF1,Paternal,Tssc4,Imprinted,Maternal,WT_F1,637,WT Female,9.31741261376487
Tssc4_JF1,Paternal,Tssc4,Imprinted,Maternal,WT_F2,444,WT Female,8.79766152585376
Tssc4_JF1,Paternal,Tssc4,Imprinted,Maternal,WT_F3,631,WT Female,9.303780748177102
Tssc4_JF1,Paternal,Tssc4,Imprinted,Maternal,HT_F1,925,HT Female,9.854868383260236
Tssc4_JF1,Paternal,Tssc4,Imprinted,Maternal,HT_F2,540,HT Female,9.079484783826816
Tssc4_JF1,Paternal,Tssc4,Imprinted,Maternal,HT_F3,562,HT Female,9.13699111208023
Tssc4_JF1,Paternal,Tssc4,Imprinted,Maternal,KO_M1,649,KO Male,9.344295907915816
Tssc4_JF1,Paternal,Tssc4,Imprinted,Maternal,KO_M2,517,KO Male,9.016808287686555
Tssc4_JF1,Paternal,Tssc4,Imprinted,Maternal,KO_M3,512,KO Male,9.002815015607053
Ube3a_129,Maternal,Ube3a,Imprinted,Maternal,WT_M1,11469,WT Male,13.485577770903188
Ube3a_129,Maternal,Ube3a,Imprinted,Maternal,WT_M2,18968,WT Male,14.211356004895151
Ube3a_129,Maternal,Ube3a,Imprinted,Maternal,WT_M3,8592,WT Male,13.068946179648783
Ube3a_129,Maternal,Ube3a,Imprinted,Maternal,WT_F1,11421,WT Female,13.479527669256347
Ube3a_129,Maternal,Ube3a,Imprinted,Maternal,WT_F2,11333,WT Female,13.468369487109525
Ube3a_129,Maternal,Ube3a,Imprinted,Maternal,WT_F3,12598,WT Female,13.621021609124346
Ube3a_129,Maternal,Ube3a,Imprinted,Maternal,HT_F1,20929,HT Female,14.353284691143072
Ube3a_129,Maternal,Ube3a,Imprinted,Maternal,HT_F2,12201,HT Female,13.57483001533763
Ube3a_129,Maternal,Ube3a,Imprinted,Maternal,HT_F3,12512,HT Female,13.611140097610383
Ube3a_129,Maternal,Ube3a,Imprinted,Maternal,KO_M1,6356,KO Male,12.634130373093326
Ube3a_129,Maternal,Ube3a,Imprinted,Maternal,KO_M2,12587,KO Male,13.619761463298424
Ube3a_129,Maternal,Ube3a,Imprinted,Maternal,KO_M3,13282,KO Male,13.697293399452
Ube3a_JF1,Paternal,Ube3a,Imprinted,Maternal,WT_M1,13921,WT Male,13.765078859616684
Ube3a_JF1,Paternal,Ube3a,Imprinted,Maternal,WT_M2,17101,WT Male,14.061877431055866
Ube3a_JF1,Paternal,Ube3a,Imprinted,Maternal,WT_M3,7010,WT Male,12.775404519503981
Ube3a_JF1,Paternal,Ube3a,Imprinted,Maternal,WT_F1,12660,WT Female,13.628103736769528
Ube3a_JF1,Paternal,Ube3a,Imprinted,Maternal,WT_F2,10411,WT Female,13.345959596404112
Ube3a_JF1,Paternal,Ube3a,Imprinted,Maternal,WT_F3,15266,WT Female,13.898128976698354
Ube3a_JF1,Paternal,Ube3a,Imprinted,Maternal,HT_F1,17122,HT Female,14.063647867851238
Ube3a_JF1,Paternal,Ube3a,Imprinted,Maternal,HT_F2,9565,HT Female,13.223700075986306
Ube3a_JF1,Paternal,Ube3a,Imprinted,Maternal,HT_F3,11768,HT Female,13.522704120798252
Ube3a_JF1,Paternal,Ube3a,Imprinted,Maternal,KO_M1,5072,KO Male,12.30862344513114
Ube3a_JF1,Paternal,Ube3a,Imprinted,Maternal,KO_M2,10789,KO Male,13.39740724437538
Ube3a_JF1,Paternal,Ube3a,Imprinted,Maternal,KO_M3,11722,KO Male,13.517054192593003
Usp29_129,Maternal,Usp29,Imprinted,Paternal,WT_M1,219,WT Male,7.78135971352466
Usp29_129,Maternal,Usp29,Imprinted,Paternal,WT_M2,750,WT Male,9.552669097514272
Usp29_129,Maternal,Usp29,Imprinted,Paternal,WT_M3,150,WT Male,7.2384047393250786
Usp29_129,Maternal,Usp29,Imprinted,Paternal,WT_F1,286,WT Female,8.164906926675688
Usp29_129,Maternal,Usp29,Imprinted,Paternal,WT_F2,219,WT Female,7.78135971352466
Usp29_129,Maternal,Usp29,Imprinted,Paternal,WT_F3,480,WT Female,8.909893083770042
Usp29_129,Maternal,Usp29,Imprinted,Paternal,HT_F1,637,HT Female,9.31741261376487
Usp29_129,Maternal,Usp29,Imprinted,Paternal,HT_F2,189,HT Female,7.569855608330948
Usp29_129,Maternal,Usp29,Imprinted,Paternal,HT_F3,270,HT Female,8.08214904135387
Usp29_129,Maternal,Usp29,Imprinted,Paternal,KO_M1,253,KO Male,7.9886846867721655
Usp29_129,Maternal,Usp29,Imprinted,Paternal,KO_M2,317,KO Male,8.312882955284355
Usp29_129,Maternal,Usp29,Imprinted,Paternal,KO_M3,250,KO Male,7.971543553950772
Usp29_JF1,Paternal,Usp29,Imprinted,Paternal,WT_M1,3282,WT Male,11.680799034572981
Usp29_JF1,Paternal,Usp29,Imprinted,Paternal,WT_M2,5587,WT Male,12.448116305409464
Usp29_JF1,Paternal,Usp29,Imprinted,Paternal,WT_M3,2243,WT Male,11.131856960608793
Usp29_JF1,Paternal,Usp29,Imprinted,Paternal,WT_F1,4030,WT Female,11.97692206785108
Usp29_JF1,Paternal,Usp29,Imprinted,Paternal,WT_F2,3071,WT Female,11.584962500721156
Usp29_JF1,Paternal,Usp29,Imprinted,Paternal,WT_F3,3962,WT Female,11.952377251967985
Usp29_JF1,Paternal,Usp29,Imprinted,Paternal,HT_F1,11593,HT Female,13.501090770274512
Usp29_JF1,Paternal,Usp29,Imprinted,Paternal,HT_F2,2765,HT Female,11.433585441150495
Usp29_JF1,Paternal,Usp29,Imprinted,Paternal,HT_F3,3519,HT Female,11.78135971352466
Usp29_JF1,Paternal,Usp29,Imprinted,Paternal,KO_M1,2028,KO Male,10.98655314975666
Usp29_JF1,Paternal,Usp29,Imprinted,Paternal,KO_M2,4390,KO Male,12.100333819126542
Usp29_JF1,Paternal,Usp29,Imprinted,Paternal,KO_M3,3745,KO Male,11.871135184243045
Wt1_129,Maternal,Wt1,Tissue Dependent,Maternal,WT_M1,2,WT Male,1.584962500721156
Wt1_129,Maternal,Wt1,Tissue Dependent,Maternal,WT_M2,1,WT Male,1
Wt1_129,Maternal,Wt1,Tissue Dependent,Maternal,WT_M3,0,WT Male,0
Wt1_129,Maternal,Wt1,Tissue Dependent,Maternal,WT_F1,0,WT Female,0
Wt1_129,Maternal,Wt1,Tissue Dependent,Maternal,WT_F2,1,WT Female,1
Wt1_129,Maternal,Wt1,Tissue Dependent,Maternal,WT_F3,1,WT Female,1
Wt1_129,Maternal,Wt1,Tissue Dependent,Maternal,HT_F1,1,HT Female,1
Wt1_129,Maternal,Wt1,Tissue Dependent,Maternal,HT_F2,3,HT Female,2
Wt1_129,Maternal,Wt1,Tissue Dependent,Maternal,HT_F3,1,HT Female,1
Wt1_129,Maternal,Wt1,Tissue Dependent,Maternal,KO_M1,0,KO Male,0
Wt1_129,Maternal,Wt1,Tissue Dependent,Maternal,KO_M2,0,KO Male,0
Wt1_129,Maternal,Wt1,Tissue Dependent,Maternal,KO_M3,0,KO Male,0
Wt1_JF1,Paternal,Wt1,Tissue Dependent,Maternal,WT_M1,0,WT Male,0
Wt1_JF1,Paternal,Wt1,Tissue Dependent,Maternal,WT_M2,0,WT Male,0
Wt1_JF1,Paternal,Wt1,Tissue Dependent,Maternal,WT_M3,0,WT Male,0
Wt1_JF1,Paternal,Wt1,Tissue Dependent,Maternal,WT_F1,0,WT Female,0
Wt1_JF1,Paternal,Wt1,Tissue Dependent,Maternal,WT_F2,0,WT Female,0
Wt1_JF1,Paternal,Wt1,Tissue Dependent,Maternal,WT_F3,0,WT Female,0
Wt1_JF1,Paternal,Wt1,Tissue Dependent,Maternal,HT_F1,0,HT Female,0
Wt1_JF1,Paternal,Wt1,Tissue Dependent,Maternal,HT_F2,0,HT Female,0
Wt1_JF1,Paternal,Wt1,Tissue Dependent,Maternal,HT_F3,0,HT Female,0
Wt1_JF1,Paternal,Wt1,Tissue Dependent,Maternal,KO_M1,0,KO Male,0
Wt1_JF1,Paternal,Wt1,Tissue Dependent,Maternal,KO_M2,0,KO Male,0
Wt1_JF1,Paternal,Wt1,Tissue Dependent,Maternal,KO_M3,0,KO Male,0
Xist_129,Maternal,Xist,Imprinted,Paternal,WT_M1,61,WT Male,5.954196310386875
Xist_129,Maternal,Xist,Imprinted,Paternal,WT_M2,3,WT Male,2
Xist_129,Maternal,Xist,Imprinted,Paternal,WT_M3,4,WT Male,2.321928094887362
Xist_129,Maternal,Xist,Imprinted,Paternal,WT_F1,24001,WT Female,14.550867004960905
Xist_129,Maternal,Xist,Imprinted,Paternal,WT_F2,20439,WT Female,14.319107575824983
Xist_129,Maternal,Xist,Imprinted,Paternal,WT_F3,30655,WT Female,14.90388184573618
Xist_129,Maternal,Xist,Imprinted,Paternal,HT_F1,33513,HT Female,15.032476266502742
Xist_129,Maternal,Xist,Imprinted,Paternal,HT_F2,23390,HT Female,14.513665919914512
Xist_129,Maternal,Xist,Imprinted,Paternal,HT_F3,19681,HT Female,14.264589208126823
Xist_129,Maternal,Xist,Imprinted,Paternal,KO_M1,1,KO Male,1
Xist_129,Maternal,Xist,Imprinted,Paternal,KO_M2,0,KO Male,0
Xist_129,Maternal,Xist,Imprinted,Paternal,KO_M3,32,KO Male,5.044394119358453
Xist_JF1,Paternal,Xist,Imprinted,Paternal,WT_M1,0,WT Male,0
Xist_JF1,Paternal,Xist,Imprinted,Paternal,WT_M2,0,WT Male,0
Xist_JF1,Paternal,Xist,Imprinted,Paternal,WT_M3,0,WT Male,0
Xist_JF1,Paternal,Xist,Imprinted,Paternal,WT_F1,35366,WT Female,15.110116227406996
Xist_JF1,Paternal,Xist,Imprinted,Paternal,WT_F2,24204,WT Female,14.563017473748218
Xist_JF1,Paternal,Xist,Imprinted,Paternal,WT_F3,25361,WT Female,14.63038089775195
Xist_JF1,Paternal,Xist,Imprinted,Paternal,HT_F1,44269,HT Female,15.434041752985229
Xist_JF1,Paternal,Xist,Imprinted,Paternal,HT_F2,15095,HT Female,13.881878707600446
Xist_JF1,Paternal,Xist,Imprinted,Paternal,HT_F3,41816,HT Female,15.351801944576657
Xist_JF1,Paternal,Xist,Imprinted,Paternal,KO_M1,0,KO Male,0
Xist_JF1,Paternal,Xist,Imprinted,Paternal,KO_M2,0,KO Male,0
Xist_JF1,Paternal,Xist,Imprinted,Paternal,KO_M3,0,KO Male,0
Xlr3b_129,Maternal,Xlr3b,Imprinted,Maternal,WT_M1,40,WT Male,5.357552004618084
Xlr3b_129,Maternal,Xlr3b,Imprinted,Maternal,WT_M2,236,WT Male,7.888743248898259
Xlr3b_129,Maternal,Xlr3b,Imprinted,Maternal,WT_M3,73,WT Male,6.20945336562895
Xlr3b_129,Maternal,Xlr3b,Imprinted,Maternal,WT_F1,68,WT Female,6.108524456778169
Xlr3b_129,Maternal,Xlr3b,Imprinted,Maternal,WT_F2,5,WT Female,2.584962500721156
Xlr3b_129,Maternal,Xlr3b,Imprinted,Maternal,WT_F3,114,WT Female,6.845490050944375
Xlr3b_129,Maternal,Xlr3b,Imprinted,Maternal,HT_F1,264,HT Female,8.049848549450562
Xlr3b_129,Maternal,Xlr3b,Imprinted,Maternal,HT_F2,83,HT Female,6.392317422778761
Xlr3b_129,Maternal,Xlr3b,Imprinted,Maternal,HT_F3,239,HT Female,7.906890595608519
Xlr3b_129,Maternal,Xlr3b,Imprinted,Maternal,KO_M1,62,KO Male,5.977279923499917
Xlr3b_129,Maternal,Xlr3b,Imprinted,Maternal,KO_M2,146,KO Male,7.199672344836364
Xlr3b_129,Maternal,Xlr3b,Imprinted,Maternal,KO_M3,240,KO Male,7.912889336229962
Xlr3b_JF1,Paternal,Xlr3b,Imprinted,Maternal,WT_M1,0,WT Male,0
Xlr3b_JF1,Paternal,Xlr3b,Imprinted,Maternal,WT_M2,0,WT Male,0
Xlr3b_JF1,Paternal,Xlr3b,Imprinted,Maternal,WT_M3,0,WT Male,0
Xlr3b_JF1,Paternal,Xlr3b,Imprinted,Maternal,WT_F1,8,WT Female,3.169925001442312
Xlr3b_JF1,Paternal,Xlr3b,Imprinted,Maternal,WT_F2,0,WT Female,0
Xlr3b_JF1,Paternal,Xlr3b,Imprinted,Maternal,WT_F3,0,WT Female,0
Xlr3b_JF1,Paternal,Xlr3b,Imprinted,Maternal,HT_F1,3,HT Female,2
Xlr3b_JF1,Paternal,Xlr3b,Imprinted,Maternal,HT_F2,0,HT Female,0
Xlr3b_JF1,Paternal,Xlr3b,Imprinted,Maternal,HT_F3,0,HT Female,0
Xlr3b_JF1,Paternal,Xlr3b,Imprinted,Maternal,KO_M1,0,KO Male,0
Xlr3b_JF1,Paternal,Xlr3b,Imprinted,Maternal,KO_M2,0,KO Male,0
Xlr3b_JF1,Paternal,Xlr3b,Imprinted,Maternal,KO_M3,0,KO Male,0
Zdbf2_129,Maternal,Zdbf2,Imprinted,Paternal,WT_M1,2,WT Male,1.584962500721156
Zdbf2_129,Maternal,Zdbf2,Imprinted,Paternal,WT_M2,0,WT Male,0
Zdbf2_129,Maternal,Zdbf2,Imprinted,Paternal,WT_M3,3,WT Male,2
Zdbf2_129,Maternal,Zdbf2,Imprinted,Paternal,WT_F1,2,WT Female,1.584962500721156
Zdbf2_129,Maternal,Zdbf2,Imprinted,Paternal,WT_F2,10,WT Female,3.4594316186372973
Zdbf2_129,Maternal,Zdbf2,Imprinted,Paternal,WT_F3,0,WT Female,0
Zdbf2_129,Maternal,Zdbf2,Imprinted,Paternal,HT_F1,12,HT Female,3.700439718141092
Zdbf2_129,Maternal,Zdbf2,Imprinted,Paternal,HT_F2,0,HT Female,0
Zdbf2_129,Maternal,Zdbf2,Imprinted,Paternal,HT_F3,9,HT Female,3.321928094887362
Zdbf2_129,Maternal,Zdbf2,Imprinted,Paternal,KO_M1,3,KO Male,2
Zdbf2_129,Maternal,Zdbf2,Imprinted,Paternal,KO_M2,13,KO Male,3.807354922057604
Zdbf2_129,Maternal,Zdbf2,Imprinted,Paternal,KO_M3,0,KO Male,0
Zdbf2_JF1,Paternal,Zdbf2,Imprinted,Paternal,WT_M1,2393,WT Male,11.225207436943501
Zdbf2_JF1,Paternal,Zdbf2,Imprinted,Paternal,WT_M2,3672,WT Male,11.842743180731658
Zdbf2_JF1,Paternal,Zdbf2,Imprinted,Paternal,WT_M3,1560,WT Male,10.608254821977908
Zdbf2_JF1,Paternal,Zdbf2,Imprinted,Paternal,WT_F1,2968,WT Female,11.535761377986656
Zdbf2_JF1,Paternal,Zdbf2,Imprinted,Paternal,WT_F2,2782,WT Female,11.442425193331607
Zdbf2_JF1,Paternal,Zdbf2,Imprinted,Paternal,WT_F3,3961,WT Female,11.952013164889486
Zdbf2_JF1,Paternal,Zdbf2,Imprinted,Paternal,HT_F1,10884,HT Female,13.410053787075569
Zdbf2_JF1,Paternal,Zdbf2,Imprinted,Paternal,HT_F2,2779,HT Female,11.44086916761087
Zdbf2_JF1,Paternal,Zdbf2,Imprinted,Paternal,HT_F3,2423,HT Female,11.243173983472952
Zdbf2_JF1,Paternal,Zdbf2,Imprinted,Paternal,KO_M1,3348,KO Male,11.709514660706716
Zdbf2_JF1,Paternal,Zdbf2,Imprinted,Paternal,KO_M2,4369,KO Male,12.093417564387961
Zdbf2_JF1,Paternal,Zdbf2,Imprinted,Paternal,KO_M3,3759,KO Male,11.876516946565
Zfp64_129,Maternal,Zfp64,Imprinted,Paternal,WT_M1,301,WT Male,8.238404739325079
Zfp64_129,Maternal,Zfp64,Imprinted,Paternal,WT_M2,492,WT Male,8.945443836377912
Zfp64_129,Maternal,Zfp64,Imprinted,Paternal,WT_M3,257,WT Male,8.011227255423254
Zfp64_129,Maternal,Zfp64,Imprinted,Paternal,WT_F1,387,WT Female,8.599912842187127
Zfp64_129,Maternal,Zfp64,Imprinted,Paternal,WT_F2,204,WT Female,7.679480099505446
Zfp64_129,Maternal,Zfp64,Imprinted,Paternal,WT_F3,373,WT Female,8.546894459887637
Zfp64_129,Maternal,Zfp64,Imprinted,Paternal,HT_F1,592,HT Female,9.211888294546004
Zfp64_129,Maternal,Zfp64,Imprinted,Paternal,HT_F2,356,HT Female,8.479780264029099
Zfp64_129,Maternal,Zfp64,Imprinted,Paternal,HT_F3,331,HT Female,8.375039431346925
Zfp64_129,Maternal,Zfp64,Imprinted,Paternal,KO_M1,184,KO Male,7.531381460516312
Zfp64_129,Maternal,Zfp64,Imprinted,Paternal,KO_M2,352,KO Male,8.46352437327118
Zfp64_129,Maternal,Zfp64,Imprinted,Paternal,KO_M3,321,KO Male,8.330916878114618
Zfp64_JF1,Paternal,Zfp64,Imprinted,Paternal,WT_M1,258,WT Male,8.016808287686555
Zfp64_JF1,Paternal,Zfp64,Imprinted,Paternal,WT_M2,466,WT Male,8.867278739709661
Zfp64_JF1,Paternal,Zfp64,Imprinted,Paternal,WT_M3,145,WT Male,7.189824558880018
Zfp64_JF1,Paternal,Zfp64,Imprinted,Paternal,WT_F1,231,WT Female,7.857980995127572
Zfp64_JF1,Paternal,Zfp64,Imprinted,Paternal,WT_F2,266,WT Female,8.060695931687555
Zfp64_JF1,Paternal,Zfp64,Imprinted,Paternal,WT_F3,251,WT Female,7.977279923499917
Zfp64_JF1,Paternal,Zfp64,Imprinted,Paternal,HT_F1,359,HT Female,8.491853096329674
Zfp64_JF1,Paternal,Zfp64,Imprinted,Paternal,HT_F2,235,HT Female,7.882643049361842
Zfp64_JF1,Paternal,Zfp64,Imprinted,Paternal,HT_F3,243,HT Female,7.930737337562887
Zfp64_JF1,Paternal,Zfp64,Imprinted,Paternal,KO_M1,113,KO Male,6.832890014164741
Zfp64_JF1,Paternal,Zfp64,Imprinted,Paternal,KO_M2,224,KO Male,7.813781191217037
Zfp64_JF1,Paternal,Zfp64,Imprinted,Paternal,KO_M3,244,KO Male,7.936637939002571
Zim1_129,Maternal,Zim1,Imprinted,Maternal,WT_M1,79,WT Male,6.321928094887363
Zim1_129,Maternal,Zim1,Imprinted,Maternal,WT_M2,184,WT Male,7.531381460516312
Zim1_129,Maternal,Zim1,Imprinted,Maternal,WT_M3,71,WT Male,6.169925001442312
Zim1_129,Maternal,Zim1,Imprinted,Maternal,WT_F1,145,WT Female,7.189824558880018
Zim1_129,Maternal,Zim1,Imprinted,Maternal,WT_F2,97,WT Female,6.614709844115208
Zim1_129,Maternal,Zim1,Imprinted,Maternal,WT_F3,174,WT Female,7.451211111832329
Zim1_129,Maternal,Zim1,Imprinted,Maternal,HT_F1,1109,HT Female,10.116343961237469
Zim1_129,Maternal,Zim1,Imprinted,Maternal,HT_F2,105,HT Female,6.727920454563199
Zim1_129,Maternal,Zim1,Imprinted,Maternal,HT_F3,73,HT Female,6.20945336562895
Zim1_129,Maternal,Zim1,Imprinted,Maternal,KO_M1,128,KO Male,7.011227255423254
Zim1_129,Maternal,Zim1,Imprinted,Maternal,KO_M2,123,KO Male,6.954196310386875
Zim1_129,Maternal,Zim1,Imprinted,Maternal,KO_M3,103,KO Male,6.700439718141092
Zim1_JF1,Paternal,Zim1,Imprinted,Maternal,WT_M1,91,WT Male,6.523561956057013
Zim1_JF1,Paternal,Zim1,Imprinted,Maternal,WT_M2,159,WT Male,7.321928094887363
Zim1_JF1,Paternal,Zim1,Imprinted,Maternal,WT_M3,65,WT Male,6.044394119358453
Zim1_JF1,Paternal,Zim1,Imprinted,Maternal,WT_F1,109,WT Female,6.78135971352466
Zim1_JF1,Paternal,Zim1,Imprinted,Maternal,WT_F2,145,WT Female,7.189824558880018
Zim1_JF1,Paternal,Zim1,Imprinted,Maternal,WT_F3,145,WT Female,7.189824558880018
Zim1_JF1,Paternal,Zim1,Imprinted,Maternal,HT_F1,247,HT Female,7.954196310386875
Zim1_JF1,Paternal,Zim1,Imprinted,Maternal,HT_F2,69,HT Female,6.129283016944966
Zim1_JF1,Paternal,Zim1,Imprinted,Maternal,HT_F3,113,HT Female,6.832890014164741
Zim1_JF1,Paternal,Zim1,Imprinted,Maternal,KO_M1,41,KO Male,5.392317422778761
Zim1_JF1,Paternal,Zim1,Imprinted,Maternal,KO_M2,98,KO Male,6.6293566200796095
Zim1_JF1,Paternal,Zim1,Imprinted,Maternal,KO_M3,57,KO Male,5.857980995127572
Zim2_129,Maternal,Zim2,Imprinted,Maternal,WT_M1,0,WT Male,0
Zim2_129,Maternal,Zim2,Imprinted,Maternal,WT_M2,2,WT Male,1.584962500721156
Zim2_129,Maternal,Zim2,Imprinted,Maternal,WT_M3,1,WT Male,1
Zim2_129,Maternal,Zim2,Imprinted,Maternal,WT_F1,7,WT Female,3
Zim2_129,Maternal,Zim2,Imprinted,Maternal,WT_F2,0,WT Female,0
Zim2_129,Maternal,Zim2,Imprinted,Maternal,WT_F3,0,WT Female,0
Zim2_129,Maternal,Zim2,Imprinted,Maternal,HT_F1,4,HT Female,2.321928094887362
Zim2_129,Maternal,Zim2,Imprinted,Maternal,HT_F2,0,HT Female,0
Zim2_129,Maternal,Zim2,Imprinted,Maternal,HT_F3,2,HT Female,1.584962500721156
Zim2_129,Maternal,Zim2,Imprinted,Maternal,KO_M1,2,KO Male,1.584962500721156
Zim2_129,Maternal,Zim2,Imprinted,Maternal,KO_M2,2,KO Male,1.584962500721156
Zim2_129,Maternal,Zim2,Imprinted,Maternal,KO_M3,2,KO Male,1.584962500721156
Zim2_JF1,Paternal,Zim2,Imprinted,Maternal,WT_M1,0,WT Male,0
Zim2_JF1,Paternal,Zim2,Imprinted,Maternal,WT_M2,0,WT Male,0
Zim2_JF1,Paternal,Zim2,Imprinted,Maternal,WT_M3,0,WT Male,0
Zim2_JF1,Paternal,Zim2,Imprinted,Maternal,WT_F1,0,WT Female,0
Zim2_JF1,Paternal,Zim2,Imprinted,Maternal,WT_F2,0,WT Female,0
Zim2_JF1,Paternal,Zim2,Imprinted,Maternal,WT_F3,0,WT Female,0
Zim2_JF1,Paternal,Zim2,Imprinted,Maternal,HT_F1,0,HT Female,0
Zim2_JF1,Paternal,Zim2,Imprinted,Maternal,HT_F2,0,HT Female,0
Zim2_JF1,Paternal,Zim2,Imprinted,Maternal,HT_F3,0,HT Female,0
Zim2_JF1,Paternal,Zim2,Imprinted,Maternal,KO_M1,0,KO Male,0
Zim2_JF1,Paternal,Zim2,Imprinted,Maternal,KO_M2,0,KO Male,0
Zim2_JF1,Paternal,Zim2,Imprinted,Maternal,KO_M3,0,KO Male,0
Zim3_129,Maternal,Zim3,Imprinted,Maternal,WT_M1,3,WT Male,2
Zim3_129,Maternal,Zim3,Imprinted,Maternal,WT_M2,7,WT Male,3
Zim3_129,Maternal,Zim3,Imprinted,Maternal,WT_M3,2,WT Male,1.584962500721156
Zim3_129,Maternal,Zim3,Imprinted,Maternal,WT_F1,7,WT Female,3
Zim3_129,Maternal,Zim3,Imprinted,Maternal,WT_F2,6,WT Female,2.807354922057604
Zim3_129,Maternal,Zim3,Imprinted,Maternal,WT_F3,2,WT Female,1.584962500721156
Zim3_129,Maternal,Zim3,Imprinted,Maternal,HT_F1,26,HT Female,4.754887502163468
Zim3_129,Maternal,Zim3,Imprinted,Maternal,HT_F2,5,HT Female,2.584962500721156
Zim3_129,Maternal,Zim3,Imprinted,Maternal,HT_F3,9,HT Female,3.321928094887362
Zim3_129,Maternal,Zim3,Imprinted,Maternal,KO_M1,4,KO Male,2.321928094887362
Zim3_129,Maternal,Zim3,Imprinted,Maternal,KO_M2,4,KO Male,2.321928094887362
Zim3_129,Maternal,Zim3,Imprinted,Maternal,KO_M3,6,KO Male,2.807354922057604
Zim3_JF1,Paternal,Zim3,Imprinted,Maternal,WT_M1,0,WT Male,0
Zim3_JF1,Paternal,Zim3,Imprinted,Maternal,WT_M2,0,WT Male,0
Zim3_JF1,Paternal,Zim3,Imprinted,Maternal,WT_M3,0,WT Male,0
Zim3_JF1,Paternal,Zim3,Imprinted,Maternal,WT_F1,0,WT Female,0
Zim3_JF1,Paternal,Zim3,Imprinted,Maternal,WT_F2,0,WT Female,0
Zim3_JF1,Paternal,Zim3,Imprinted,Maternal,WT_F3,0,WT Female,0
Zim3_JF1,Paternal,Zim3,Imprinted,Maternal,HT_F1,0,HT Female,0
Zim3_JF1,Paternal,Zim3,Imprinted,Maternal,HT_F2,0,HT Female,0
Zim3_JF1,Paternal,Zim3,Imprinted,Maternal,HT_F3,0,HT Female,0
Zim3_JF1,Paternal,Zim3,Imprinted,Maternal,KO_M1,0,KO Male,0
Zim3_JF1,Paternal,Zim3,Imprinted,Maternal,KO_M2,0,KO Male,0
Zim3_JF1,Paternal,Zim3,Imprinted,Maternal,KO_M3,0,KO Male,0
